iso2,country,year,wage_median_eur,source
AD,Andorra,2025,2138,ratio_estimate
AL,Albania,2018,300,ses_survey
AL,Albania,2019,332,ses_interpolated
AL,Albania,2020,364,ses_interpolated
AL,Albania,2021,396,ses_interpolated
AL,Albania,2022,428,ses_survey
AM,Armenia,1999,26,ratio_estimate
AM,Armenia,2000,34,ratio_estimate
AM,Armenia,2001,37,ratio_estimate
AM,Armenia,2002,38,ratio_estimate
AM,Armenia,2003,40,ratio_estimate
AM,Armenia,2004,49,ratio_estimate
AM,Armenia,2005,68,ratio_estimate
AM,Armenia,2006,89,ratio_estimate
AM,Armenia,2007,118,ratio_estimate
AM,Armenia,2008,146,ratio_estimate
AM,Armenia,2009,142,ratio_estimate
AM,Armenia,2010,155,ratio_estimate
AM,Armenia,2011,156,ratio_estimate
AM,Armenia,2013,202,ratio_estimate
AM,Armenia,2014,215,ratio_estimate
AM,Armenia,2016,246,ratio_estimate
AM,Armenia,2017,244,ratio_estimate
AM,Armenia,2018,227,ratio_estimate
AM,Armenia,2019,255,ratio_estimate
AM,Armenia,2020,255,ratio_estimate
AM,Armenia,2021,256,ratio_estimate
AM,Armenia,2022,385,ratio_estimate
AM,Armenia,2023,477,ratio_estimate
AM,Armenia,2024,507,ratio_estimate
AM,Armenia,2025,520,ratio_estimate
AM,Armenia,2026,582,ratio_estimate
AM,Armenia,2027,614,ratio_estimate
AM,Armenia,2028,650,ratio_estimate
AM,Armenia,2029,699,ratio_estimate
AM,Armenia,2030,753,ratio_estimate
AM,Armenia,2031,811,ratio_estimate
AT,Austria,2006,2130,ses_survey
AT,Austria,2007,2187,ses_interpolated
AT,Austria,2008,2244,ses_interpolated
AT,Austria,2009,2302,ses_interpolated
AT,Austria,2010,2359,ses_survey
AT,Austria,2011,2400,ses_interpolated
AT,Austria,2012,2440,ses_interpolated
AT,Austria,2013,2480,ses_interpolated
AT,Austria,2014,2521,ses_survey
AT,Austria,2015,2572,ses_interpolated
AT,Austria,2016,2624,ses_interpolated
AT,Austria,2017,2675,ses_interpolated
AT,Austria,2018,2726,ses_survey
AT,Austria,2019,2823,ses_interpolated
AT,Austria,2020,2920,ses_interpolated
AT,Austria,2021,3016,ses_interpolated
AT,Austria,2022,3113,ses_survey
AT,Austria,2023,3325,ses_extrapolated
AT,Austria,2024,3566,ses_extrapolated
AT,Austria,2025,3702,ses_extrapolated
AT,Austria,2026,3927,ses_projected
AT,Austria,2027,4147,ses_projected
AT,Austria,2028,4379,ses_projected
AT,Austria,2029,4624,ses_projected
AT,Austria,2030,4882,ses_projected
AT,Austria,2031,5155,ses_projected
AZ,Azerbaijan,2025,412,ratio_estimate
BA,Bosnia and Herzegovina,2022,883,ses_survey
BA,Bosnia and Herzegovina,2023,988,ses_extrapolated
BA,Bosnia and Herzegovina,2024,1087,ses_extrapolated
BA,Bosnia and Herzegovina,2025,1276,ses_projected
BA,Bosnia and Herzegovina,2026,1459,ses_projected
BA,Bosnia and Herzegovina,2027,1668,ses_projected
BA,Bosnia and Herzegovina,2028,1906,ses_projected
BA,Bosnia and Herzegovina,2029,2178,ses_projected
BA,Bosnia and Herzegovina,2030,2487,ses_projected
BA,Bosnia and Herzegovina,2031,2839,ses_projected
BE,Belgium,2006,2418,ses_survey
BE,Belgium,2007,2511,ses_interpolated
BE,Belgium,2008,2604,ses_interpolated
BE,Belgium,2009,2696,ses_interpolated
BE,Belgium,2010,2789,ses_survey
BE,Belgium,2011,2827,ses_interpolated
BE,Belgium,2012,2866,ses_interpolated
BE,Belgium,2013,2904,ses_interpolated
BE,Belgium,2014,2942,ses_survey
BE,Belgium,2015,2968,ses_interpolated
BE,Belgium,2016,2994,ses_interpolated
BE,Belgium,2017,3019,ses_interpolated
BE,Belgium,2018,3045,ses_survey
BE,Belgium,2019,3288,ses_interpolated
BE,Belgium,2020,3532,ses_interpolated
BE,Belgium,2021,3776,ses_interpolated
BE,Belgium,2022,4019,ses_survey
BE,Belgium,2023,4322,ses_extrapolated
BE,Belgium,2024,4468,ses_extrapolated
BE,Belgium,2025,4614,ses_extrapolated
BE,Belgium,2026,4923,ses_projected
BE,Belgium,2027,5178,ses_projected
BE,Belgium,2028,5447,ses_projected
BE,Belgium,2029,5730,ses_projected
BE,Belgium,2030,6028,ses_projected
BE,Belgium,2031,6341,ses_projected
BG,Bulgaria,2006,144,ses_survey
BG,Bulgaria,2007,176,ses_interpolated
BG,Bulgaria,2008,208,ses_interpolated
BG,Bulgaria,2009,239,ses_interpolated
BG,Bulgaria,2010,271,ses_survey
BG,Bulgaria,2011,277,ses_interpolated
BG,Bulgaria,2012,284,ses_interpolated
BG,Bulgaria,2013,290,ses_interpolated
BG,Bulgaria,2014,296,ses_survey
BG,Bulgaria,2015,328,ses_interpolated
BG,Bulgaria,2016,360,ses_interpolated
BG,Bulgaria,2017,392,ses_interpolated
BG,Bulgaria,2018,424,ses_survey
BG,Bulgaria,2019,495,ses_interpolated
BG,Bulgaria,2020,566,ses_interpolated
BG,Bulgaria,2021,636,ses_interpolated
BG,Bulgaria,2022,707,ses_survey
BG,Bulgaria,2023,802,ses_extrapolated
BG,Bulgaria,2024,915,ses_extrapolated
BG,Bulgaria,2025,1010,ses_extrapolated
BG,Bulgaria,2026,1144,ses_projected
BG,Bulgaria,2027,1287,ses_projected
BG,Bulgaria,2028,1449,ses_projected
BG,Bulgaria,2029,1630,ses_projected
BG,Bulgaria,2030,1834,ses_projected
BG,Bulgaria,2031,2064,ses_projected
BY,Belarus,2000,36,ratio_estimate
BY,Belarus,2001,58,ratio_estimate
BY,Belarus,2002,67,ratio_estimate
BY,Belarus,2003,69,ratio_estimate
BY,Belarus,2004,89,ratio_estimate
BY,Belarus,2005,112,ratio_estimate
BY,Belarus,2006,136,ratio_estimate
BY,Belarus,2007,155,ratio_estimate
BY,Belarus,2008,192,ratio_estimate
BY,Belarus,2009,175,ratio_estimate
BY,Belarus,2010,214,ratio_estimate
BY,Belarus,2011,184,ratio_estimate
BY,Belarus,2012,236,ratio_estimate
BY,Belarus,2013,294,ratio_estimate
BY,Belarus,2014,301,ratio_estimate
BY,Belarus,2015,243,ratio_estimate
BY,Belarus,2017,248,ratio_estimate
BY,Belarus,2018,276,ratio_estimate
BY,Belarus,2019,318,ratio_estimate
BY,Belarus,2020,305,ratio_estimate
BY,Belarus,2021,326,ratio_estimate
BY,Belarus,2022,378,ratio_estimate
BY,Belarus,2023,399,ratio_estimate
BY,Belarus,2024,437,ratio_estimate
BY,Belarus,2025,506,ratio_estimate
BY,Belarus,2026,532,ratio_estimate
BY,Belarus,2027,564,ratio_estimate
BY,Belarus,2028,597,ratio_estimate
BY,Belarus,2029,639,ratio_estimate
BY,Belarus,2030,677,ratio_estimate
BY,Belarus,2031,714,ratio_estimate
CH,Switzerland,2008,3068,national_office
CH,Switzerland,2009,3377,ses_interpolated
CH,Switzerland,2010,3686,national_office
CH,Switzerland,2011,4010,ses_interpolated
CH,Switzerland,2012,4335,national_office
CH,Switzerland,2013,4342,ses_interpolated
CH,Switzerland,2014,4348,national_office
CH,Switzerland,2015,4726,ses_interpolated
CH,Switzerland,2016,5104,national_office
CH,Switzerland,2017,4978,ses_interpolated
CH,Switzerland,2018,4851,national_office
CH,Switzerland,2019,5098,ses_interpolated
CH,Switzerland,2020,5346,national_office
CH,Switzerland,2021,5602,ses_interpolated
CH,Switzerland,2022,5857,national_office
CH,Switzerland,2023,6125,ses_interpolated
CH,Switzerland,2024,6393,national_office
CH,Switzerland,2025,6572,ses_extrapolated
CH,Switzerland,2026,6887,ses_projected
CH,Switzerland,2027,7167,ses_projected
CH,Switzerland,2028,7458,ses_projected
CH,Switzerland,2029,7760,ses_projected
CH,Switzerland,2030,8073,ses_projected
CH,Switzerland,2031,8397,ses_projected
CY,Cyprus,2006,1546,ses_survey
CY,Cyprus,2007,1568,ses_interpolated
CY,Cyprus,2008,1590,ses_interpolated
CY,Cyprus,2009,1611,ses_interpolated
CY,Cyprus,2010,1633,ses_survey
CY,Cyprus,2011,1599,ses_interpolated
CY,Cyprus,2012,1566,ses_interpolated
CY,Cyprus,2013,1532,ses_interpolated
CY,Cyprus,2014,1498,ses_survey
CY,Cyprus,2015,1499,ses_interpolated
CY,Cyprus,2016,1500,ses_interpolated
CY,Cyprus,2017,1501,ses_interpolated
CY,Cyprus,2018,1502,ses_survey
CY,Cyprus,2019,1542,ses_interpolated
CY,Cyprus,2020,1583,ses_interpolated
CY,Cyprus,2021,1624,ses_interpolated
CY,Cyprus,2022,1664,ses_survey
CY,Cyprus,2023,1820,ses_extrapolated
CY,Cyprus,2024,1879,ses_extrapolated
CY,Cyprus,2025,1959,ses_extrapolated
CY,Cyprus,2026,2066,ses_projected
CY,Cyprus,2027,2167,ses_projected
CY,Cyprus,2028,2272,ses_projected
CY,Cyprus,2029,2381,ses_projected
CY,Cyprus,2030,2494,ses_projected
CY,Cyprus,2031,2611,ses_projected
CZ,Czechia,2006,637,ses_survey
CZ,Czechia,2007,682,ses_interpolated
CZ,Czechia,2008,728,ses_interpolated
CZ,Czechia,2009,774,ses_interpolated
CZ,Czechia,2010,819,ses_survey
CZ,Czechia,2011,816,ses_interpolated
CZ,Czechia,2012,812,ses_interpolated
CZ,Czechia,2013,809,ses_interpolated
CZ,Czechia,2014,806,ses_survey
CZ,Czechia,2015,876,ses_interpolated
CZ,Czechia,2016,947,ses_interpolated
CZ,Czechia,2017,1018,ses_interpolated
CZ,Czechia,2018,1088,ses_survey
CZ,Czechia,2019,1175,ses_interpolated
CZ,Czechia,2020,1262,ses_interpolated
CZ,Czechia,2021,1350,ses_interpolated
CZ,Czechia,2022,1437,ses_survey
CZ,Czechia,2023,1573,ses_extrapolated
CZ,Czechia,2024,1588,ses_extrapolated
CZ,Czechia,2025,1705,ses_extrapolated
CZ,Czechia,2026,1806,ses_projected
CZ,Czechia,2027,1909,ses_projected
CZ,Czechia,2028,2017,ses_projected
CZ,Czechia,2029,2131,ses_projected
CZ,Czechia,2030,2251,ses_projected
CZ,Czechia,2031,2377,ses_projected
DE,Germany,2006,2596,ses_survey
DE,Germany,2007,2624,ses_interpolated
DE,Germany,2008,2652,ses_interpolated
DE,Germany,2009,2680,ses_interpolated
DE,Germany,2010,2708,ses_survey
DE,Germany,2011,2718,ses_interpolated
DE,Germany,2012,2729,ses_interpolated
DE,Germany,2013,2740,ses_interpolated
DE,Germany,2014,2750,ses_survey
DE,Germany,2015,2813,ses_interpolated
DE,Germany,2016,2876,ses_interpolated
DE,Germany,2017,2938,ses_interpolated
DE,Germany,2018,3001,ses_survey
DE,Germany,2019,3089,ses_interpolated
DE,Germany,2020,3177,ses_interpolated
DE,Germany,2021,3265,ses_interpolated
DE,Germany,2022,3353,ses_survey
DE,Germany,2023,3563,ses_extrapolated
DE,Germany,2024,3747,ses_extrapolated
DE,Germany,2025,3935,ses_extrapolated
DE,Germany,2026,4122,ses_projected
DE,Germany,2027,4326,ses_projected
DE,Germany,2028,4540,ses_projected
DE,Germany,2029,4764,ses_projected
DE,Germany,2030,4999,ses_projected
DE,Germany,2031,5246,ses_projected
DK,Denmark,2006,3432,ses_survey
DK,Denmark,2007,3583,ses_interpolated
DK,Denmark,2008,3734,ses_interpolated
DK,Denmark,2009,3886,ses_interpolated
DK,Denmark,2010,4037,ses_survey
DK,Denmark,2011,4073,ses_interpolated
DK,Denmark,2012,4108,ses_interpolated
DK,Denmark,2013,4144,ses_interpolated
DK,Denmark,2014,4180,ses_survey
DK,Denmark,2015,4250,ses_interpolated
DK,Denmark,2016,4321,ses_interpolated
DK,Denmark,2017,4392,ses_interpolated
DK,Denmark,2018,4462,ses_survey
DK,Denmark,2019,4588,ses_interpolated
DK,Denmark,2020,4713,ses_interpolated
DK,Denmark,2021,4838,ses_interpolated
DK,Denmark,2022,4964,ses_survey
DK,Denmark,2023,5141,ses_extrapolated
DK,Denmark,2024,5365,ses_extrapolated
DK,Denmark,2025,5542,ses_extrapolated
DK,Denmark,2026,5733,ses_projected
DK,Denmark,2027,5936,ses_projected
DK,Denmark,2028,6146,ses_projected
DK,Denmark,2029,6363,ses_projected
DK,Denmark,2030,6587,ses_projected
DK,Denmark,2031,6820,ses_projected
EE,Estonia,2006,513,ses_survey
EE,Estonia,2007,565,ses_interpolated
EE,Estonia,2008,617,ses_interpolated
EE,Estonia,2009,669,ses_interpolated
EE,Estonia,2010,721,ses_survey
EE,Estonia,2011,757,ses_interpolated
EE,Estonia,2012,794,ses_interpolated
EE,Estonia,2013,830,ses_interpolated
EE,Estonia,2014,866,ses_survey
EE,Estonia,2015,935,ses_interpolated
EE,Estonia,2016,1004,ses_interpolated
EE,Estonia,2017,1072,ses_interpolated
EE,Estonia,2018,1141,ses_survey
EE,Estonia,2019,1262,ses_interpolated
EE,Estonia,2020,1384,ses_interpolated
EE,Estonia,2021,1505,ses_interpolated
EE,Estonia,2022,1626,ses_survey
EE,Estonia,2023,1766,ses_extrapolated
EE,Estonia,2024,1882,ses_extrapolated
EE,Estonia,2025,1979,ses_extrapolated
EE,Estonia,2026,2146,ses_projected
EE,Estonia,2027,2298,ses_projected
EE,Estonia,2028,2462,ses_projected
EE,Estonia,2029,2636,ses_projected
EE,Estonia,2030,2823,ses_projected
EE,Estonia,2031,3023,ses_projected
ES,Spain,2006,1420,ses_survey
ES,Spain,2007,1476,ses_interpolated
ES,Spain,2008,1532,ses_interpolated
ES,Spain,2009,1587,ses_interpolated
ES,Spain,2010,1643,ses_survey
ES,Spain,2011,1660,ses_interpolated
ES,Spain,2012,1678,ses_interpolated
ES,Spain,2013,1695,ses_interpolated
ES,Spain,2014,1712,ses_survey
ES,Spain,2015,1716,ses_interpolated
ES,Spain,2016,1720,ses_interpolated
ES,Spain,2017,1725,ses_interpolated
ES,Spain,2018,1729,ses_survey
ES,Spain,2019,1766,ses_interpolated
ES,Spain,2020,1803,ses_interpolated
ES,Spain,2021,1840,ses_interpolated
ES,Spain,2022,1877,ses_survey
ES,Spain,2023,1972,ses_extrapolated
ES,Spain,2024,2061,ses_extrapolated
ES,Spain,2025,2150,ses_extrapolated
ES,Spain,2026,2223,ses_projected
ES,Spain,2027,2307,ses_projected
ES,Spain,2028,2393,ses_projected
ES,Spain,2029,2479,ses_projected
ES,Spain,2030,2566,ses_projected
ES,Spain,2031,2653,ses_projected
FI,Finland,2006,2325,ses_survey
FI,Finland,2007,2420,ses_interpolated
FI,Finland,2008,2514,ses_interpolated
FI,Finland,2009,2609,ses_interpolated
FI,Finland,2010,2704,ses_survey
FI,Finland,2011,2756,ses_interpolated
FI,Finland,2012,2809,ses_interpolated
FI,Finland,2013,2862,ses_interpolated
FI,Finland,2014,2914,ses_survey
FI,Finland,2015,2932,ses_interpolated
FI,Finland,2016,2950,ses_interpolated
FI,Finland,2017,2968,ses_interpolated
FI,Finland,2018,2986,ses_survey
FI,Finland,2019,3035,ses_interpolated
FI,Finland,2020,3084,ses_interpolated
FI,Finland,2021,3134,ses_interpolated
FI,Finland,2022,3183,ses_survey
FI,Finland,2023,3287,ses_extrapolated
FI,Finland,2024,3342,ses_extrapolated
FI,Finland,2025,3458,ses_extrapolated
FI,Finland,2026,3529,ses_projected
FI,Finland,2027,3617,ses_projected
FI,Finland,2028,3707,ses_projected
FI,Finland,2029,3798,ses_projected
FI,Finland,2030,3893,ses_projected
FI,Finland,2031,3989,ses_projected
FR,France,2006,2253,ses_survey
FR,France,2007,2276,ses_interpolated
FR,France,2008,2300,ses_interpolated
FR,France,2009,2323,ses_interpolated
FR,France,2010,2346,ses_survey
FR,France,2011,2391,ses_interpolated
FR,France,2012,2436,ses_interpolated
FR,France,2013,2480,ses_interpolated
FR,France,2014,2525,ses_survey
FR,France,2015,2544,ses_interpolated
FR,France,2016,2562,ses_interpolated
FR,France,2017,2580,ses_interpolated
FR,France,2018,2599,ses_survey
FR,France,2019,2658,ses_interpolated
FR,France,2020,2716,ses_interpolated
FR,France,2021,2775,ses_interpolated
FR,France,2022,2834,ses_survey
FR,France,2023,2962,ses_extrapolated
FR,France,2024,3053,ses_extrapolated
FR,France,2025,3121,ses_extrapolated
FR,France,2026,3231,ses_projected
FR,France,2027,3330,ses_projected
FR,France,2028,3433,ses_projected
FR,France,2029,3538,ses_projected
FR,France,2030,3646,ses_projected
FR,France,2031,3757,ses_projected
GB,United Kingdom,2006,2841,national_office
GB,United Kingdom,2007,2907,national_office
GB,United Kingdom,2008,2606,national_office
GB,United Kingdom,2009,2378,national_office
GB,United Kingdom,2010,2521,national_office
GB,United Kingdom,2011,2486,national_office
GB,United Kingdom,2012,2704,national_office
GB,United Kingdom,2013,2643,national_office
GB,United Kingdom,2014,2785,national_office
GB,United Kingdom,2015,3158,national_office
GB,United Kingdom,2016,2861,national_office
GB,United Kingdom,2017,2739,national_office
GB,United Kingdom,2018,2787,national_office
GB,United Kingdom,2019,2888,national_office
GB,United Kingdom,2020,2854,national_office
GB,United Kingdom,2021,3080,national_office
GB,United Kingdom,2022,3252,national_office
GB,United Kingdom,2023,3393,national_office
GB,United Kingdom,2024,3691,national_office
GE,Georgia,2006,131,ratio_estimate
GE,Georgia,2007,163,ratio_estimate
GE,Georgia,2008,195,ratio_estimate
GE,Georgia,2009,188,ratio_estimate
GE,Georgia,2010,215,ratio_estimate
GE,Georgia,2011,230,ratio_estimate
GE,Georgia,2012,302,ratio_estimate
GE,Georgia,2013,319,ratio_estimate
GE,Georgia,2014,300,ratio_estimate
GE,Georgia,2015,296,ratio_estimate
GE,Georgia,2016,295,ratio_estimate
GE,Georgia,2017,296,ratio_estimate
GE,Georgia,2018,303,ratio_estimate
GE,Georgia,2019,280,ratio_estimate
GE,Georgia,2020,262,ratio_estimate
GE,Georgia,2021,278,ratio_estimate
GE,Georgia,2022,380,ratio_estimate
GE,Georgia,2023,460,ratio_estimate
GE,Georgia,2024,484,ratio_estimate
GE,Georgia,2025,536,ratio_estimate
GE,Georgia,2026,640,ratio_estimate
GE,Georgia,2027,700,ratio_estimate
GE,Georgia,2028,767,ratio_estimate
GE,Georgia,2029,842,ratio_estimate
GE,Georgia,2030,925,ratio_estimate
GE,Georgia,2031,1015,ratio_estimate
GR,Greece,2006,1356,ses_survey
GR,Greece,2007,1414,ses_interpolated
GR,Greece,2008,1473,ses_interpolated
GR,Greece,2009,1532,ses_interpolated
GR,Greece,2010,1590,ses_survey
GR,Greece,2011,1546,ses_interpolated
GR,Greece,2012,1502,ses_interpolated
GR,Greece,2013,1458,ses_interpolated
GR,Greece,2014,1414,ses_survey
GR,Greece,2015,1371,ses_interpolated
GR,Greece,2016,1328,ses_interpolated
GR,Greece,2017,1284,ses_interpolated
GR,Greece,2018,1241,ses_survey
GR,Greece,2019,1280,ses_interpolated
GR,Greece,2020,1319,ses_interpolated
GR,Greece,2021,1358,ses_interpolated
GR,Greece,2022,1397,ses_survey
GR,Greece,2023,1444,ses_extrapolated
GR,Greece,2024,1527,ses_extrapolated
GR,Greece,2025,1581,ses_extrapolated
GR,Greece,2026,1630,ses_projected
GR,Greece,2027,1684,ses_projected
GR,Greece,2028,1738,ses_projected
GR,Greece,2029,1789,ses_projected
GR,Greece,2030,1838,ses_projected
GR,Greece,2031,1884,ses_projected
HR,Croatia,2010,870,ses_survey
HR,Croatia,2011,870,ses_interpolated
HR,Croatia,2012,869,ses_interpolated
HR,Croatia,2013,868,ses_interpolated
HR,Croatia,2014,868,ses_survey
HR,Croatia,2015,886,ses_interpolated
HR,Croatia,2016,904,ses_interpolated
HR,Croatia,2017,922,ses_interpolated
HR,Croatia,2018,940,ses_survey
HR,Croatia,2019,1002,ses_interpolated
HR,Croatia,2020,1064,ses_interpolated
HR,Croatia,2021,1126,ses_interpolated
HR,Croatia,2022,1188,ses_survey
HR,Croatia,2023,1349,ses_extrapolated
HR,Croatia,2024,1469,ses_extrapolated
HR,Croatia,2025,1630,ses_extrapolated
HR,Croatia,2026,1777,ses_projected
HR,Croatia,2027,1950,ses_projected
HR,Croatia,2028,2138,ses_projected
HR,Croatia,2029,2343,ses_projected
HR,Croatia,2030,2566,ses_projected
HR,Croatia,2031,2808,ses_projected
HU,Hungary,2006,466,ses_survey
HU,Hungary,2007,496,ses_interpolated
HU,Hungary,2008,527,ses_interpolated
HU,Hungary,2009,558,ses_interpolated
HU,Hungary,2010,588,ses_survey
HU,Hungary,2011,599,ses_interpolated
HU,Hungary,2012,610,ses_interpolated
HU,Hungary,2013,622,ses_interpolated
HU,Hungary,2014,633,ses_survey
HU,Hungary,2015,666,ses_interpolated
HU,Hungary,2016,699,ses_interpolated
HU,Hungary,2017,732,ses_interpolated
HU,Hungary,2018,765,ses_survey
HU,Hungary,2019,823,ses_interpolated
HU,Hungary,2020,882,ses_interpolated
HU,Hungary,2021,940,ses_interpolated
HU,Hungary,2022,998,ses_survey
HU,Hungary,2023,1177,ses_extrapolated
HU,Hungary,2024,1280,ses_extrapolated
HU,Hungary,2025,1387,ses_extrapolated
HU,Hungary,2026,1557,ses_projected
HU,Hungary,2027,1725,ses_projected
HU,Hungary,2028,1910,ses_projected
HU,Hungary,2029,2116,ses_projected
HU,Hungary,2030,2343,ses_projected
HU,Hungary,2031,2595,ses_projected
IE,Ireland,2006,2826,ses_survey
IE,Ireland,2007,2881,ses_interpolated
IE,Ireland,2008,2936,ses_interpolated
IE,Ireland,2009,2990,ses_interpolated
IE,Ireland,2010,3045,ses_survey
IE,Ireland,2011,3138,ses_interpolated
IE,Ireland,2012,3230,ses_interpolated
IE,Ireland,2013,3323,ses_interpolated
IE,Ireland,2014,3416,ses_survey
IE,Ireland,2015,3327,ses_interpolated
IE,Ireland,2016,3238,ses_interpolated
IE,Ireland,2017,3149,ses_interpolated
IE,Ireland,2018,3060,ses_survey
IE,Ireland,2019,3162,ses_interpolated
IE,Ireland,2020,3263,ses_interpolated
IE,Ireland,2021,3364,ses_interpolated
IE,Ireland,2022,3466,ses_survey
IE,Ireland,2023,3608,ses_extrapolated
IE,Ireland,2024,3848,ses_extrapolated
IE,Ireland,2025,3949,ses_extrapolated
IE,Ireland,2026,4133,ses_projected
IE,Ireland,2027,4310,ses_projected
IE,Ireland,2028,4495,ses_projected
IE,Ireland,2029,4688,ses_projected
IE,Ireland,2030,4888,ses_projected
IE,Ireland,2031,5097,ses_projected
IS,Iceland,2006,3109,ses_survey
IS,Iceland,2007,2860,ses_interpolated
IS,Iceland,2008,2610,ses_interpolated
IS,Iceland,2009,2360,ses_interpolated
IS,Iceland,2010,2111,ses_survey
IS,Iceland,2011,2273,ses_interpolated
IS,Iceland,2012,2434,ses_interpolated
IS,Iceland,2013,2596,ses_interpolated
IS,Iceland,2014,2758,ses_survey
IS,Iceland,2015,3158,ses_interpolated
IS,Iceland,2016,3557,ses_interpolated
IS,Iceland,2017,3956,ses_interpolated
IS,Iceland,2018,4356,ses_survey
IS,Iceland,2019,4426,ses_interpolated
IS,Iceland,2020,4496,ses_interpolated
IS,Iceland,2021,4567,ses_interpolated
IS,Iceland,2022,4637,ses_survey
IS,Iceland,2023,4774,ses_extrapolated
IS,Iceland,2024,4995,ses_extrapolated
IS,Iceland,2025,5472,ses_extrapolated
IS,Iceland,2026,5509,ses_projected
IS,Iceland,2027,5715,ses_projected
IS,Iceland,2028,5920,ses_projected
IS,Iceland,2029,6120,ses_projected
IS,Iceland,2030,6316,ses_projected
IS,Iceland,2031,6504,ses_projected
IT,Italy,2006,1853,ses_survey
IT,Italy,2007,1890,ses_interpolated
IT,Italy,2008,1927,ses_interpolated
IT,Italy,2009,1964,ses_interpolated
IT,Italy,2010,2001,ses_survey
IT,Italy,2011,2024,ses_interpolated
IT,Italy,2012,2048,ses_interpolated
IT,Italy,2013,2072,ses_interpolated
IT,Italy,2014,2095,ses_survey
IT,Italy,2015,2104,ses_interpolated
IT,Italy,2016,2113,ses_interpolated
IT,Italy,2017,2122,ses_interpolated
IT,Italy,2018,2131,ses_survey
IT,Italy,2019,2151,ses_interpolated
IT,Italy,2020,2171,ses_interpolated
IT,Italy,2021,2191,ses_interpolated
IT,Italy,2022,2211,ses_survey
IT,Italy,2023,2269,ses_extrapolated
IT,Italy,2024,2345,ses_extrapolated
IT,Italy,2025,2415,ses_extrapolated
IT,Italy,2026,2455,ses_projected
IT,Italy,2027,2510,ses_projected
IT,Italy,2028,2564,ses_projected
IT,Italy,2029,2617,ses_projected
IT,Italy,2030,2668,ses_projected
IT,Italy,2031,2717,ses_projected
KZ,Kazakhstan,2015,369,ratio_estimate
KZ,Kazakhstan,2016,271,ratio_estimate
KZ,Kazakhstan,2017,295,ratio_estimate
KZ,Kazakhstan,2018,288,ratio_estimate
KZ,Kazakhstan,2019,314,ratio_estimate
KZ,Kazakhstan,2020,325,ratio_estimate
KZ,Kazakhstan,2021,358,ratio_estimate
KZ,Kazakhstan,2022,460,ratio_estimate
KZ,Kazakhstan,2023,532,ratio_estimate
KZ,Kazakhstan,2024,575,ratio_estimate
KZ,Kazakhstan,2025,542,ratio_estimate
KZ,Kazakhstan,2026,654,ratio_estimate
KZ,Kazakhstan,2027,693,ratio_estimate
KZ,Kazakhstan,2028,730,ratio_estimate
KZ,Kazakhstan,2029,773,ratio_estimate
KZ,Kazakhstan,2030,816,ratio_estimate
KZ,Kazakhstan,2031,865,ratio_estimate
LT,Lithuania,2006,371,ses_survey
LT,Lithuania,2007,394,ses_interpolated
LT,Lithuania,2008,416,ses_interpolated
LT,Lithuania,2009,439,ses_interpolated
LT,Lithuania,2010,462,ses_survey
LT,Lithuania,2011,480,ses_interpolated
LT,Lithuania,2012,497,ses_interpolated
LT,Lithuania,2013,514,ses_interpolated
LT,Lithuania,2014,532,ses_survey
LT,Lithuania,2015,590,ses_interpolated
LT,Lithuania,2016,647,ses_interpolated
LT,Lithuania,2017,704,ses_interpolated
LT,Lithuania,2018,762,ses_survey
LT,Lithuania,2019,954,ses_interpolated
LT,Lithuania,2020,1146,ses_interpolated
LT,Lithuania,2021,1337,ses_interpolated
LT,Lithuania,2022,1529,ses_survey
LT,Lithuania,2023,1714,ses_extrapolated
LT,Lithuania,2024,1837,ses_extrapolated
LT,Lithuania,2025,2020,ses_extrapolated
LT,Lithuania,2026,2260,ses_projected
LT,Lithuania,2027,2499,ses_projected
LT,Lithuania,2028,2762,ses_projected
LT,Lithuania,2029,3053,ses_projected
LT,Lithuania,2030,3374,ses_projected
LT,Lithuania,2031,3729,ses_projected
LU,Luxembourg,2006,2715,ses_survey
LU,Luxembourg,2007,2809,ses_interpolated
LU,Luxembourg,2008,2903,ses_interpolated
LU,Luxembourg,2009,2997,ses_interpolated
LU,Luxembourg,2010,3091,ses_survey
LU,Luxembourg,2011,3117,ses_interpolated
LU,Luxembourg,2012,3142,ses_interpolated
LU,Luxembourg,2013,3168,ses_interpolated
LU,Luxembourg,2014,3194,ses_survey
LU,Luxembourg,2015,3249,ses_interpolated
LU,Luxembourg,2016,3304,ses_interpolated
LU,Luxembourg,2017,3358,ses_interpolated
LU,Luxembourg,2018,3413,ses_survey
LU,Luxembourg,2019,3618,ses_interpolated
LU,Luxembourg,2020,3822,ses_interpolated
LU,Luxembourg,2021,4026,ses_interpolated
LU,Luxembourg,2022,4231,ses_survey
LU,Luxembourg,2023,4550,ses_extrapolated
LU,Luxembourg,2024,4708,ses_extrapolated
LU,Luxembourg,2025,4913,ses_extrapolated
LU,Luxembourg,2026,5201,ses_projected
LU,Luxembourg,2027,5466,ses_projected
LU,Luxembourg,2028,5743,ses_projected
LU,Luxembourg,2029,6033,ses_projected
LU,Luxembourg,2030,6336,ses_projected
LU,Luxembourg,2031,6653,ses_projected
LV,Latvia,2006,348,ses_survey
LV,Latvia,2007,386,ses_interpolated
LV,Latvia,2008,424,ses_interpolated
LV,Latvia,2009,461,ses_interpolated
LV,Latvia,2010,499,ses_survey
LV,Latvia,2011,521,ses_interpolated
LV,Latvia,2012,542,ses_interpolated
LV,Latvia,2013,564,ses_interpolated
LV,Latvia,2014,586,ses_survey
LV,Latvia,2015,654,ses_interpolated
LV,Latvia,2016,722,ses_interpolated
LV,Latvia,2017,791,ses_interpolated
LV,Latvia,2018,859,ses_survey
LV,Latvia,2019,954,ses_interpolated
LV,Latvia,2020,1049,ses_interpolated
LV,Latvia,2021,1144,ses_interpolated
LV,Latvia,2022,1239,ses_survey
LV,Latvia,2023,1310,ses_extrapolated
LV,Latvia,2024,1448,ses_extrapolated
LV,Latvia,2025,1570,ses_extrapolated
LV,Latvia,2026,1691,ses_projected
LV,Latvia,2027,1829,ses_projected
LV,Latvia,2028,1980,ses_projected
LV,Latvia,2029,2142,ses_projected
LV,Latvia,2030,2318,ses_projected
LV,Latvia,2031,2508,ses_projected
MD,Moldova,2015,214,ratio_estimate
MD,Moldova,2016,226,ratio_estimate
MD,Moldova,2017,268,ratio_estimate
MD,Moldova,2018,340,ratio_estimate
MD,Moldova,2019,341,ratio_estimate
MD,Moldova,2020,352,ratio_estimate
MD,Moldova,2021,378,ratio_estimate
MD,Moldova,2022,446,ratio_estimate
MD,Moldova,2023,519,ratio_estimate
MD,Moldova,2024,619,ratio_estimate
MD,Moldova,2025,650,ratio_estimate
MD,Moldova,2026,709,ratio_estimate
MD,Moldova,2027,782,ratio_estimate
MD,Moldova,2028,863,ratio_estimate
MD,Moldova,2029,952,ratio_estimate
MD,Moldova,2030,1049,ratio_estimate
MD,Moldova,2031,1162,ratio_estimate
ME,Montenegro,2014,649,ses_survey
MK,North Macedonia,2010,465,ses_survey
MK,North Macedonia,2011,448,ses_interpolated
MK,North Macedonia,2012,432,ses_interpolated
MK,North Macedonia,2013,416,ses_interpolated
MK,North Macedonia,2014,399,ses_survey
MK,North Macedonia,2015,417,ses_interpolated
MK,North Macedonia,2016,435,ses_interpolated
MK,North Macedonia,2017,453,ses_interpolated
MK,North Macedonia,2018,471,ses_survey
MK,North Macedonia,2019,526,ses_interpolated
MK,North Macedonia,2020,582,ses_interpolated
MK,North Macedonia,2021,638,ses_interpolated
MK,North Macedonia,2022,693,ses_survey
MT,Malta,2006,1150,ses_survey
MT,Malta,2007,1190,ses_interpolated
MT,Malta,2008,1230,ses_interpolated
MT,Malta,2009,1269,ses_interpolated
MT,Malta,2010,1309,ses_survey
MT,Malta,2011,1353,ses_interpolated
MT,Malta,2012,1397,ses_interpolated
MT,Malta,2013,1441,ses_interpolated
MT,Malta,2014,1485,ses_survey
MT,Malta,2015,1554,ses_interpolated
MT,Malta,2016,1623,ses_interpolated
MT,Malta,2017,1692,ses_interpolated
MT,Malta,2018,1761,ses_survey
MT,Malta,2019,1770,ses_interpolated
MT,Malta,2020,1780,ses_interpolated
MT,Malta,2021,1790,ses_interpolated
MT,Malta,2022,1799,ses_survey
MT,Malta,2023,1842,ses_extrapolated
MT,Malta,2024,1982,ses_extrapolated
MT,Malta,2025,2065,ses_extrapolated
MT,Malta,2026,2110,ses_projected
MT,Malta,2027,2181,ses_projected
MT,Malta,2028,2250,ses_projected
MT,Malta,2029,2317,ses_projected
MT,Malta,2030,2382,ses_projected
MT,Malta,2031,2444,ses_projected
NL,Netherlands,2006,2151,ses_survey
NL,Netherlands,2007,2264,ses_interpolated
NL,Netherlands,2008,2376,ses_interpolated
NL,Netherlands,2009,2488,ses_interpolated
NL,Netherlands,2010,2601,ses_survey
NL,Netherlands,2011,2609,ses_interpolated
NL,Netherlands,2012,2617,ses_interpolated
NL,Netherlands,2013,2625,ses_interpolated
NL,Netherlands,2014,2633,ses_survey
NL,Netherlands,2015,2674,ses_interpolated
NL,Netherlands,2016,2716,ses_interpolated
NL,Netherlands,2017,2758,ses_interpolated
NL,Netherlands,2018,2799,ses_survey
NL,Netherlands,2019,2886,ses_interpolated
NL,Netherlands,2020,2972,ses_interpolated
NL,Netherlands,2021,3058,ses_interpolated
NL,Netherlands,2022,3145,ses_survey
NL,Netherlands,2023,3331,ses_extrapolated
NL,Netherlands,2024,3551,ses_extrapolated
NL,Netherlands,2025,3726,ses_extrapolated
NL,Netherlands,2026,3913,ses_projected
NL,Netherlands,2027,4119,ses_projected
NL,Netherlands,2028,4335,ses_projected
NL,Netherlands,2029,4563,ses_projected
NL,Netherlands,2030,4802,ses_projected
NL,Netherlands,2031,5054,ses_projected
NO,Norway,2006,3594,ses_survey
NO,Norway,2007,3758,ses_interpolated
NO,Norway,2008,3921,ses_interpolated
NO,Norway,2009,4084,ses_interpolated
NO,Norway,2010,4248,ses_survey
NO,Norway,2011,4354,ses_interpolated
NO,Norway,2012,4459,ses_interpolated
NO,Norway,2013,4564,ses_interpolated
NO,Norway,2014,4670,ses_survey
NO,Norway,2015,4600,ses_interpolated
NO,Norway,2016,4529,ses_interpolated
NO,Norway,2017,4458,ses_interpolated
NO,Norway,2018,4388,ses_survey
NO,Norway,2019,4515,ses_interpolated
NO,Norway,2020,4642,ses_interpolated
NO,Norway,2021,4768,ses_interpolated
NO,Norway,2022,4895,ses_survey
NO,Norway,2023,4587,ses_extrapolated
NO,Norway,2024,4746,ses_extrapolated
NO,Norway,2025,4910,ses_extrapolated
NO,Norway,2026,4809,ses_projected
NO,Norway,2027,4807,ses_projected
NO,Norway,2028,4804,ses_projected
NO,Norway,2029,4799,ses_projected
NO,Norway,2030,4792,ses_projected
NO,Norway,2031,4784,ses_projected
PL,Poland,2006,562,ses_survey
PL,Poland,2007,600,ses_interpolated
PL,Poland,2008,637,ses_interpolated
PL,Poland,2009,674,ses_interpolated
PL,Poland,2010,712,ses_survey
PL,Poland,2011,725,ses_interpolated
PL,Poland,2012,738,ses_interpolated
PL,Poland,2013,751,ses_interpolated
PL,Poland,2014,764,ses_survey
PL,Poland,2015,794,ses_interpolated
PL,Poland,2016,824,ses_interpolated
PL,Poland,2017,853,ses_interpolated
PL,Poland,2018,883,ses_survey
PL,Poland,2019,964,ses_interpolated
PL,Poland,2020,1046,ses_interpolated
PL,Poland,2021,1127,ses_interpolated
PL,Poland,2022,1208,ses_survey
PL,Poland,2023,1425,ses_extrapolated
PL,Poland,2024,1699,ses_extrapolated
PL,Poland,2025,1863,ses_extrapolated
PL,Poland,2026,2151,ses_projected
PL,Poland,2027,2459,ses_projected
PL,Poland,2028,2809,ses_projected
PL,Poland,2029,3208,ses_projected
PL,Poland,2030,3663,ses_projected
PL,Poland,2031,4181,ses_projected
PT,Portugal,2006,820,ses_survey
PT,Portugal,2007,835,ses_interpolated
PT,Portugal,2008,850,ses_interpolated
PT,Portugal,2009,866,ses_interpolated
PT,Portugal,2010,881,ses_survey
PT,Portugal,2011,892,ses_interpolated
PT,Portugal,2012,903,ses_interpolated
PT,Portugal,2013,914,ses_interpolated
PT,Portugal,2014,925,ses_survey
PT,Portugal,2015,932,ses_interpolated
PT,Portugal,2016,938,ses_interpolated
PT,Portugal,2017,945,ses_interpolated
PT,Portugal,2018,952,ses_survey
PT,Portugal,2019,988,ses_interpolated
PT,Portugal,2020,1025,ses_interpolated
PT,Portugal,2021,1062,ses_interpolated
PT,Portugal,2022,1098,ses_survey
PT,Portugal,2023,1201,ses_extrapolated
PT,Portugal,2024,1291,ses_extrapolated
PT,Portugal,2025,1353,ses_extrapolated
PT,Portugal,2026,1450,ses_projected
PT,Portugal,2027,1545,ses_projected
PT,Portugal,2028,1646,ses_projected
PT,Portugal,2029,1754,ses_projected
PT,Portugal,2030,1868,ses_projected
PT,Portugal,2031,1989,ses_projected
RO,Romania,2006,249,ses_survey
RO,Romania,2007,273,ses_interpolated
RO,Romania,2008,298,ses_interpolated
RO,Romania,2009,322,ses_interpolated
RO,Romania,2010,346,ses_survey
RO,Romania,2011,349,ses_interpolated
RO,Romania,2012,352,ses_interpolated
RO,Romania,2013,356,ses_interpolated
RO,Romania,2014,359,ses_survey
RO,Romania,2015,433,ses_interpolated
RO,Romania,2016,508,ses_interpolated
RO,Romania,2017,582,ses_interpolated
RO,Romania,2018,656,ses_survey
RO,Romania,2019,735,ses_interpolated
RO,Romania,2020,814,ses_interpolated
RO,Romania,2021,893,ses_interpolated
RO,Romania,2022,972,ses_survey
RO,Romania,2023,1166,ses_extrapolated
RO,Romania,2024,1359,ses_extrapolated
RO,Romania,2025,1451,ses_extrapolated
RO,Romania,2026,1698,ses_projected
RO,Romania,2027,1934,ses_projected
RO,Romania,2028,2201,ses_projected
RO,Romania,2029,2505,ses_projected
RO,Romania,2030,2850,ses_projected
RO,Romania,2031,3243,ses_projected
RS,Serbia,2014,489,ses_survey
RS,Serbia,2015,497,ses_interpolated
RS,Serbia,2016,505,ses_interpolated
RS,Serbia,2017,513,ses_interpolated
RS,Serbia,2018,521,ses_survey
RS,Serbia,2019,595,ses_interpolated
RS,Serbia,2020,670,ses_interpolated
RS,Serbia,2021,744,ses_interpolated
RS,Serbia,2022,818,ses_survey
RS,Serbia,2023,931,ses_extrapolated
RS,Serbia,2024,1072,ses_extrapolated
RS,Serbia,2025,1202,ses_extrapolated
RS,Serbia,2026,1358,ses_projected
RS,Serbia,2027,1535,ses_projected
RS,Serbia,2028,1735,ses_projected
RS,Serbia,2029,1962,ses_projected
RS,Serbia,2030,2218,ses_projected
RS,Serbia,2031,2507,ses_projected
RU,Russia,2000,55,ratio_estimate
RU,Russia,2001,81,ratio_estimate
RU,Russia,2002,96,ratio_estimate
RU,Russia,2003,103,ratio_estimate
RU,Russia,2004,122,ratio_estimate
RU,Russia,2005,158,ratio_estimate
RU,Russia,2006,203,ratio_estimate
RU,Russia,2007,252,ratio_estimate
RU,Russia,2008,309,ratio_estimate
RU,Russia,2009,274,ratio_estimate
RU,Russia,2010,338,ratio_estimate
RU,Russia,2011,372,ratio_estimate
RU,Russia,2012,434,ratio_estimate
RU,Russia,2013,458,ratio_estimate
RU,Russia,2014,415,ratio_estimate
RU,Russia,2015,325,ratio_estimate
RU,Russia,2016,322,ratio_estimate
RU,Russia,2017,386,ratio_estimate
RU,Russia,2018,384,ratio_estimate
RU,Russia,2019,430,ratio_estimate
RU,Russia,2020,404,ratio_estimate
RU,Russia,2021,427,ratio_estimate
RU,Russia,2022,575,ratio_estimate
RU,Russia,2023,526,ratio_estimate
RU,Russia,2024,588,ratio_estimate
RU,Russia,2025,711,ratio_estimate
RU,Russia,2026,683,ratio_estimate
RU,Russia,2027,653,ratio_estimate
RU,Russia,2028,660,ratio_estimate
RU,Russia,2029,666,ratio_estimate
RU,Russia,2030,673,ratio_estimate
RU,Russia,2031,682,ratio_estimate
SE,Sweden,2006,2463,ses_survey
SE,Sweden,2007,2536,ses_interpolated
SE,Sweden,2008,2610,ses_interpolated
SE,Sweden,2009,2683,ses_interpolated
SE,Sweden,2010,2756,ses_survey
SE,Sweden,2011,2865,ses_interpolated
SE,Sweden,2012,2974,ses_interpolated
SE,Sweden,2013,3083,ses_interpolated
SE,Sweden,2014,3192,ses_survey
SE,Sweden,2015,3180,ses_interpolated
SE,Sweden,2016,3167,ses_interpolated
SE,Sweden,2017,3154,ses_interpolated
SE,Sweden,2018,3142,ses_survey
SE,Sweden,2019,3218,ses_interpolated
SE,Sweden,2020,3293,ses_interpolated
SE,Sweden,2021,3368,ses_interpolated
SE,Sweden,2022,3444,ses_survey
SE,Sweden,2023,3358,ses_extrapolated
SE,Sweden,2024,3522,ses_extrapolated
SE,Sweden,2025,3688,ses_extrapolated
SE,Sweden,2026,3693,ses_projected
SE,Sweden,2027,3769,ses_projected
SE,Sweden,2028,3847,ses_projected
SE,Sweden,2029,3926,ses_projected
SE,Sweden,2030,4007,ses_projected
SE,Sweden,2031,4090,ses_projected
SI,Slovenia,2006,985,ses_survey
SI,Slovenia,2007,1059,ses_interpolated
SI,Slovenia,2008,1134,ses_interpolated
SI,Slovenia,2009,1208,ses_interpolated
SI,Slovenia,2010,1282,ses_survey
SI,Slovenia,2011,1287,ses_interpolated
SI,Slovenia,2012,1292,ses_interpolated
SI,Slovenia,2013,1296,ses_interpolated
SI,Slovenia,2014,1301,ses_survey
SI,Slovenia,2015,1331,ses_interpolated
SI,Slovenia,2016,1361,ses_interpolated
SI,Slovenia,2017,1391,ses_interpolated
SI,Slovenia,2018,1421,ses_survey
SI,Slovenia,2019,1528,ses_interpolated
SI,Slovenia,2020,1634,ses_interpolated
SI,Slovenia,2021,1740,ses_interpolated
SI,Slovenia,2022,1847,ses_survey
SI,Slovenia,2023,2025,ses_extrapolated
SI,Slovenia,2024,2150,ses_extrapolated
SI,Slovenia,2025,2320,ses_extrapolated
SI,Slovenia,2026,2495,ses_projected
SI,Slovenia,2027,2683,ses_projected
SI,Slovenia,2028,2886,ses_projected
SI,Slovenia,2029,3103,ses_projected
SI,Slovenia,2030,3337,ses_projected
SI,Slovenia,2031,3589,ses_projected
SK,Slovakia,2006,446,ses_survey
SK,Slovakia,2007,507,ses_interpolated
SK,Slovakia,2008,568,ses_interpolated
SK,Slovakia,2009,630,ses_interpolated
SK,Slovakia,2010,691,ses_survey
SK,Slovakia,2011,714,ses_interpolated
SK,Slovakia,2012,736,ses_interpolated
SK,Slovakia,2013,759,ses_interpolated
SK,Slovakia,2014,782,ses_survey
SK,Slovakia,2015,833,ses_interpolated
SK,Slovakia,2016,884,ses_interpolated
SK,Slovakia,2017,934,ses_interpolated
SK,Slovakia,2018,985,ses_survey
SK,Slovakia,2019,1070,ses_interpolated
SK,Slovakia,2020,1155,ses_interpolated
SK,Slovakia,2021,1240,ses_interpolated
SK,Slovakia,2022,1325,ses_survey
SK,Slovakia,2023,1462,ses_extrapolated
SK,Slovakia,2024,1575,ses_extrapolated
SK,Slovakia,2025,1674,ses_extrapolated
SK,Slovakia,2026,1824,ses_projected
SK,Slovakia,2027,1971,ses_projected
SK,Slovakia,2028,2129,ses_projected
SK,Slovakia,2029,2300,ses_projected
SK,Slovakia,2030,2485,ses_projected
SK,Slovakia,2031,2685,ses_projected
SM,San Marino,2025,2235,ratio_estimate
TR,Turkey,2006,392,ses_survey
TR,Turkey,2007,420,ses_interpolated
TR,Turkey,2008,447,ses_interpolated
TR,Turkey,2009,474,ses_interpolated
TR,Turkey,2010,502,ses_survey
TR,Turkey,2011,508,ses_interpolated
TR,Turkey,2012,515,ses_interpolated
TR,Turkey,2013,522,ses_interpolated
TR,Turkey,2014,528,ses_survey
TR,Turkey,2015,530,ses_interpolated
TR,Turkey,2016,533,ses_interpolated
TR,Turkey,2017,536,ses_interpolated
TR,Turkey,2018,538,ses_survey
UA,Ukraine,1999,29,ratio_estimate
UA,Ukraine,2000,35,ratio_estimate
UA,Ukraine,2002,54,ratio_estimate
UA,Ukraine,2003,55,ratio_estimate
UA,Ukraine,2004,64,ratio_estimate
UA,Ukraine,2005,91,ratio_estimate
UA,Ukraine,2006,118,ratio_estimate
UA,Ukraine,2007,140,ratio_estimate
UA,Ukraine,2008,168,ratio_estimate
UA,Ukraine,2009,126,ratio_estimate
UA,Ukraine,2010,153,ratio_estimate
UA,Ukraine,2011,171,ratio_estimate
UA,Ukraine,2012,212,ratio_estimate
UA,Ukraine,2013,222,ratio_estimate
UA,Ukraine,2014,159,ratio_estimate
UA,Ukraine,2015,125,ratio_estimate
UA,Ukraine,2016,132,ratio_estimate
UA,Ukraine,2017,171,ratio_estimate
UA,Ukraine,2018,199,ratio_estimate
UA,Ukraine,2019,261,ratio_estimate
UA,Ukraine,2020,271,ratio_estimate
UA,Ukraine,2021,312,ratio_estimate
UA,Ukraine,2022,278,ratio_estimate
UA,Ukraine,2023,369,ratio_estimate
UA,Ukraine,2024,387,ratio_estimate
UA,Ukraine,2025,402,ratio_estimate
UA,Ukraine,2026,480,ratio_estimate
UA,Ukraine,2027,501,ratio_estimate
UA,Ukraine,2028,517,ratio_estimate
UA,Ukraine,2029,534,ratio_estimate
UA,Ukraine,2030,563,ratio_estimate
UA,Ukraine,2031,601,ratio_estimate
XK,Kosovo,2025,570,ratio_estimate
