iso2,country,year,wage_median_eur,wage_mean_eur,median_source,source,is_forecast
DE,Germany,1991,1596.0,1832.0,ses_backcast,national_office,0
DE,Germany,1992,1745.0,2003.0,ses_backcast,national_office,0
DE,Germany,1993,1832.0,2103.0,ses_backcast,national_office,0
DE,Germany,1994,1904.0,2185.0,ses_backcast,national_office,0
DE,Germany,1995,1987.0,2281.0,ses_backcast,national_office,0
DE,Germany,1996,2042.0,2344.0,ses_backcast,national_office,0
DE,Germany,1997,2081.0,2389.0,ses_backcast,national_office,0
DE,Germany,1998,2132.0,2447.0,ses_backcast,national_office,0
DE,Germany,1999,2194.0,2518.0,ses_backcast,national_office,0
DE,Germany,2000,2222.0,2551.0,ses_backcast,national_office,0
DE,Germany,2001,2280.0,2617.0,ses_backcast,national_office,0
DE,Germany,2002,2353.0,2701.0,ses_backcast,national_office,0
DE,Germany,2003,2425.0,2783.0,ses_backcast,national_office,0
DE,Germany,2004,2479.0,2846.0,ses_backcast,national_office,0
DE,Germany,2005,2527.0,2901.0,ses_backcast,national_office,0
DE,Germany,2006,2570.0,2950.0,ses_direct,national_office,0
DE,Germany,2007,2594.0,3023.0,ses_interp,national_office,0
DE,Germany,2008,2619.0,3103.0,ses_interp,national_office,0
DE,Germany,2009,2644.0,3141.0,ses_interp,national_office,0
DE,Germany,2010,2668.0,3227.0,ses_direct,national_office,0
DE,Germany,2011,2680.0,3311.0,ses_interp,national_office,0
DE,Germany,2012,2692.0,3391.0,ses_interp,national_office,0
DE,Germany,2013,2704.0,3449.0,ses_interp,national_office,0
DE,Germany,2014,2716.0,3527.0,ses_direct,national_office,0
DE,Germany,2015,2784.0,3612.0,ses_interp,national_office,0
DE,Germany,2016,2851.0,3703.0,ses_interp,national_office,0
DE,Germany,2017,2918.0,3771.0,ses_interp,national_office,0
DE,Germany,2018,2986.0,3880.0,ses_direct,national_office,0
DE,Germany,2019,3080.0,3994.0,ses_interp,national_office,0
DE,Germany,2020,3174.0,3975.0,ses_interp,national_office,0
DE,Germany,2021,3267.0,4100.0,ses_interp,national_office,0
DE,Germany,2022,3361.0,4284.0,ses_direct,national_office,0
DE,Germany,2023,3505.0,4468.0,ses_forecast,national_office,0
DE,Germany,2024,3680.0,4691.0,ses_forecast,national_office,0
DE,Germany,2025,3806.0,4851.0,ses_forecast,national_office,0
PL,Poland,2002,469.0,581.0,ses_backcast,national_office,0
PL,Poland,2003,424.0,526.0,ses_backcast,national_office,0
PL,Poland,2004,429.0,532.0,ses_backcast,national_office,0
PL,Poland,2005,502.0,623.0,ses_backcast,national_office,0
PL,Poland,2006,546.0,677.0,ses_direct,national_office,0
PL,Poland,2007,584.0,757.0,ses_interp,national_office,0
PL,Poland,2008,622.0,899.0,ses_interp,national_office,0
PL,Poland,2009,659.0,766.0,ses_interp,national_office,0
PL,Poland,2010,697.0,860.0,ses_direct,national_office,0
PL,Poland,2011,709.0,880.0,ses_interp,national_office,0
PL,Poland,2012,720.0,895.0,ses_interp,national_office,0
PL,Poland,2013,732.0,924.0,ses_interp,national_office,0
PL,Poland,2014,744.0,957.0,ses_direct,national_office,0
PL,Poland,2015,774.0,992.0,ses_interp,national_office,0
PL,Poland,2016,804.0,983.0,ses_interp,national_office,0
PL,Poland,2017,833.0,1064.0,ses_interp,national_office,0
PL,Poland,2018,863.0,1135.0,ses_direct,national_office,0
PL,Poland,2019,946.0,1206.0,ses_interp,national_office,0
PL,Poland,2020,1030.0,1243.0,ses_interp,national_office,0
PL,Poland,2021,1113.0,1315.0,ses_interp,national_office,0
PL,Poland,2022,1196.0,1431.0,ses_direct,national_office,0
PL,Poland,2023,1397.0,1672.0,ses_forecast,national_office,0
PL,Poland,2024,1675.0,2004.0,ses_forecast,national_office,0
PL,Poland,2025,1849.0,2212.0,ses_forecast,national_office,0
RU,Russia,2000,55.0,85.0,ratio_estimate,national_office,0
RU,Russia,2001,81.0,124.0,ratio_estimate,national_office,0
RU,Russia,2002,96.0,147.0,ratio_estimate,national_office,0
RU,Russia,2003,103.0,159.0,ratio_estimate,national_office,0
RU,Russia,2004,122.0,188.0,ratio_estimate,national_office,0
RU,Russia,2005,158.0,243.0,ratio_estimate,national_office,0
RU,Russia,2006,203.0,312.0,ratio_estimate,national_office,0
RU,Russia,2007,252.0,388.0,ratio_estimate,national_office,0
RU,Russia,2008,309.0,475.0,ratio_estimate,national_office,0
RU,Russia,2009,274.0,422.0,ratio_estimate,national_office,0
RU,Russia,2010,338.0,520.0,ratio_estimate,national_office,0
RU,Russia,2011,372.0,572.0,ratio_estimate,national_office,0
RU,Russia,2012,434.0,667.0,ratio_estimate,national_office,0
RU,Russia,2013,458.0,704.0,ratio_estimate,national_office,0
RU,Russia,2014,415.0,638.0,ratio_estimate,national_office,0
RU,Russia,2015,325.0,500.0,ratio_estimate,national_office,0
RU,Russia,2016,322.0,495.0,ratio_estimate,national_office,0
RU,Russia,2017,386.0,594.0,ratio_estimate,national_office,0
RU,Russia,2018,384.0,591.0,ratio_estimate,national_office,0
RU,Russia,2019,430.0,661.0,ratio_estimate,national_office,0
RU,Russia,2020,404.0,621.0,ratio_estimate,national_office,0
RU,Russia,2021,427.0,657.0,ratio_estimate,national_office,0
RU,Russia,2022,575.0,884.0,ratio_estimate,national_office,0
RU,Russia,2023,526.0,810.0,ratio_estimate,national_office,0
RU,Russia,2024,588.0,904.0,ratio_estimate,national_office,0
RU,Russia,2025,711.0,1094.0,ratio_estimate,national_office,0
BY,Belarus,2000,36.0,53.0,ratio_estimate,national_office,0
BY,Belarus,2001,58.0,86.0,ratio_estimate,national_office,0
BY,Belarus,2002,67.0,98.0,ratio_estimate,national_office,0
BY,Belarus,2003,69.0,101.0,ratio_estimate,national_office,0
BY,Belarus,2004,89.0,131.0,ratio_estimate,national_office,0
BY,Belarus,2005,112.0,165.0,ratio_estimate,national_office,0
BY,Belarus,2006,136.0,200.0,ratio_estimate,national_office,0
BY,Belarus,2007,155.0,228.0,ratio_estimate,national_office,0
BY,Belarus,2008,192.0,283.0,ratio_estimate,national_office,0
BY,Belarus,2009,175.0,258.0,ratio_estimate,national_office,0
BY,Belarus,2010,214.0,314.0,ratio_estimate,national_office,0
BY,Belarus,2011,184.0,271.0,ratio_estimate,national_office,0
BY,Belarus,2012,236.0,347.0,ratio_estimate,national_office,0
BY,Belarus,2013,294.0,433.0,ratio_estimate,national_office,0
BY,Belarus,2014,301.0,442.0,ratio_estimate,national_office,0
BY,Belarus,2015,243.0,357.0,ratio_estimate,national_office,0
BY,Belarus,2017,248.0,364.0,ratio_estimate,national_office,0
BY,Belarus,2018,276.0,406.0,ratio_estimate,national_office,0
BY,Belarus,2019,318.0,468.0,ratio_estimate,national_office,0
BY,Belarus,2020,305.0,448.0,ratio_estimate,national_office,0
BY,Belarus,2021,326.0,480.0,ratio_estimate,national_office,0
BY,Belarus,2022,378.0,556.0,ratio_estimate,national_office,0
BY,Belarus,2023,399.0,587.0,ratio_estimate,national_office,0
BY,Belarus,2024,437.0,643.0,ratio_estimate,national_office,0
BY,Belarus,2025,506.0,744.0,ratio_estimate,national_office,0
UA,Ukraine,1999,29.0,40.0,ratio_estimate,national_office,0
UA,Ukraine,2000,35.0,48.0,ratio_estimate,national_office,0
UA,Ukraine,2002,54.0,75.0,ratio_estimate,national_office,0
UA,Ukraine,2003,55.0,77.0,ratio_estimate,national_office,0
UA,Ukraine,2004,64.0,89.0,ratio_estimate,national_office,0
UA,Ukraine,2005,91.0,126.0,ratio_estimate,national_office,0
UA,Ukraine,2006,118.0,164.0,ratio_estimate,national_office,0
UA,Ukraine,2007,140.0,195.0,ratio_estimate,national_office,0
UA,Ukraine,2008,168.0,234.0,ratio_estimate,national_office,0
UA,Ukraine,2009,126.0,175.0,ratio_estimate,national_office,0
UA,Ukraine,2010,153.0,213.0,ratio_estimate,national_office,0
UA,Ukraine,2011,171.0,237.0,ratio_estimate,national_office,0
UA,Ukraine,2012,212.0,295.0,ratio_estimate,national_office,0
UA,Ukraine,2013,222.0,308.0,ratio_estimate,national_office,0
UA,Ukraine,2014,159.0,221.0,ratio_estimate,national_office,0
UA,Ukraine,2015,125.0,173.0,ratio_estimate,national_office,0
UA,Ukraine,2016,132.0,183.0,ratio_estimate,national_office,0
UA,Ukraine,2017,171.0,237.0,ratio_estimate,national_office,0
UA,Ukraine,2018,199.0,276.0,ratio_estimate,national_office,0
UA,Ukraine,2019,261.0,363.0,ratio_estimate,national_office,0
UA,Ukraine,2020,271.0,376.0,ratio_estimate,national_office,0
UA,Ukraine,2021,312.0,434.0,ratio_estimate,national_office,0
UA,Ukraine,2022,278.0,386.0,ratio_estimate,national_office,0
MK,N. Macedonia,2011,419.0,498.0,ses_interp,national_office,0
MK,N. Macedonia,2012,406.0,499.0,ses_interp,national_office,0
MK,N. Macedonia,2013,394.0,504.0,ses_interp,national_office,0
MK,N. Macedonia,2014,381.0,509.0,ses_direct,national_office,0
MK,N. Macedonia,2015,398.0,523.0,ses_interp,national_office,0
MK,N. Macedonia,2016,415.0,534.0,ses_interp,national_office,0
MK,N. Macedonia,2017,432.0,548.0,ses_interp,national_office,0
MK,N. Macedonia,2018,449.0,579.0,ses_direct,national_office,0
MK,N. Macedonia,2019,505.0,609.0,ses_interp,national_office,0
MK,N. Macedonia,2020,562.0,660.0,ses_interp,national_office,0
MK,N. Macedonia,2021,618.0,697.0,ses_interp,national_office,0
MK,N. Macedonia,2022,674.0,775.0,ses_direct,national_office,0
MK,N. Macedonia,2023,777.0,893.0,ses_forecast,national_office,0
MK,N. Macedonia,2024,877.0,1008.0,ses_forecast,national_office,0
MK,N. Macedonia,2025,961.0,1105.0,ses_forecast,national_office,0
GE,Georgia,2006,131.0,175.0,ratio_estimate,national_office,0
GE,Georgia,2007,163.0,217.0,ratio_estimate,national_office,0
GE,Georgia,2008,195.0,260.0,ratio_estimate,national_office,0
GE,Georgia,2009,188.0,250.0,ratio_estimate,national_office,0
GE,Georgia,2010,215.0,287.0,ratio_estimate,national_office,0
GE,Georgia,2011,230.0,306.0,ratio_estimate,national_office,0
GE,Georgia,2012,302.0,403.0,ratio_estimate,national_office,0
GE,Georgia,2013,319.0,425.0,ratio_estimate,national_office,0
GE,Georgia,2014,300.0,400.0,ratio_estimate,national_office,0
GE,Georgia,2015,296.0,394.0,ratio_estimate,national_office,0
GE,Georgia,2016,295.0,393.0,ratio_estimate,national_office,0
GE,Georgia,2017,296.0,395.0,ratio_estimate,national_office,0
GE,Georgia,2018,303.0,404.0,ratio_estimate,national_office,0
GE,Georgia,2019,280.0,373.0,ratio_estimate,national_office,0
GE,Georgia,2020,262.0,350.0,ratio_estimate,national_office,0
GE,Georgia,2021,278.0,370.0,ratio_estimate,national_office,0
GE,Georgia,2022,380.0,507.0,ratio_estimate,national_office,0
GE,Georgia,2023,460.0,614.0,ratio_estimate,national_office,0
GE,Georgia,2024,484.0,646.0,ratio_estimate,national_office,0
AM,Armenia,1996,,,,national_office,0
AM,Armenia,1997,,,,national_office,0
AM,Armenia,1998,,,,national_office,0
AM,Armenia,1999,26.0,35.0,ratio_estimate,national_office,0
AM,Armenia,2000,34.0,46.0,ratio_estimate,national_office,0
AM,Armenia,2001,37.0,49.0,ratio_estimate,national_office,0
AM,Armenia,2002,38.0,50.0,ratio_estimate,national_office,0
AM,Armenia,2003,40.0,53.0,ratio_estimate,national_office,0
AM,Armenia,2004,49.0,65.0,ratio_estimate,national_office,0
AM,Armenia,2005,68.0,91.0,ratio_estimate,national_office,0
AM,Armenia,2006,89.0,119.0,ratio_estimate,national_office,0
AM,Armenia,2007,118.0,158.0,ratio_estimate,national_office,0
AM,Armenia,2008,146.0,194.0,ratio_estimate,national_office,0
AM,Armenia,2009,142.0,189.0,ratio_estimate,national_office,0
AM,Armenia,2010,155.0,207.0,ratio_estimate,national_office,0
AM,Armenia,2011,156.0,208.0,ratio_estimate,national_office,0
AM,Armenia,2013,202.0,269.0,ratio_estimate,national_office,0
AM,Armenia,2014,215.0,287.0,ratio_estimate,national_office,0
AM,Armenia,2016,246.0,328.0,ratio_estimate,national_office,0
AM,Armenia,2017,244.0,326.0,ratio_estimate,national_office,0
AM,Armenia,2018,227.0,303.0,ratio_estimate,national_office,0
AM,Armenia,2019,255.0,340.0,ratio_estimate,national_office,0
AM,Armenia,2020,255.0,340.0,ratio_estimate,national_office,0
AM,Armenia,2021,256.0,342.0,ratio_estimate,national_office,0
AM,Armenia,2022,385.0,513.0,ratio_estimate,national_office,0
AM,Armenia,2023,477.0,636.0,ratio_estimate,national_office,0
AM,Armenia,2024,507.0,676.0,ratio_estimate,national_office,0
AM,Armenia,2025,520.0,693.0,ratio_estimate,national_office,0
KZ,KZ,2015,369.0,512.0,ratio_estimate,national_office,0
KZ,KZ,2016,271.0,377.0,ratio_estimate,national_office,0
KZ,KZ,2017,295.0,410.0,ratio_estimate,national_office,0
KZ,KZ,2018,288.0,400.0,ratio_estimate,national_office,0
KZ,KZ,2019,314.0,436.0,ratio_estimate,national_office,0
KZ,KZ,2020,325.0,452.0,ratio_estimate,national_office,0
KZ,KZ,2021,358.0,497.0,ratio_estimate,national_office,0
KZ,KZ,2022,460.0,639.0,ratio_estimate,national_office,0
KZ,KZ,2023,532.0,739.0,ratio_estimate,national_office,0
KZ,KZ,2024,575.0,799.0,ratio_estimate,national_office,0
KZ,KZ,2025,542.0,753.0,ratio_estimate,national_office,0
AL,Albania,2023,,648.0,,national_office,0
AL,Albania,2024,,768.0,,national_office,0
AL,Albania,2025,,799.0,,national_office,0
GB,United Kingdom,2000,2268.0,2225.0,ses_backcast,national_office,0
GB,United Kingdom,2001,2337.0,2293.0,ses_backcast,national_office,0
GB,United Kingdom,2002,2381.0,2336.0,ses_backcast,national_office,0
GB,United Kingdom,2003,2234.0,2192.0,ses_backcast,national_office,0
GB,United Kingdom,2004,2376.0,2331.0,ses_backcast,national_office,0
GB,United Kingdom,2005,2467.0,2420.0,ses_backcast,national_office,0
GB,United Kingdom,2006,2591.0,2542.0,ses_direct,national_office,0
GB,United Kingdom,2007,2506.0,2660.0,ses_interp,national_office,0
GB,United Kingdom,2008,2422.0,2362.0,ses_interp,national_office,0
GB,United Kingdom,2009,2337.0,2111.0,ses_interp,national_office,0
GB,United Kingdom,2010,2252.0,2243.0,ses_direct,national_office,0
GB,United Kingdom,2011,2331.0,2272.0,ses_interp,national_office,0
GB,United Kingdom,2012,2410.0,2464.0,ses_interp,national_office,0
GB,United Kingdom,2013,2488.0,2377.0,ses_interp,national_office,0
GB,United Kingdom,2014,2567.0,2532.0,ses_direct,national_office,0
GB,United Kingdom,2015,2584.0,2878.0,ses_interp,national_office,0
GB,United Kingdom,2016,2601.0,2613.0,ses_interp,national_office,0
GB,United Kingdom,2017,2618.0,2496.0,ses_interp,national_office,0
GB,United Kingdom,2018,2635.0,2547.0,ses_direct,national_office,0
GB,United Kingdom,2019,2748.0,2656.0,ses_forecast,national_office,0
GB,United Kingdom,2020,2756.0,2664.0,ses_forecast,national_office,0
GB,United Kingdom,2021,3024.0,2923.0,ses_forecast,national_office,0
GB,United Kingdom,2022,3238.0,3130.0,ses_forecast,national_office,0
GB,United Kingdom,2023,3397.0,3284.0,ses_forecast,national_office,0
GB,United Kingdom,2024,3675.0,3552.0,ses_forecast,national_office,0
GB,United Kingdom,2025,3809.0,3682.0,ses_forecast,national_office,0
PL,Poland,1995,234.0,290.0,ses_backcast,eurostat_d11emp,0
PL,Poland,1996,277.0,343.0,ses_backcast,eurostat_d11emp,0
PL,Poland,1997,306.0,380.0,ses_backcast,eurostat_d11emp,0
PL,Poland,1998,331.0,410.0,ses_backcast,eurostat_d11emp,0
PL,Poland,1999,351.0,435.0,ses_backcast,eurostat_d11emp,0
PL,Poland,2000,410.0,508.0,ses_backcast,eurostat_d11emp,0
PL,Poland,2001,491.0,609.0,ses_backcast,eurostat_d11emp,0
AT,Austria,1990,1398.0,1713.0,ses_backcast,oecd,0
AT,Austria,1991,1488.0,1823.0,ses_backcast,oecd,0
AT,Austria,1992,1569.0,1922.0,ses_backcast,oecd,0
AT,Austria,1993,1630.0,1997.0,ses_backcast,oecd,0
AT,Austria,1994,1684.0,2063.0,ses_backcast,oecd,0
AT,Austria,1995,1710.0,2095.0,ses_backcast,eurostat_d11emp,0
AT,Austria,1996,1691.0,2072.0,ses_backcast,eurostat_d11emp,0
AT,Austria,1997,1654.0,2027.0,ses_backcast,eurostat_d11emp,0
AT,Austria,1998,1699.0,2082.0,ses_backcast,eurostat_d11emp,0
AT,Austria,1999,1744.0,2137.0,ses_backcast,eurostat_d11emp,0
AT,Austria,2000,1787.0,2190.0,ses_backcast,eurostat_d11emp,0
AT,Austria,2001,1813.0,2221.0,ses_backcast,eurostat_d11emp,0
AT,Austria,2002,1852.0,2269.0,ses_backcast,eurostat_d11emp,0
AT,Austria,2003,1882.0,2306.0,ses_backcast,eurostat_d11emp,0
AT,Austria,2004,1914.0,2345.0,ses_backcast,eurostat_d11emp,0
AT,Austria,2005,1958.0,2399.0,ses_backcast,eurostat_d11emp,0
AT,Austria,2006,2019.0,2474.0,ses_direct,eurostat_d11emp,0
AT,Austria,2007,2076.0,2553.0,ses_interp,eurostat_d11emp,0
AT,Austria,2008,2132.0,2642.0,ses_interp,eurostat_d11emp,0
AT,Austria,2009,2189.0,2681.0,ses_interp,eurostat_d11emp,0
AT,Austria,2010,2246.0,2710.0,ses_direct,eurostat_d11emp,0
AT,Austria,2011,2292.0,2763.0,ses_interp,eurostat_d11emp,0
AT,Austria,2012,2338.0,2838.0,ses_interp,eurostat_d11emp,0
AT,Austria,2013,2384.0,2895.0,ses_interp,eurostat_d11emp,0
AT,Austria,2014,2430.0,2942.0,ses_direct,eurostat_d11emp,0
AT,Austria,2015,2484.0,3001.0,ses_interp,eurostat_d11emp,0
AT,Austria,2016,2538.0,3072.0,ses_interp,eurostat_d11emp,0
AT,Austria,2017,2593.0,3122.0,ses_interp,eurostat_d11emp,0
AT,Austria,2018,2647.0,3206.0,ses_direct,eurostat_d11emp,0
AT,Austria,2019,2750.0,3301.0,ses_interp,eurostat_d11emp,0
AT,Austria,2020,2853.0,3359.0,ses_interp,eurostat_d11emp,0
AT,Austria,2021,2956.0,3462.0,ses_interp,eurostat_d11emp,0
AT,Austria,2022,3059.0,3633.0,ses_direct,eurostat_d11emp,0
AT,Austria,2023,3278.0,3893.0,ses_forecast,eurostat_d11emp,0
AT,Austria,2024,3515.0,4174.0,ses_forecast,eurostat_d11emp,0
AT,Austria,2025,3647.0,4331.0,ses_forecast,eurostat_d11emp,0
BE,Belgium,1990,1633.0,1804.0,ses_backcast,oecd,0
BE,Belgium,1991,1752.0,1936.0,ses_backcast,oecd,0
BE,Belgium,1992,1842.0,2035.0,ses_backcast,oecd,0
BE,Belgium,1993,1929.0,2131.0,ses_backcast,oecd,0
BE,Belgium,1994,2010.0,2221.0,ses_backcast,oecd,0
BE,Belgium,1995,1959.0,2164.0,ses_backcast,eurostat_d11emp,0
BE,Belgium,1996,1954.0,2159.0,ses_backcast,eurostat_d11emp,0
BE,Belgium,1997,1942.0,2145.0,ses_backcast,eurostat_d11emp,0
BE,Belgium,1998,1956.0,2161.0,ses_backcast,eurostat_d11emp,0
BE,Belgium,1999,2048.0,2262.0,ses_backcast,eurostat_d11emp,0
BE,Belgium,2000,2104.0,2324.0,ses_backcast,eurostat_d11emp,0
BE,Belgium,2001,2183.0,2412.0,ses_backcast,eurostat_d11emp,0
BE,Belgium,2002,2260.0,2497.0,ses_backcast,eurostat_d11emp,0
BE,Belgium,2003,2301.0,2542.0,ses_backcast,eurostat_d11emp,0
BE,Belgium,2004,2345.0,2591.0,ses_backcast,eurostat_d11emp,0
BE,Belgium,2005,2391.0,2641.0,ses_backcast,eurostat_d11emp,0
BE,Belgium,2006,2473.0,2732.0,ses_direct,eurostat_d11emp,0
BE,Belgium,2007,2566.0,2810.0,ses_interp,eurostat_d11emp,0
BE,Belgium,2008,2660.0,2909.0,ses_interp,eurostat_d11emp,0
BE,Belgium,2009,2753.0,2927.0,ses_interp,eurostat_d11emp,0
BE,Belgium,2010,2846.0,2971.0,ses_direct,eurostat_d11emp,0
BE,Belgium,2011,2885.0,3078.0,ses_interp,eurostat_d11emp,0
BE,Belgium,2012,2924.0,3176.0,ses_interp,eurostat_d11emp,0
BE,Belgium,2013,2963.0,3250.0,ses_interp,eurostat_d11emp,0
BE,Belgium,2014,3002.0,3294.0,ses_direct,eurostat_d11emp,0
BE,Belgium,2015,3030.0,3301.0,ses_interp,eurostat_d11emp,0
BE,Belgium,2016,3058.0,3373.0,ses_interp,eurostat_d11emp,0
BE,Belgium,2017,3087.0,3442.0,ses_interp,eurostat_d11emp,0
BE,Belgium,2018,3115.0,3522.0,ses_direct,eurostat_d11emp,0
BE,Belgium,2019,3369.0,3598.0,ses_interp,eurostat_d11emp,0
BE,Belgium,2020,3624.0,3540.0,ses_interp,eurostat_d11emp,0
BE,Belgium,2021,3878.0,3739.0,ses_interp,eurostat_d11emp,0
BE,Belgium,2022,4132.0,4039.0,ses_direct,eurostat_d11emp,0
BE,Belgium,2023,4440.0,4340.0,ses_forecast,eurostat_d11emp,0
BE,Belgium,2024,4572.0,4469.0,ses_forecast,eurostat_d11emp,0
BE,Belgium,2025,4721.0,4615.0,ses_forecast,eurostat_d11emp,0
EE,Estonia,1995,130.0,163.0,ses_backcast,eurostat_d11emp,0
EE,Estonia,1996,164.0,206.0,ses_backcast,eurostat_d11emp,0
EE,Estonia,1997,191.0,240.0,ses_backcast,eurostat_d11emp,0
EE,Estonia,1998,216.0,272.0,ses_backcast,eurostat_d11emp,0
EE,Estonia,1999,235.0,296.0,ses_backcast,eurostat_d11emp,0
EE,Estonia,2000,263.0,331.0,ses_backcast,eurostat_d11emp,0
EE,Estonia,2001,290.0,365.0,ses_backcast,eurostat_d11emp,0
EE,Estonia,2002,317.0,399.0,ses_backcast,eurostat_d11emp,0
EE,Estonia,2003,353.0,444.0,ses_backcast,eurostat_d11emp,0
EE,Estonia,2004,396.0,498.0,ses_backcast,eurostat_d11emp,0
EE,Estonia,2005,438.0,551.0,ses_backcast,eurostat_d11emp,0
EE,Estonia,2006,504.0,634.0,ses_direct,eurostat_d11emp,0
EE,Estonia,2007,555.0,796.0,ses_interp,eurostat_d11emp,0
EE,Estonia,2008,606.0,873.0,ses_interp,eurostat_d11emp,0
EE,Estonia,2009,658.0,832.0,ses_interp,eurostat_d11emp,0
EE,Estonia,2010,709.0,858.0,ses_direct,eurostat_d11emp,0
EE,Estonia,2011,744.0,881.0,ses_interp,eurostat_d11emp,0
EE,Estonia,2012,780.0,930.0,ses_interp,eurostat_d11emp,0
EE,Estonia,2013,816.0,984.0,ses_interp,eurostat_d11emp,0
EE,Estonia,2014,851.0,1047.0,ses_direct,eurostat_d11emp,0
EE,Estonia,2015,921.0,1083.0,ses_interp,eurostat_d11emp,0
EE,Estonia,2016,990.0,1152.0,ses_interp,eurostat_d11emp,0
EE,Estonia,2017,1060.0,1234.0,ses_interp,eurostat_d11emp,0
EE,Estonia,2018,1130.0,1350.0,ses_direct,eurostat_d11emp,0
EE,Estonia,2019,1254.0,1452.0,ses_interp,eurostat_d11emp,0
EE,Estonia,2020,1378.0,1515.0,ses_interp,eurostat_d11emp,0
EE,Estonia,2021,1502.0,1661.0,ses_interp,eurostat_d11emp,0
EE,Estonia,2022,1626.0,1788.0,ses_direct,eurostat_d11emp,0
EE,Estonia,2023,1767.0,1943.0,ses_forecast,eurostat_d11emp,0
EE,Estonia,2024,1891.0,2079.0,ses_forecast,eurostat_d11emp,0
EE,Estonia,2025,1972.0,2169.0,ses_forecast,eurostat_d11emp,0
FI,Finland,1990,1770.0,1861.0,ses_backcast,eurostat_d11emp,0
FI,Finland,1991,1820.0,1913.0,ses_backcast,eurostat_d11emp,0
FI,Finland,1992,1597.0,1679.0,ses_backcast,eurostat_d11emp,0
FI,Finland,1993,1384.0,1455.0,ses_backcast,eurostat_d11emp,0
FI,Finland,1994,1529.0,1607.0,ses_backcast,eurostat_d11emp,0
FI,Finland,1995,1729.0,1818.0,ses_backcast,eurostat_d11emp,0
FI,Finland,1996,1749.0,1839.0,ses_backcast,eurostat_d11emp,0
FI,Finland,1997,1768.0,1859.0,ses_backcast,eurostat_d11emp,0
FI,Finland,1998,1813.0,1906.0,ses_backcast,eurostat_d11emp,0
FI,Finland,1999,1894.0,1991.0,ses_backcast,eurostat_d11emp,0
FI,Finland,2000,1985.0,2087.0,ses_backcast,eurostat_d11emp,0
FI,Finland,2001,2049.0,2154.0,ses_backcast,eurostat_d11emp,0
FI,Finland,2002,2093.0,2200.0,ses_backcast,eurostat_d11emp,0
FI,Finland,2003,2151.0,2261.0,ses_backcast,eurostat_d11emp,0
FI,Finland,2004,2228.0,2342.0,ses_backcast,eurostat_d11emp,0
FI,Finland,2005,2301.0,2419.0,ses_backcast,eurostat_d11emp,0
FI,Finland,2006,2378.0,2500.0,ses_direct,eurostat_d11emp,0
FI,Finland,2007,2475.0,2582.0,ses_interp,eurostat_d11emp,0
FI,Finland,2008,2572.0,2695.0,ses_interp,eurostat_d11emp,0
FI,Finland,2009,2669.0,2759.0,ses_interp,eurostat_d11emp,0
FI,Finland,2010,2766.0,2867.0,ses_direct,eurostat_d11emp,0
FI,Finland,2011,2822.0,2960.0,ses_interp,eurostat_d11emp,0
FI,Finland,2012,2877.0,3032.0,ses_interp,eurostat_d11emp,0
FI,Finland,2013,2932.0,3076.0,ses_interp,eurostat_d11emp,0
FI,Finland,2014,2988.0,3109.0,ses_direct,eurostat_d11emp,0
FI,Finland,2015,2999.0,3136.0,ses_interp,eurostat_d11emp,0
FI,Finland,2016,3010.0,3162.0,ses_interp,eurostat_d11emp,0
FI,Finland,2017,3021.0,3196.0,ses_interp,eurostat_d11emp,0
FI,Finland,2018,3032.0,3258.0,ses_direct,eurostat_d11emp,0
FI,Finland,2019,3112.0,3329.0,ses_interp,eurostat_d11emp,0
FI,Finland,2020,3191.0,3380.0,ses_interp,eurostat_d11emp,0
FI,Finland,2021,3270.0,3482.0,ses_interp,eurostat_d11emp,0
FI,Finland,2022,3350.0,3567.0,ses_direct,eurostat_d11emp,0
FI,Finland,2023,3460.0,3684.0,ses_forecast,eurostat_d11emp,0
FI,Finland,2024,3549.0,3779.0,ses_forecast,eurostat_d11emp,0
FI,Finland,2025,3655.0,3892.0,ses_forecast,eurostat_d11emp,0
FR,France,1990,1430.0,1457.0,ses_backcast,eurostat_d11emp,0
FR,France,1991,1473.0,1501.0,ses_backcast,eurostat_d11emp,0
FR,France,1992,1548.0,1578.0,ses_backcast,eurostat_d11emp,0
FR,France,1993,1636.0,1667.0,ses_backcast,eurostat_d11emp,0
FR,France,1994,1666.0,1698.0,ses_backcast,eurostat_d11emp,0
FR,France,1995,1722.0,1755.0,ses_backcast,eurostat_d11emp,0
FR,France,1996,1761.0,1795.0,ses_backcast,eurostat_d11emp,0
FR,France,1997,1758.0,1792.0,ses_backcast,eurostat_d11emp,0
FR,France,1998,1791.0,1825.0,ses_backcast,eurostat_d11emp,0
FR,France,1999,1837.0,1872.0,ses_backcast,eurostat_d11emp,0
FR,France,2000,1898.0,1934.0,ses_backcast,eurostat_d11emp,0
FR,France,2001,1953.0,1990.0,ses_backcast,eurostat_d11emp,0
FR,France,2002,2023.0,2062.0,ses_backcast,eurostat_d11emp,0
FR,France,2003,2076.0,2116.0,ses_backcast,eurostat_d11emp,0
FR,France,2004,2151.0,2192.0,ses_backcast,eurostat_d11emp,0
FR,France,2005,2220.0,2263.0,ses_backcast,eurostat_d11emp,0
FR,France,2006,2293.0,2337.0,ses_direct,eurostat_d11emp,0
FR,France,2007,2315.0,2396.0,ses_interp,eurostat_d11emp,0
FR,France,2008,2338.0,2457.0,ses_interp,eurostat_d11emp,0
FR,France,2009,2360.0,2492.0,ses_interp,eurostat_d11emp,0
FR,France,2010,2382.0,2564.0,ses_direct,eurostat_d11emp,0
FR,France,2011,2434.0,2616.0,ses_interp,eurostat_d11emp,0
FR,France,2012,2486.0,2665.0,ses_interp,eurostat_d11emp,0
FR,France,2013,2538.0,2706.0,ses_interp,eurostat_d11emp,0
FR,France,2014,2590.0,2727.0,ses_direct,eurostat_d11emp,0
FR,France,2015,2607.0,2757.0,ses_interp,eurostat_d11emp,0
FR,France,2016,2624.0,2794.0,ses_interp,eurostat_d11emp,0
FR,France,2017,2642.0,2853.0,ses_interp,eurostat_d11emp,0
FR,France,2018,2659.0,2900.0,ses_direct,eurostat_d11emp,0
FR,France,2019,2723.0,2963.0,ses_interp,eurostat_d11emp,0
FR,France,2020,2786.0,2855.0,ses_interp,eurostat_d11emp,0
FR,France,2021,2850.0,3005.0,ses_interp,eurostat_d11emp,0
FR,France,2022,2914.0,3173.0,ses_direct,eurostat_d11emp,0
FR,France,2023,3049.0,3320.0,ses_forecast,eurostat_d11emp,0
FR,France,2024,3130.0,3408.0,ses_forecast,eurostat_d11emp,0
FR,France,2025,3185.0,3468.0,ses_forecast,eurostat_d11emp,0
GR,Greece,1995,694.0,810.0,ses_backcast,eurostat_d11emp,0
GR,Greece,1996,752.0,878.0,ses_backcast,eurostat_d11emp,0
GR,Greece,1997,843.0,984.0,ses_backcast,eurostat_d11emp,0
GR,Greece,1998,834.0,973.0,ses_backcast,eurostat_d11emp,0
GR,Greece,1999,901.0,1051.0,ses_backcast,eurostat_d11emp,0
GR,Greece,2000,904.0,1055.0,ses_backcast,eurostat_d11emp,0
GR,Greece,2001,943.0,1101.0,ses_backcast,eurostat_d11emp,0
GR,Greece,2002,1034.0,1207.0,ses_backcast,eurostat_d11emp,0
GR,Greece,2003,1123.0,1311.0,ses_backcast,eurostat_d11emp,0
GR,Greece,2004,1176.0,1372.0,ses_backcast,eurostat_d11emp,0
GR,Greece,2005,1262.0,1473.0,ses_backcast,eurostat_d11emp,0
GR,Greece,2006,1329.0,1551.0,ses_direct,eurostat_d11emp,0
GR,Greece,2007,1389.0,1607.0,ses_interp,eurostat_d11emp,0
GR,Greece,2008,1450.0,1644.0,ses_interp,eurostat_d11emp,0
GR,Greece,2009,1510.0,1718.0,ses_interp,eurostat_d11emp,0
GR,Greece,2010,1570.0,1676.0,ses_direct,eurostat_d11emp,0
GR,Greece,2011,1524.0,1615.0,ses_interp,eurostat_d11emp,0
GR,Greece,2012,1478.0,1525.0,ses_interp,eurostat_d11emp,0
GR,Greece,2013,1433.0,1396.0,ses_interp,eurostat_d11emp,0
GR,Greece,2014,1387.0,1351.0,ses_direct,eurostat_d11emp,0
GR,Greece,2015,1344.0,1344.0,ses_interp,eurostat_d11emp,0
GR,Greece,2016,1300.0,1301.0,ses_interp,eurostat_d11emp,0
GR,Greece,2017,1256.0,1307.0,ses_interp,eurostat_d11emp,0
GR,Greece,2018,1213.0,1259.0,ses_direct,eurostat_d11emp,0
GR,Greece,2019,1256.0,1262.0,ses_interp,eurostat_d11emp,0
GR,Greece,2020,1300.0,1260.0,ses_interp,eurostat_d11emp,0
GR,Greece,2021,1344.0,1282.0,ses_interp,eurostat_d11emp,0
GR,Greece,2022,1387.0,1322.0,ses_direct,eurostat_d11emp,0
GR,Greece,2023,1445.0,1377.0,ses_forecast,eurostat_d11emp,0
GR,Greece,2024,1527.0,1455.0,ses_forecast,eurostat_d11emp,0
GR,Greece,2025,1585.0,1511.0,ses_forecast,eurostat_d11emp,0
IE,Ireland,1990,1210.0,1184.0,ses_backcast,oecd,0
IE,Ireland,1991,1294.0,1266.0,ses_backcast,oecd,0
IE,Ireland,1992,1388.0,1358.0,ses_backcast,oecd,0
IE,Ireland,1993,1488.0,1456.0,ses_backcast,oecd,0
IE,Ireland,1994,1538.0,1505.0,ses_backcast,oecd,0
IE,Ireland,1995,1418.0,1387.0,ses_backcast,eurostat_d11emp,0
IE,Ireland,1996,1559.0,1525.0,ses_backcast,eurostat_d11emp,0
IE,Ireland,1997,1806.0,1767.0,ses_backcast,eurostat_d11emp,0
IE,Ireland,1998,1854.0,1814.0,ses_backcast,eurostat_d11emp,0
IE,Ireland,1999,1941.0,1899.0,ses_backcast,eurostat_d11emp,0
IE,Ireland,2000,2092.0,2047.0,ses_backcast,eurostat_d11emp,0
IE,Ireland,2001,2255.0,2206.0,ses_backcast,eurostat_d11emp,0
IE,Ireland,2002,2377.0,2326.0,ses_backcast,eurostat_d11emp,0
IE,Ireland,2003,2529.0,2474.0,ses_backcast,eurostat_d11emp,0
IE,Ireland,2004,2658.0,2601.0,ses_backcast,eurostat_d11emp,0
IE,Ireland,2005,2807.0,2746.0,ses_backcast,eurostat_d11emp,0
IE,Ireland,2006,2914.0,2851.0,ses_direct,eurostat_d11emp,0
IE,Ireland,2007,2976.0,3015.0,ses_interp,eurostat_d11emp,0
IE,Ireland,2008,3038.0,3166.0,ses_interp,eurostat_d11emp,0
IE,Ireland,2009,3101.0,3155.0,ses_interp,eurostat_d11emp,0
IE,Ireland,2010,3163.0,3110.0,ses_direct,eurostat_d11emp,0
IE,Ireland,2011,3246.0,3238.0,ses_interp,eurostat_d11emp,0
IE,Ireland,2012,3328.0,3262.0,ses_interp,eurostat_d11emp,0
IE,Ireland,2013,3411.0,3230.0,ses_interp,eurostat_d11emp,0
IE,Ireland,2014,3494.0,3264.0,ses_direct,eurostat_d11emp,0
IE,Ireland,2015,3399.0,3307.0,ses_interp,eurostat_d11emp,0
IE,Ireland,2016,3304.0,3386.0,ses_interp,eurostat_d11emp,0
IE,Ireland,2017,3210.0,3477.0,ses_interp,eurostat_d11emp,0
IE,Ireland,2018,3115.0,3598.0,ses_direct,eurostat_d11emp,0
IE,Ireland,2019,3214.0,3735.0,ses_interp,eurostat_d11emp,0
IE,Ireland,2020,3312.0,3852.0,ses_interp,eurostat_d11emp,0
IE,Ireland,2021,3411.0,3983.0,ses_interp,eurostat_d11emp,0
IE,Ireland,2022,3510.0,4151.0,ses_direct,eurostat_d11emp,0
IE,Ireland,2023,3644.0,4310.0,ses_forecast,eurostat_d11emp,0
IE,Ireland,2024,3865.0,4571.0,ses_forecast,eurostat_d11emp,0
IE,Ireland,2025,4058.0,4799.0,ses_forecast,eurostat_d11emp,0
IT,Italy,1990,1132.0,1204.0,ses_backcast,oecd,0
IT,Italy,1991,1220.0,1297.0,ses_backcast,oecd,0
IT,Italy,1992,1282.0,1363.0,ses_backcast,oecd,0
IT,Italy,1993,1330.0,1414.0,ses_backcast,oecd,0
IT,Italy,1994,1379.0,1467.0,ses_backcast,oecd,0
IT,Italy,1995,1224.0,1302.0,ses_backcast,eurostat_d11emp,0
IT,Italy,1996,1399.0,1488.0,ses_backcast,eurostat_d11emp,0
IT,Italy,1997,1478.0,1572.0,ses_backcast,eurostat_d11emp,0
IT,Italy,1998,1502.0,1597.0,ses_backcast,eurostat_d11emp,0
IT,Italy,1999,1545.0,1643.0,ses_backcast,eurostat_d11emp,0
IT,Italy,2000,1590.0,1691.0,ses_backcast,eurostat_d11emp,0
IT,Italy,2001,1645.0,1749.0,ses_backcast,eurostat_d11emp,0
IT,Italy,2002,1679.0,1786.0,ses_backcast,eurostat_d11emp,0
IT,Italy,2003,1718.0,1827.0,ses_backcast,eurostat_d11emp,0
IT,Italy,2004,1780.0,1893.0,ses_backcast,eurostat_d11emp,0
IT,Italy,2005,1835.0,1951.0,ses_backcast,eurostat_d11emp,0
IT,Italy,2006,1891.0,2011.0,ses_direct,eurostat_d11emp,0
IT,Italy,2007,1932.0,2052.0,ses_interp,eurostat_d11emp,0
IT,Italy,2008,1974.0,2110.0,ses_interp,eurostat_d11emp,0
IT,Italy,2009,2016.0,2114.0,ses_interp,eurostat_d11emp,0
IT,Italy,2010,2057.0,2161.0,ses_direct,eurostat_d11emp,0
IT,Italy,2011,2084.0,2184.0,ses_interp,eurostat_d11emp,0
IT,Italy,2012,2111.0,2159.0,ses_interp,eurostat_d11emp,0
IT,Italy,2013,2138.0,2178.0,ses_interp,eurostat_d11emp,0
IT,Italy,2014,2165.0,2189.0,ses_direct,eurostat_d11emp,0
IT,Italy,2015,2170.0,2217.0,ses_interp,eurostat_d11emp,0
IT,Italy,2016,2176.0,2234.0,ses_interp,eurostat_d11emp,0
IT,Italy,2017,2181.0,2244.0,ses_interp,eurostat_d11emp,0
IT,Italy,2018,2186.0,2272.0,ses_direct,eurostat_d11emp,0
IT,Italy,2019,2205.0,2297.0,ses_interp,eurostat_d11emp,0
IT,Italy,2020,2224.0,2197.0,ses_interp,eurostat_d11emp,0
IT,Italy,2021,2243.0,2351.0,ses_interp,eurostat_d11emp,0
IT,Italy,2022,2262.0,2443.0,ses_direct,eurostat_d11emp,0
IT,Italy,2023,2326.0,2512.0,ses_forecast,eurostat_d11emp,0
IT,Italy,2024,2405.0,2597.0,ses_forecast,eurostat_d11emp,0
IT,Italy,2025,2471.0,2669.0,ses_forecast,eurostat_d11emp,0
LV,Latvia,1996,103.0,170.0,ses_backcast,eurostat_d11emp,0
LV,Latvia,1997,122.0,202.0,ses_backcast,eurostat_d11emp,0
LV,Latvia,1998,133.0,219.0,ses_backcast,eurostat_d11emp,0
LV,Latvia,1999,150.0,248.0,ses_backcast,eurostat_d11emp,0
LV,Latvia,2000,184.0,303.0,ses_backcast,eurostat_d11emp,0
LV,Latvia,2001,196.0,323.0,ses_backcast,eurostat_d11emp,0
LV,Latvia,2002,196.0,324.0,ses_backcast,eurostat_d11emp,0
LV,Latvia,2003,202.0,333.0,ses_backcast,eurostat_d11emp,0
LV,Latvia,2004,225.0,371.0,ses_backcast,eurostat_d11emp,0
LV,Latvia,2005,276.0,455.0,ses_backcast,eurostat_d11emp,0
LV,Latvia,2006,338.0,558.0,ses_direct,eurostat_d11emp,0
LV,Latvia,2007,377.0,752.0,ses_interp,eurostat_d11emp,0
LV,Latvia,2008,416.0,880.0,ses_interp,eurostat_d11emp,0
LV,Latvia,2009,455.0,761.0,ses_interp,eurostat_d11emp,0
LV,Latvia,2010,494.0,713.0,ses_direct,eurostat_d11emp,0
LV,Latvia,2011,516.0,731.0,ses_interp,eurostat_d11emp,0
LV,Latvia,2012,538.0,796.0,ses_interp,eurostat_d11emp,0
LV,Latvia,2013,559.0,834.0,ses_interp,eurostat_d11emp,0
LV,Latvia,2014,581.0,907.0,ses_direct,eurostat_d11emp,0
LV,Latvia,2015,649.0,976.0,ses_interp,eurostat_d11emp,0
LV,Latvia,2016,717.0,1038.0,ses_interp,eurostat_d11emp,0
LV,Latvia,2017,785.0,1115.0,ses_interp,eurostat_d11emp,0
LV,Latvia,2018,853.0,1192.0,ses_direct,eurostat_d11emp,0
LV,Latvia,2019,950.0,1246.0,ses_interp,eurostat_d11emp,0
LV,Latvia,2020,1046.0,1281.0,ses_interp,eurostat_d11emp,0
LV,Latvia,2021,1142.0,1376.0,ses_interp,eurostat_d11emp,0
LV,Latvia,2022,1239.0,1555.0,ses_direct,eurostat_d11emp,0
LV,Latvia,2023,1305.0,1638.0,ses_forecast,eurostat_d11emp,0
LV,Latvia,2024,1437.0,1804.0,ses_forecast,eurostat_d11emp,0
LV,Latvia,2025,1560.0,1958.0,ses_forecast,eurostat_d11emp,0
LT,Lithuania,1995,69.0,108.0,ses_backcast,eurostat_d11emp,0
LT,Lithuania,1996,94.0,146.0,ses_backcast,eurostat_d11emp,0
LT,Lithuania,1997,126.0,197.0,ses_backcast,eurostat_d11emp,0
LT,Lithuania,1998,148.0,231.0,ses_backcast,eurostat_d11emp,0
LT,Lithuania,1999,160.0,250.0,ses_backcast,eurostat_d11emp,0
LT,Lithuania,2000,182.0,284.0,ses_backcast,eurostat_d11emp,0
LT,Lithuania,2001,202.0,315.0,ses_backcast,eurostat_d11emp,0
LT,Lithuania,2002,222.0,346.0,ses_backcast,eurostat_d11emp,0
LT,Lithuania,2003,244.0,380.0,ses_backcast,eurostat_d11emp,0
LT,Lithuania,2004,272.0,423.0,ses_backcast,eurostat_d11emp,0
LT,Lithuania,2005,308.0,480.0,ses_backcast,eurostat_d11emp,0
LT,Lithuania,2006,371.0,578.0,ses_direct,eurostat_d11emp,0
LT,Lithuania,2007,395.0,653.0,ses_interp,eurostat_d11emp,0
LT,Lithuania,2008,418.0,739.0,ses_interp,eurostat_d11emp,0
LT,Lithuania,2009,442.0,669.0,ses_interp,eurostat_d11emp,0
LT,Lithuania,2010,466.0,677.0,ses_direct,eurostat_d11emp,0
LT,Lithuania,2011,484.0,718.0,ses_interp,eurostat_d11emp,0
LT,Lithuania,2012,502.0,750.0,ses_interp,eurostat_d11emp,0
LT,Lithuania,2013,521.0,788.0,ses_interp,eurostat_d11emp,0
LT,Lithuania,2014,539.0,823.0,ses_direct,eurostat_d11emp,0
LT,Lithuania,2015,595.0,871.0,ses_interp,eurostat_d11emp,0
LT,Lithuania,2016,652.0,925.0,ses_interp,eurostat_d11emp,0
LT,Lithuania,2017,708.0,1010.0,ses_interp,eurostat_d11emp,0
LT,Lithuania,2018,764.0,1087.0,ses_direct,eurostat_d11emp,0
LT,Lithuania,2019,955.0,1486.0,ses_interp,eurostat_d11emp,0
LT,Lithuania,2020,1146.0,1582.0,ses_interp,eurostat_d11emp,0
LT,Lithuania,2021,1338.0,1769.0,ses_interp,eurostat_d11emp,0
LT,Lithuania,2022,1529.0,1973.0,ses_direct,eurostat_d11emp,0
LT,Lithuania,2023,1714.0,2212.0,ses_forecast,eurostat_d11emp,0
LT,Lithuania,2024,1837.0,2371.0,ses_forecast,eurostat_d11emp,0
LT,Lithuania,2025,2021.0,2608.0,ses_forecast,eurostat_d11emp,0
LU,Luxembourg,1990,1554.0,2176.0,ses_backcast,oecd,0
LU,Luxembourg,1991,1652.0,2313.0,ses_backcast,oecd,0
LU,Luxembourg,1992,1768.0,2475.0,ses_backcast,oecd,0
LU,Luxembourg,1993,1874.0,2623.0,ses_backcast,oecd,0
LU,Luxembourg,1994,1954.0,2735.0,ses_backcast,oecd,0
LU,Luxembourg,1995,1951.0,2731.0,ses_backcast,eurostat_d11emp,0
LU,Luxembourg,1996,1983.0,2776.0,ses_backcast,eurostat_d11emp,0
LU,Luxembourg,1997,1982.0,2774.0,ses_backcast,eurostat_d11emp,0
LU,Luxembourg,1998,1998.0,2797.0,ses_backcast,eurostat_d11emp,0
LU,Luxembourg,1999,2121.0,2969.0,ses_backcast,eurostat_d11emp,0
LU,Luxembourg,2000,2244.0,3141.0,ses_backcast,eurostat_d11emp,0
LU,Luxembourg,2001,2305.0,3227.0,ses_backcast,eurostat_d11emp,0
LU,Luxembourg,2002,2400.0,3360.0,ses_backcast,eurostat_d11emp,0
LU,Luxembourg,2003,2425.0,3394.0,ses_backcast,eurostat_d11emp,0
LU,Luxembourg,2004,2515.0,3520.0,ses_backcast,eurostat_d11emp,0
LU,Luxembourg,2005,2600.0,3639.0,ses_backcast,eurostat_d11emp,0
LU,Luxembourg,2006,2721.0,3809.0,ses_direct,eurostat_d11emp,0
LU,Luxembourg,2007,2813.0,3985.0,ses_interp,eurostat_d11emp,0
LU,Luxembourg,2008,2906.0,4087.0,ses_interp,eurostat_d11emp,0
LU,Luxembourg,2009,2998.0,4111.0,ses_interp,eurostat_d11emp,0
LU,Luxembourg,2010,3090.0,4201.0,ses_direct,eurostat_d11emp,0
LU,Luxembourg,2011,3114.0,4359.0,ses_interp,eurostat_d11emp,0
LU,Luxembourg,2012,3138.0,4420.0,ses_interp,eurostat_d11emp,0
LU,Luxembourg,2013,3162.0,4550.0,ses_interp,eurostat_d11emp,0
LU,Luxembourg,2014,3186.0,4650.0,ses_direct,eurostat_d11emp,0
LU,Luxembourg,2015,3238.0,4723.0,ses_interp,eurostat_d11emp,0
LU,Luxembourg,2016,3291.0,4760.0,ses_interp,eurostat_d11emp,0
LU,Luxembourg,2017,3344.0,4910.0,ses_interp,eurostat_d11emp,0
LU,Luxembourg,2018,3396.0,5085.0,ses_direct,eurostat_d11emp,0
LU,Luxembourg,2019,3586.0,5197.0,ses_interp,eurostat_d11emp,0
LU,Luxembourg,2020,3777.0,5260.0,ses_interp,eurostat_d11emp,0
LU,Luxembourg,2021,3968.0,5554.0,ses_interp,eurostat_d11emp,0
LU,Luxembourg,2022,4158.0,5812.0,ses_direct,eurostat_d11emp,0
LU,Luxembourg,2023,4466.0,6243.0,ses_forecast,eurostat_d11emp,0
LU,Luxembourg,2024,4629.0,6470.0,ses_forecast,eurostat_d11emp,0
LU,Luxembourg,2025,4794.0,6701.0,ses_forecast,eurostat_d11emp,0
NL,Netherlands,1990,1776.0,2036.0,ses_backcast,oecd,0
NL,Netherlands,1991,1854.0,2125.0,ses_backcast,oecd,0
NL,Netherlands,1992,1921.0,2202.0,ses_backcast,oecd,0
NL,Netherlands,1993,1996.0,2288.0,ses_backcast,oecd,0
NL,Netherlands,1994,2062.0,2364.0,ses_backcast,oecd,0
NL,Netherlands,1995,1779.0,2040.0,ses_backcast,eurostat_d11emp,0
NL,Netherlands,1996,1769.0,2028.0,ses_backcast,eurostat_d11emp,0
NL,Netherlands,1997,1765.0,2023.0,ses_backcast,eurostat_d11emp,0
NL,Netherlands,1998,1716.0,1967.0,ses_backcast,eurostat_d11emp,0
NL,Netherlands,1999,1792.0,2054.0,ses_backcast,eurostat_d11emp,0
NL,Netherlands,2000,1871.0,2145.0,ses_backcast,eurostat_d11emp,0
NL,Netherlands,2001,1956.0,2242.0,ses_backcast,eurostat_d11emp,0
NL,Netherlands,2002,2017.0,2312.0,ses_backcast,eurostat_d11emp,0
NL,Netherlands,2003,2069.0,2372.0,ses_backcast,eurostat_d11emp,0
NL,Netherlands,2004,2123.0,2434.0,ses_backcast,eurostat_d11emp,0
NL,Netherlands,2005,2154.0,2469.0,ses_backcast,eurostat_d11emp,0
NL,Netherlands,2006,2212.0,2536.0,ses_direct,eurostat_d11emp,0
NL,Netherlands,2007,2328.0,2615.0,ses_interp,eurostat_d11emp,0
NL,Netherlands,2008,2443.0,2689.0,ses_interp,eurostat_d11emp,0
NL,Netherlands,2009,2558.0,2753.0,ses_interp,eurostat_d11emp,0
NL,Netherlands,2010,2674.0,2788.0,ses_direct,eurostat_d11emp,0
NL,Netherlands,2011,2682.0,2831.0,ses_interp,eurostat_d11emp,0
NL,Netherlands,2012,2690.0,2866.0,ses_interp,eurostat_d11emp,0
NL,Netherlands,2013,2699.0,2921.0,ses_interp,eurostat_d11emp,0
NL,Netherlands,2014,2707.0,2934.0,ses_direct,eurostat_d11emp,0
NL,Netherlands,2015,2748.0,2972.0,ses_interp,eurostat_d11emp,0
NL,Netherlands,2016,2788.0,3026.0,ses_interp,eurostat_d11emp,0
NL,Netherlands,2017,2829.0,3049.0,ses_interp,eurostat_d11emp,0
NL,Netherlands,2018,2870.0,3097.0,ses_direct,eurostat_d11emp,0
NL,Netherlands,2019,2974.0,3175.0,ses_interp,eurostat_d11emp,0
NL,Netherlands,2020,3078.0,3298.0,ses_interp,eurostat_d11emp,0
NL,Netherlands,2021,3181.0,3393.0,ses_interp,eurostat_d11emp,0
NL,Netherlands,2022,3285.0,3486.0,ses_direct,eurostat_d11emp,0
NL,Netherlands,2023,3500.0,3714.0,ses_forecast,eurostat_d11emp,0
NL,Netherlands,2024,3718.0,3945.0,ses_forecast,eurostat_d11emp,0
NL,Netherlands,2025,3898.0,4137.0,ses_forecast,eurostat_d11emp,0
PT,Portugal,1995,527.0,793.0,ses_backcast,eurostat_d11emp,0
PT,Portugal,1996,563.0,846.0,ses_backcast,eurostat_d11emp,0
PT,Portugal,1997,584.0,878.0,ses_backcast,eurostat_d11emp,0
PT,Portugal,1998,604.0,908.0,ses_backcast,eurostat_d11emp,0
PT,Portugal,1999,646.0,972.0,ses_backcast,eurostat_d11emp,0
PT,Portugal,2000,680.0,1023.0,ses_backcast,eurostat_d11emp,0
PT,Portugal,2001,712.0,1070.0,ses_backcast,eurostat_d11emp,0
PT,Portugal,2002,735.0,1105.0,ses_backcast,eurostat_d11emp,0
PT,Portugal,2003,759.0,1141.0,ses_backcast,eurostat_d11emp,0
PT,Portugal,2004,778.0,1170.0,ses_backcast,eurostat_d11emp,0
PT,Portugal,2005,803.0,1208.0,ses_backcast,eurostat_d11emp,0
PT,Portugal,2006,816.0,1227.0,ses_direct,eurostat_d11emp,0
PT,Portugal,2007,831.0,1272.0,ses_interp,eurostat_d11emp,0
PT,Portugal,2008,846.0,1302.0,ses_interp,eurostat_d11emp,0
PT,Portugal,2009,862.0,1336.0,ses_interp,eurostat_d11emp,0
PT,Portugal,2010,877.0,1358.0,ses_direct,eurostat_d11emp,0
PT,Portugal,2011,880.0,1331.0,ses_interp,eurostat_d11emp,0
PT,Portugal,2012,882.0,1291.0,ses_interp,eurostat_d11emp,0
PT,Portugal,2013,884.0,1327.0,ses_interp,eurostat_d11emp,0
PT,Portugal,2014,887.0,1310.0,ses_direct,eurostat_d11emp,0
PT,Portugal,2015,898.0,1318.0,ses_interp,eurostat_d11emp,0
PT,Portugal,2016,909.0,1336.0,ses_interp,eurostat_d11emp,0
PT,Portugal,2017,920.0,1365.0,ses_interp,eurostat_d11emp,0
PT,Portugal,2018,931.0,1416.0,ses_direct,eurostat_d11emp,0
PT,Portugal,2019,969.0,1491.0,ses_interp,eurostat_d11emp,0
PT,Portugal,2020,1006.0,1521.0,ses_interp,eurostat_d11emp,0
PT,Portugal,2021,1044.0,1605.0,ses_interp,eurostat_d11emp,0
PT,Portugal,2022,1082.0,1709.0,ses_direct,eurostat_d11emp,0
PT,Portugal,2023,1184.0,1870.0,ses_forecast,eurostat_d11emp,0
PT,Portugal,2024,1268.0,2002.0,ses_forecast,eurostat_d11emp,0
PT,Portugal,2025,1324.0,2092.0,ses_forecast,eurostat_d11emp,0
SK,Slovakia,1994,166.0,219.0,ses_backcast,oecd,0
SK,Slovakia,1995,150.0,198.0,ses_backcast,eurostat_d11emp,0
SK,Slovakia,1996,169.0,223.0,ses_backcast,eurostat_d11emp,0
SK,Slovakia,1997,204.0,269.0,ses_backcast,eurostat_d11emp,0
SK,Slovakia,1998,217.0,285.0,ses_backcast,eurostat_d11emp,0
SK,Slovakia,1999,208.0,274.0,ses_backcast,eurostat_d11emp,0
SK,Slovakia,2000,243.0,320.0,ses_backcast,eurostat_d11emp,0
SK,Slovakia,2001,252.0,331.0,ses_backcast,eurostat_d11emp,0
SK,Slovakia,2002,277.0,364.0,ses_backcast,eurostat_d11emp,0
SK,Slovakia,2003,308.0,405.0,ses_backcast,eurostat_d11emp,0
SK,Slovakia,2004,344.0,453.0,ses_backcast,eurostat_d11emp,0
SK,Slovakia,2005,388.0,510.0,ses_backcast,eurostat_d11emp,0
SK,Slovakia,2006,437.0,575.0,ses_direct,eurostat_d11emp,0
SK,Slovakia,2007,498.0,692.0,ses_interp,eurostat_d11emp,0
SK,Slovakia,2008,559.0,789.0,ses_interp,eurostat_d11emp,0
SK,Slovakia,2009,620.0,844.0,ses_interp,eurostat_d11emp,0
SK,Slovakia,2010,681.0,886.0,ses_direct,eurostat_d11emp,0
SK,Slovakia,2011,702.0,910.0,ses_interp,eurostat_d11emp,0
SK,Slovakia,2012,722.0,932.0,ses_interp,eurostat_d11emp,0
SK,Slovakia,2013,742.0,949.0,ses_interp,eurostat_d11emp,0
SK,Slovakia,2014,763.0,962.0,ses_direct,eurostat_d11emp,0
SK,Slovakia,2015,817.0,993.0,ses_interp,eurostat_d11emp,0
SK,Slovakia,2016,870.0,1021.0,ses_interp,eurostat_d11emp,0
SK,Slovakia,2017,924.0,1069.0,ses_interp,eurostat_d11emp,0
SK,Slovakia,2018,978.0,1132.0,ses_direct,eurostat_d11emp,0
SK,Slovakia,2019,1068.0,1201.0,ses_interp,eurostat_d11emp,0
SK,Slovakia,2020,1158.0,1247.0,ses_interp,eurostat_d11emp,0
SK,Slovakia,2021,1248.0,1330.0,ses_interp,eurostat_d11emp,0
SK,Slovakia,2022,1338.0,1413.0,ses_direct,eurostat_d11emp,0
SK,Slovakia,2023,1472.0,1554.0,ses_forecast,eurostat_d11emp,0
SK,Slovakia,2024,1564.0,1652.0,ses_forecast,eurostat_d11emp,0
SK,Slovakia,2025,1654.0,1747.0,ses_forecast,eurostat_d11emp,0
SI,Slovenia,1995,550.0,816.0,ses_backcast,eurostat_d11emp,0
SI,Slovenia,1996,578.0,858.0,ses_backcast,eurostat_d11emp,0
SI,Slovenia,1997,627.0,931.0,ses_backcast,eurostat_d11emp,0
SI,Slovenia,1998,663.0,984.0,ses_backcast,eurostat_d11emp,0
SI,Slovenia,1999,687.0,1019.0,ses_backcast,eurostat_d11emp,0
SI,Slovenia,2000,711.0,1055.0,ses_backcast,eurostat_d11emp,0
SI,Slovenia,2001,753.0,1118.0,ses_backcast,eurostat_d11emp,0
SI,Slovenia,2002,782.0,1160.0,ses_backcast,eurostat_d11emp,0
SI,Slovenia,2003,813.0,1206.0,ses_backcast,eurostat_d11emp,0
SI,Slovenia,2004,852.0,1265.0,ses_backcast,eurostat_d11emp,0
SI,Slovenia,2005,902.0,1339.0,ses_backcast,eurostat_d11emp,0
SI,Slovenia,2006,950.0,1410.0,ses_direct,eurostat_d11emp,0
SI,Slovenia,2007,1024.0,1498.0,ses_interp,eurostat_d11emp,0
SI,Slovenia,2008,1099.0,1608.0,ses_interp,eurostat_d11emp,0
SI,Slovenia,2009,1174.0,1636.0,ses_interp,eurostat_d11emp,0
SI,Slovenia,2010,1248.0,1702.0,ses_direct,eurostat_d11emp,0
SI,Slovenia,2011,1253.0,1726.0,ses_interp,eurostat_d11emp,0
SI,Slovenia,2012,1258.0,1703.0,ses_interp,eurostat_d11emp,0
SI,Slovenia,2013,1264.0,1713.0,ses_interp,eurostat_d11emp,0
SI,Slovenia,2014,1269.0,1738.0,ses_direct,eurostat_d11emp,0
SI,Slovenia,2015,1300.0,1761.0,ses_interp,eurostat_d11emp,0
SI,Slovenia,2016,1332.0,1824.0,ses_interp,eurostat_d11emp,0
SI,Slovenia,2017,1363.0,1880.0,ses_interp,eurostat_d11emp,0
SI,Slovenia,2018,1394.0,1954.0,ses_direct,eurostat_d11emp,0
SI,Slovenia,2019,1499.0,2057.0,ses_interp,eurostat_d11emp,0
SI,Slovenia,2020,1604.0,2131.0,ses_interp,eurostat_d11emp,0
SI,Slovenia,2021,1710.0,2301.0,ses_interp,eurostat_d11emp,0
SI,Slovenia,2022,1815.0,2420.0,ses_direct,eurostat_d11emp,0
SI,Slovenia,2023,1992.0,2656.0,ses_forecast,eurostat_d11emp,0
SI,Slovenia,2024,2109.0,2812.0,ses_forecast,eurostat_d11emp,0
SI,Slovenia,2025,2275.0,3033.0,ses_forecast,eurostat_d11emp,0
ES,Spain,1990,776.0,959.0,ses_backcast,oecd,0
ES,Spain,1991,852.0,1053.0,ses_backcast,oecd,0
ES,Spain,1992,942.0,1164.0,ses_backcast,oecd,0
ES,Spain,1993,1007.0,1245.0,ses_backcast,oecd,0
ES,Spain,1994,1067.0,1319.0,ses_backcast,oecd,0
ES,Spain,1995,1076.0,1330.0,ses_backcast,eurostat_d11emp,0
ES,Spain,1996,1136.0,1404.0,ses_backcast,eurostat_d11emp,0
ES,Spain,1997,1127.0,1393.0,ses_backcast,eurostat_d11emp,0
ES,Spain,1998,1144.0,1414.0,ses_backcast,eurostat_d11emp,0
ES,Spain,1999,1170.0,1446.0,ses_backcast,eurostat_d11emp,0
ES,Spain,2000,1193.0,1475.0,ses_backcast,eurostat_d11emp,0
ES,Spain,2001,1229.0,1519.0,ses_backcast,eurostat_d11emp,0
ES,Spain,2002,1267.0,1566.0,ses_backcast,eurostat_d11emp,0
ES,Spain,2003,1300.0,1607.0,ses_backcast,eurostat_d11emp,0
ES,Spain,2004,1325.0,1637.0,ses_backcast,eurostat_d11emp,0
ES,Spain,2005,1358.0,1678.0,ses_backcast,eurostat_d11emp,0
ES,Spain,2006,1399.0,1729.0,ses_direct,eurostat_d11emp,0
ES,Spain,2007,1457.0,1808.0,ses_interp,eurostat_d11emp,0
ES,Spain,2008,1515.0,1937.0,ses_interp,eurostat_d11emp,0
ES,Spain,2009,1573.0,2030.0,ses_interp,eurostat_d11emp,0
ES,Spain,2010,1631.0,2046.0,ses_direct,eurostat_d11emp,0
ES,Spain,2011,1649.0,2050.0,ses_interp,eurostat_d11emp,0
ES,Spain,2012,1668.0,2026.0,ses_interp,eurostat_d11emp,0
ES,Spain,2013,1686.0,2021.0,ses_interp,eurostat_d11emp,0
ES,Spain,2014,1704.0,2020.0,ses_direct,eurostat_d11emp,0
ES,Spain,2015,1714.0,2061.0,ses_interp,eurostat_d11emp,0
ES,Spain,2016,1723.0,2057.0,ses_interp,eurostat_d11emp,0
ES,Spain,2017,1732.0,2069.0,ses_interp,eurostat_d11emp,0
ES,Spain,2018,1742.0,2101.0,ses_direct,eurostat_d11emp,0
ES,Spain,2019,1784.0,2158.0,ses_interp,eurostat_d11emp,0
ES,Spain,2020,1826.0,2149.0,ses_interp,eurostat_d11emp,0
ES,Spain,2021,1868.0,2267.0,ses_interp,eurostat_d11emp,0
ES,Spain,2022,1910.0,2391.0,ses_direct,eurostat_d11emp,0
ES,Spain,2023,1997.0,2500.0,ses_forecast,eurostat_d11emp,0
ES,Spain,2024,2089.0,2615.0,ses_forecast,eurostat_d11emp,0
ES,Spain,2025,2177.0,2725.0,ses_forecast,eurostat_d11emp,0
CZ,Czechia,1995,210.0,257.0,ses_backcast,eurostat_d11emp,0
CZ,Czechia,1996,248.0,304.0,ses_backcast,eurostat_d11emp,0
CZ,Czechia,1997,263.0,322.0,ses_backcast,eurostat_d11emp,0
CZ,Czechia,1998,284.0,347.0,ses_backcast,eurostat_d11emp,0
CZ,Czechia,1999,294.0,360.0,ses_backcast,eurostat_d11emp,0
CZ,Czechia,2000,328.0,401.0,ses_backcast,eurostat_d11emp,0
CZ,Czechia,2001,373.0,456.0,ses_backcast,eurostat_d11emp,0
CZ,Czechia,2002,443.0,542.0,ses_backcast,eurostat_d11emp,0
CZ,Czechia,2003,461.0,564.0,ses_backcast,eurostat_d11emp,0
CZ,Czechia,2004,499.0,610.0,ses_backcast,eurostat_d11emp,0
CZ,Czechia,2005,555.0,679.0,ses_backcast,eurostat_d11emp,0
CZ,Czechia,2006,617.0,755.0,ses_direct,eurostat_d11emp,0
CZ,Czechia,2007,662.0,816.0,ses_interp,eurostat_d11emp,0
CZ,Czechia,2008,706.0,955.0,ses_interp,eurostat_d11emp,0
CZ,Czechia,2009,751.0,904.0,ses_interp,eurostat_d11emp,0
CZ,Czechia,2010,796.0,977.0,ses_direct,eurostat_d11emp,0
CZ,Czechia,2011,794.0,1032.0,ses_interp,eurostat_d11emp,0
CZ,Czechia,2012,793.0,1028.0,ses_interp,eurostat_d11emp,0
CZ,Czechia,2013,792.0,992.0,ses_interp,eurostat_d11emp,0
CZ,Czechia,2014,790.0,964.0,ses_direct,eurostat_d11emp,0
CZ,Czechia,2015,860.0,1003.0,ses_interp,eurostat_d11emp,0
CZ,Czechia,2016,930.0,1060.0,ses_interp,eurostat_d11emp,0
CZ,Czechia,2017,999.0,1170.0,ses_interp,eurostat_d11emp,0
CZ,Czechia,2018,1069.0,1298.0,ses_direct,eurostat_d11emp,0
CZ,Czechia,2019,1158.0,1398.0,ses_interp,eurostat_d11emp,0
CZ,Czechia,2020,1248.0,1393.0,ses_interp,eurostat_d11emp,0
CZ,Czechia,2021,1338.0,1526.0,ses_interp,eurostat_d11emp,0
CZ,Czechia,2022,1427.0,1723.0,ses_direct,eurostat_d11emp,0
CZ,Czechia,2023,1569.0,1894.0,ses_forecast,eurostat_d11emp,0
CZ,Czechia,2024,1581.0,1909.0,ses_forecast,eurostat_d11emp,0
CZ,Czechia,2025,1702.0,2055.0,ses_forecast,eurostat_d11emp,0
DK,Denmark,1995,2576.0,2329.0,ses_backcast,eurostat_d11emp,0
DK,Denmark,1996,2660.0,2405.0,ses_backcast,eurostat_d11emp,0
DK,Denmark,1997,2690.0,2432.0,ses_backcast,eurostat_d11emp,0
DK,Denmark,1998,2783.0,2516.0,ses_backcast,eurostat_d11emp,0
DK,Denmark,1999,2923.0,2643.0,ses_backcast,eurostat_d11emp,0
DK,Denmark,2000,2998.0,2711.0,ses_backcast,eurostat_d11emp,0
DK,Denmark,2001,3107.0,2809.0,ses_backcast,eurostat_d11emp,0
DK,Denmark,2002,3221.0,2912.0,ses_backcast,eurostat_d11emp,0
DK,Denmark,2003,3325.0,3006.0,ses_backcast,eurostat_d11emp,0
DK,Denmark,2004,3414.0,3087.0,ses_backcast,eurostat_d11emp,0
DK,Denmark,2005,3517.0,3180.0,ses_backcast,eurostat_d11emp,0
DK,Denmark,2006,3631.0,3283.0,ses_direct,eurostat_d11emp,0
DK,Denmark,2007,3794.0,3414.0,ses_interp,eurostat_d11emp,0
DK,Denmark,2008,3957.0,3532.0,ses_interp,eurostat_d11emp,0
DK,Denmark,2009,4120.0,3639.0,ses_interp,eurostat_d11emp,0
DK,Denmark,2010,4283.0,3757.0,ses_direct,eurostat_d11emp,0
DK,Denmark,2011,4318.0,3819.0,ses_interp,eurostat_d11emp,0
DK,Denmark,2012,4353.0,3902.0,ses_interp,eurostat_d11emp,0
DK,Denmark,2013,4388.0,3952.0,ses_interp,eurostat_d11emp,0
DK,Denmark,2014,4423.0,4037.0,ses_direct,eurostat_d11emp,0
DK,Denmark,2015,4498.0,4092.0,ses_interp,eurostat_d11emp,0
DK,Denmark,2016,4572.0,4141.0,ses_interp,eurostat_d11emp,0
DK,Denmark,2017,4647.0,4220.0,ses_interp,eurostat_d11emp,0
DK,Denmark,2018,4722.0,4291.0,ses_direct,eurostat_d11emp,0
DK,Denmark,2019,4834.0,4349.0,ses_interp,eurostat_d11emp,0
DK,Denmark,2020,4946.0,4449.0,ses_interp,eurostat_d11emp,0
DK,Denmark,2021,5058.0,4599.0,ses_interp,eurostat_d11emp,0
DK,Denmark,2022,5170.0,4727.0,ses_direct,eurostat_d11emp,0
DK,Denmark,2023,5372.0,4912.0,ses_forecast,eurostat_d11emp,0
DK,Denmark,2024,5611.0,5130.0,ses_forecast,eurostat_d11emp,0
DK,Denmark,2025,5782.0,5287.0,ses_forecast,eurostat_d11emp,0
HU,Hungary,1995,176.0,279.0,ses_backcast,eurostat_d11emp,0
HU,Hungary,1996,183.0,291.0,ses_backcast,eurostat_d11emp,0
HU,Hungary,1997,203.0,322.0,ses_backcast,eurostat_d11emp,0
HU,Hungary,1998,207.0,329.0,ses_backcast,eurostat_d11emp,0
HU,Hungary,1999,217.0,344.0,ses_backcast,eurostat_d11emp,0
HU,Hungary,2000,246.0,390.0,ses_backcast,eurostat_d11emp,0
HU,Hungary,2001,294.0,467.0,ses_backcast,eurostat_d11emp,0
HU,Hungary,2002,346.0,549.0,ses_backcast,eurostat_d11emp,0
HU,Hungary,2003,372.0,591.0,ses_backcast,eurostat_d11emp,0
HU,Hungary,2004,423.0,672.0,ses_backcast,eurostat_d11emp,0
HU,Hungary,2005,464.0,737.0,ses_backcast,eurostat_d11emp,0
HU,Hungary,2006,459.0,729.0,ses_direct,eurostat_d11emp,0
HU,Hungary,2007,490.0,810.0,ses_interp,eurostat_d11emp,0
HU,Hungary,2008,520.0,869.0,ses_interp,eurostat_d11emp,0
HU,Hungary,2009,551.0,764.0,ses_interp,eurostat_d11emp,0
HU,Hungary,2010,582.0,820.0,ses_direct,eurostat_d11emp,0
HU,Hungary,2011,592.0,842.0,ses_interp,eurostat_d11emp,0
HU,Hungary,2012,602.0,831.0,ses_interp,eurostat_d11emp,0
HU,Hungary,2013,612.0,813.0,ses_interp,eurostat_d11emp,0
HU,Hungary,2014,622.0,780.0,ses_direct,eurostat_d11emp,0
HU,Hungary,2015,656.0,789.0,ses_interp,eurostat_d11emp,0
HU,Hungary,2016,690.0,808.0,ses_interp,eurostat_d11emp,0
HU,Hungary,2017,723.0,902.0,ses_interp,eurostat_d11emp,0
HU,Hungary,2018,757.0,949.0,ses_direct,eurostat_d11emp,0
HU,Hungary,2019,816.0,1028.0,ses_interp,eurostat_d11emp,0
HU,Hungary,2020,875.0,1010.0,ses_interp,eurostat_d11emp,0
HU,Hungary,2021,934.0,1078.0,ses_interp,eurostat_d11emp,0
HU,Hungary,2022,993.0,1178.0,ses_direct,eurostat_d11emp,0
HU,Hungary,2023,1174.0,1393.0,ses_forecast,eurostat_d11emp,0
HU,Hungary,2024,1276.0,1514.0,ses_forecast,eurostat_d11emp,0
HU,Hungary,2025,1384.0,1642.0,ses_forecast,eurostat_d11emp,0
IS,Iceland,1995,1291.0,1579.0,ses_backcast,eurostat_d11emp,0
IS,Iceland,1996,1429.0,1748.0,ses_backcast,eurostat_d11emp,0
IS,Iceland,1997,1534.0,1876.0,ses_backcast,eurostat_d11emp,0
IS,Iceland,1998,1739.0,2127.0,ses_backcast,eurostat_d11emp,0
IS,Iceland,1999,1956.0,2392.0,ses_backcast,eurostat_d11emp,0
IS,Iceland,2000,2213.0,2707.0,ses_backcast,eurostat_d11emp,0
IS,Iceland,2001,2002.0,2449.0,ses_backcast,eurostat_d11emp,0
IS,Iceland,2002,2187.0,2675.0,ses_backcast,eurostat_d11emp,0
IS,Iceland,2003,2260.0,2765.0,ses_backcast,eurostat_d11emp,0
IS,Iceland,2004,2428.0,2970.0,ses_backcast,eurostat_d11emp,0
IS,Iceland,2005,2738.0,3349.0,ses_backcast,eurostat_d11emp,0
IS,Iceland,2006,2733.0,3343.0,ses_direct,eurostat_d11emp,0
IS,Iceland,2007,2532.0,3664.0,ses_interp,eurostat_d11emp,0
IS,Iceland,2008,2330.0,2297.0,ses_interp,eurostat_d11emp,0
IS,Iceland,2009,2128.0,1903.0,ses_interp,eurostat_d11emp,0
IS,Iceland,2010,1927.0,2114.0,ses_direct,eurostat_d11emp,0
IS,Iceland,2011,2064.0,2298.0,ses_interp,eurostat_d11emp,0
IS,Iceland,2012,2200.0,2425.0,ses_interp,eurostat_d11emp,0
IS,Iceland,2013,2336.0,2537.0,ses_interp,eurostat_d11emp,0
IS,Iceland,2014,2473.0,2767.0,ses_direct,eurostat_d11emp,0
IS,Iceland,2015,2849.0,3154.0,ses_interp,eurostat_d11emp,0
IS,Iceland,2016,3226.0,3679.0,ses_interp,eurostat_d11emp,0
IS,Iceland,2017,3602.0,4282.0,ses_interp,eurostat_d11emp,0
IS,Iceland,2018,3978.0,4297.0,ses_direct,eurostat_d11emp,0
IS,Iceland,2019,3824.0,4131.0,ses_forecast,eurostat_d11emp,0
IS,Iceland,2020,3473.0,3752.0,ses_forecast,eurostat_d11emp,0
IS,Iceland,2021,3877.0,4188.0,ses_forecast,eurostat_d11emp,0
IS,Iceland,2022,4428.0,4783.0,ses_forecast,eurostat_d11emp,0
IS,Iceland,2023,4559.0,4925.0,ses_forecast,eurostat_d11emp,0
IS,Iceland,2024,4769.0,5151.0,ses_forecast,eurostat_d11emp,0
IS,Iceland,2025,5224.0,5643.0,ses_forecast,eurostat_d11emp,0
NO,Norway,1990,1905.0,1686.0,ses_backcast,eurostat_d11emp,0
NO,Norway,1991,1982.0,1754.0,ses_backcast,eurostat_d11emp,0
NO,Norway,1992,2046.0,1811.0,ses_backcast,eurostat_d11emp,0
NO,Norway,1993,2044.0,1809.0,ses_backcast,eurostat_d11emp,0
NO,Norway,1994,2090.0,1850.0,ses_backcast,eurostat_d11emp,0
NO,Norway,1995,2183.0,1932.0,ses_backcast,eurostat_d11emp,0
NO,Norway,1996,2301.0,2037.0,ses_backcast,eurostat_d11emp,0
NO,Norway,1997,2467.0,2184.0,ses_backcast,eurostat_d11emp,0
NO,Norway,1998,2487.0,2201.0,ses_backcast,eurostat_d11emp,0
NO,Norway,1999,2665.0,2359.0,ses_backcast,eurostat_d11emp,0
NO,Norway,2000,2849.0,2522.0,ses_backcast,eurostat_d11emp,0
NO,Norway,2001,3015.0,2669.0,ses_backcast,eurostat_d11emp,0
NO,Norway,2002,3388.0,2999.0,ses_backcast,eurostat_d11emp,0
NO,Norway,2003,3302.0,2923.0,ses_backcast,eurostat_d11emp,0
NO,Norway,2004,3288.0,2910.0,ses_backcast,eurostat_d11emp,0
NO,Norway,2005,3572.0,3162.0,ses_backcast,eurostat_d11emp,0
NO,Norway,2006,3734.0,3305.0,ses_direct,eurostat_d11emp,0
NO,Norway,2007,3907.0,3506.0,ses_interp,eurostat_d11emp,0
NO,Norway,2008,4080.0,3608.0,ses_interp,eurostat_d11emp,0
NO,Norway,2009,4252.0,3522.0,ses_interp,eurostat_d11emp,0
NO,Norway,2010,4425.0,3977.0,ses_direct,eurostat_d11emp,0
NO,Norway,2011,4532.0,4271.0,ses_interp,eurostat_d11emp,0
NO,Norway,2012,4638.0,4630.0,ses_interp,eurostat_d11emp,0
NO,Norway,2013,4745.0,4618.0,ses_interp,eurostat_d11emp,0
NO,Norway,2014,4852.0,4436.0,ses_direct,eurostat_d11emp,0
NO,Norway,2015,4779.0,4249.0,ses_interp,eurostat_d11emp,0
NO,Norway,2016,4706.0,4142.0,ses_interp,eurostat_d11emp,0
NO,Norway,2017,4632.0,4212.0,ses_interp,eurostat_d11emp,0
NO,Norway,2018,4559.0,4213.0,ses_direct,eurostat_d11emp,0
NO,Norway,2019,4662.0,4249.0,ses_interp,eurostat_d11emp,0
NO,Norway,2020,4764.0,3985.0,ses_interp,eurostat_d11emp,0
NO,Norway,2021,4866.0,4400.0,ses_interp,eurostat_d11emp,0
NO,Norway,2022,4969.0,4597.0,ses_direct,eurostat_d11emp,0
NO,Norway,2023,4618.0,4272.0,ses_forecast,eurostat_d11emp,0
NO,Norway,2024,4779.0,4421.0,ses_forecast,eurostat_d11emp,0
NO,Norway,2025,4968.0,4596.0,ses_forecast,eurostat_d11emp,0
SE,Sweden,1993,1504.0,1555.0,ses_backcast,eurostat_d11emp,0
SE,Sweden,1994,1575.0,1628.0,ses_backcast,eurostat_d11emp,0
SE,Sweden,1995,1597.0,1651.0,ses_backcast,eurostat_d11emp,0
SE,Sweden,1996,1870.0,1933.0,ses_backcast,eurostat_d11emp,0
SE,Sweden,1997,1941.0,2007.0,ses_backcast,eurostat_d11emp,0
SE,Sweden,1998,1954.0,2020.0,ses_backcast,eurostat_d11emp,0
SE,Sweden,1999,2048.0,2118.0,ses_backcast,eurostat_d11emp,0
SE,Sweden,2000,2235.0,2311.0,ses_backcast,eurostat_d11emp,0
SE,Sweden,2001,2107.0,2178.0,ses_backcast,eurostat_d11emp,0
SE,Sweden,2002,2191.0,2265.0,ses_backcast,eurostat_d11emp,0
SE,Sweden,2003,2256.0,2333.0,ses_backcast,eurostat_d11emp,0
SE,Sweden,2004,2334.0,2413.0,ses_backcast,eurostat_d11emp,0
SE,Sweden,2005,2377.0,2458.0,ses_backcast,eurostat_d11emp,0
SE,Sweden,2006,2475.0,2559.0,ses_direct,eurostat_d11emp,0
SE,Sweden,2007,2547.0,2676.0,ses_interp,eurostat_d11emp,0
SE,Sweden,2008,2619.0,2700.0,ses_interp,eurostat_d11emp,0
SE,Sweden,2009,2691.0,2501.0,ses_interp,eurostat_d11emp,0
SE,Sweden,2010,2763.0,2859.0,ses_direct,eurostat_d11emp,0
SE,Sweden,2011,2872.0,3109.0,ses_interp,eurostat_d11emp,0
SE,Sweden,2012,2982.0,3317.0,ses_interp,eurostat_d11emp,0
SE,Sweden,2013,3091.0,3393.0,ses_interp,eurostat_d11emp,0
SE,Sweden,2014,3200.0,3297.0,ses_direct,eurostat_d11emp,0
SE,Sweden,2015,3187.0,3286.0,ses_interp,eurostat_d11emp,0
SE,Sweden,2016,3174.0,3324.0,ses_interp,eurostat_d11emp,0
SE,Sweden,2017,3162.0,3341.0,ses_interp,eurostat_d11emp,0
SE,Sweden,2018,3149.0,3233.0,ses_direct,eurostat_d11emp,0
SE,Sweden,2019,3198.0,3230.0,ses_interp,eurostat_d11emp,0
SE,Sweden,2020,3246.0,3333.0,ses_interp,eurostat_d11emp,0
SE,Sweden,2021,3295.0,3607.0,ses_interp,eurostat_d11emp,0
SE,Sweden,2022,3344.0,3541.0,ses_direct,eurostat_d11emp,0
SE,Sweden,2023,3214.0,3403.0,ses_forecast,eurostat_d11emp,0
SE,Sweden,2024,3334.0,3530.0,ses_forecast,eurostat_d11emp,0
SE,Sweden,2025,3558.0,3768.0,ses_forecast,eurostat_d11emp,0
CH,Switzerland,1995,2902.0,3097.0,ses_backcast,eurostat_d11emp,0
CH,Switzerland,1996,2891.0,3085.0,ses_backcast,eurostat_d11emp,0
CH,Switzerland,1997,2824.0,3014.0,ses_backcast,eurostat_d11emp,0
CH,Switzerland,1998,2885.0,3079.0,ses_backcast,eurostat_d11emp,0
CH,Switzerland,1999,2949.0,3147.0,ses_backcast,eurostat_d11emp,0
CH,Switzerland,2000,3109.0,3318.0,ses_backcast,eurostat_d11emp,0
CH,Switzerland,2001,3325.0,3548.0,ses_backcast,eurostat_d11emp,0
CH,Switzerland,2002,3474.0,3707.0,ses_backcast,eurostat_d11emp,0
CH,Switzerland,2003,3363.0,3589.0,ses_backcast,eurostat_d11emp,0
CH,Switzerland,2004,3309.0,3531.0,ses_backcast,eurostat_d11emp,0
CH,Switzerland,2005,3365.0,3591.0,ses_backcast,eurostat_d11emp,0
CH,Switzerland,2006,3377.0,3604.0,ses_backcast,eurostat_d11emp,0
CH,Switzerland,2007,3329.0,3553.0,ses_backcast,eurostat_d11emp,0
CH,Switzerland,2008,3533.0,3770.0,ses_backcast,eurostat_d11emp,0
CH,Switzerland,2009,3769.0,4022.0,ses_backcast,eurostat_d11emp,0
CH,Switzerland,2010,4151.0,4430.0,ses_direct,eurostat_d11emp,0
CH,Switzerland,2011,4390.0,5007.0,ses_interp,eurostat_d11emp,0
CH,Switzerland,2012,4628.0,5148.0,ses_interp,eurostat_d11emp,0
CH,Switzerland,2013,4867.0,5094.0,ses_interp,eurostat_d11emp,0
CH,Switzerland,2014,5106.0,5140.0,ses_direct,eurostat_d11emp,0
CH,Switzerland,2015,5192.0,5819.0,ses_interp,eurostat_d11emp,0
CH,Switzerland,2016,5278.0,5680.0,ses_interp,eurostat_d11emp,0
CH,Switzerland,2017,5363.0,5582.0,ses_interp,eurostat_d11emp,0
CH,Switzerland,2018,5449.0,5431.0,ses_direct,eurostat_d11emp,0
CH,Switzerland,2019,5718.0,5719.0,ses_interp,eurostat_d11emp,0
CH,Switzerland,2020,5986.0,5799.0,ses_interp,eurostat_d11emp,0
CH,Switzerland,2021,6255.0,6010.0,ses_interp,eurostat_d11emp,0
CH,Switzerland,2022,6524.0,6750.0,ses_direct,eurostat_d11emp,0
CH,Switzerland,2023,6856.0,7093.0,ses_forecast,eurostat_d11emp,0
CH,Switzerland,2024,7164.0,7412.0,ses_forecast,eurostat_d11emp,0
CH,Switzerland,2025,7334.0,7588.0,ses_forecast,eurostat_d11emp,0
BG,Bulgaria,1995,59.0,98.0,ses_backcast,eurostat_d11emp,0
BG,Bulgaria,1996,40.0,66.0,ses_backcast,eurostat_d11emp,0
BG,Bulgaria,1997,44.0,74.0,ses_backcast,eurostat_d11emp,0
BG,Bulgaria,1998,68.0,114.0,ses_backcast,eurostat_d11emp,0
BG,Bulgaria,1999,73.0,122.0,ses_backcast,eurostat_d11emp,0
BG,Bulgaria,2000,83.0,138.0,ses_backcast,eurostat_d11emp,0
BG,Bulgaria,2001,95.0,159.0,ses_backcast,eurostat_d11emp,0
BG,Bulgaria,2002,101.0,169.0,ses_backcast,eurostat_d11emp,0
BG,Bulgaria,2003,107.0,179.0,ses_backcast,eurostat_d11emp,0
BG,Bulgaria,2004,117.0,196.0,ses_backcast,eurostat_d11emp,0
BG,Bulgaria,2005,133.0,222.0,ses_backcast,eurostat_d11emp,0
BG,Bulgaria,2006,139.0,232.0,ses_direct,eurostat_d11emp,0
BG,Bulgaria,2007,170.0,269.0,ses_interp,eurostat_d11emp,0
BG,Bulgaria,2008,201.0,305.0,ses_interp,eurostat_d11emp,0
BG,Bulgaria,2009,232.0,337.0,ses_interp,eurostat_d11emp,0
BG,Bulgaria,2010,263.0,378.0,ses_direct,eurostat_d11emp,0
BG,Bulgaria,2011,270.0,402.0,ses_interp,eurostat_d11emp,0
BG,Bulgaria,2012,276.0,435.0,ses_interp,eurostat_d11emp,0
BG,Bulgaria,2013,282.0,471.0,ses_interp,eurostat_d11emp,0
BG,Bulgaria,2014,289.0,497.0,ses_direct,eurostat_d11emp,0
BG,Bulgaria,2015,321.0,526.0,ses_interp,eurostat_d11emp,0
BG,Bulgaria,2016,352.0,558.0,ses_interp,eurostat_d11emp,0
BG,Bulgaria,2017,384.0,614.0,ses_interp,eurostat_d11emp,0
BG,Bulgaria,2018,416.0,672.0,ses_direct,eurostat_d11emp,0
BG,Bulgaria,2019,488.0,718.0,ses_interp,eurostat_d11emp,0
BG,Bulgaria,2020,559.0,769.0,ses_interp,eurostat_d11emp,0
BG,Bulgaria,2021,630.0,858.0,ses_interp,eurostat_d11emp,0
BG,Bulgaria,2022,702.0,983.0,ses_direct,eurostat_d11emp,0
BG,Bulgaria,2023,798.0,1117.0,ses_forecast,eurostat_d11emp,0
BG,Bulgaria,2024,911.0,1276.0,ses_forecast,eurostat_d11emp,0
RO,Romania,1995,63.0,106.0,ses_backcast,eurostat_d11emp,0
RO,Romania,1996,65.0,110.0,ses_backcast,eurostat_d11emp,0
RO,Romania,1997,59.0,99.0,ses_backcast,eurostat_d11emp,0
RO,Romania,1998,91.0,153.0,ses_backcast,eurostat_d11emp,0
RO,Romania,1999,74.0,124.0,ses_backcast,eurostat_d11emp,0
RO,Romania,2000,106.0,178.0,ses_backcast,eurostat_d11emp,0
RO,Romania,2001,131.0,221.0,ses_backcast,eurostat_d11emp,0
RO,Romania,2002,128.0,216.0,ses_backcast,eurostat_d11emp,0
RO,Romania,2003,135.0,228.0,ses_backcast,eurostat_d11emp,0
RO,Romania,2004,148.0,250.0,ses_backcast,eurostat_d11emp,0
RO,Romania,2005,208.0,351.0,ses_backcast,eurostat_d11emp,0
RO,Romania,2006,241.0,406.0,ses_direct,eurostat_d11emp,0
RO,Romania,2007,265.0,449.0,ses_interp,eurostat_d11emp,0
RO,Romania,2008,288.0,571.0,ses_interp,eurostat_d11emp,0
RO,Romania,2009,312.0,473.0,ses_interp,eurostat_d11emp,0
RO,Romania,2010,336.0,505.0,ses_direct,eurostat_d11emp,0
RO,Romania,2011,340.0,516.0,ses_interp,eurostat_d11emp,0
RO,Romania,2012,344.0,507.0,ses_interp,eurostat_d11emp,0
RO,Romania,2013,348.0,532.0,ses_interp,eurostat_d11emp,0
RO,Romania,2014,352.0,568.0,ses_direct,eurostat_d11emp,0
RO,Romania,2015,426.0,586.0,ses_interp,eurostat_d11emp,0
RO,Romania,2016,500.0,666.0,ses_interp,eurostat_d11emp,0
RO,Romania,2017,574.0,747.0,ses_interp,eurostat_d11emp,0
RO,Romania,2018,648.0,942.0,ses_direct,eurostat_d11emp,0
RO,Romania,2019,726.0,1034.0,ses_interp,eurostat_d11emp,0
RO,Romania,2020,805.0,1054.0,ses_interp,eurostat_d11emp,0
RO,Romania,2021,884.0,1101.0,ses_interp,eurostat_d11emp,0
RO,Romania,2022,962.0,1252.0,ses_direct,eurostat_d11emp,0
RO,Romania,2023,1156.0,1504.0,ses_forecast,eurostat_d11emp,0
RO,Romania,2024,1348.0,1755.0,ses_forecast,eurostat_d11emp,0
HR,Croatia,1995,314.0,450.0,ses_backcast,eurostat_d11emp,0
HR,Croatia,1996,357.0,512.0,ses_backcast,eurostat_d11emp,0
HR,Croatia,1997,406.0,581.0,ses_backcast,eurostat_d11emp,0
HR,Croatia,1998,463.0,663.0,ses_backcast,eurostat_d11emp,0
HR,Croatia,1999,471.0,674.0,ses_backcast,eurostat_d11emp,0
HR,Croatia,2000,508.0,728.0,ses_backcast,eurostat_d11emp,0
HR,Croatia,2001,529.0,758.0,ses_backcast,eurostat_d11emp,0
HR,Croatia,2002,600.0,859.0,ses_backcast,eurostat_d11emp,0
HR,Croatia,2003,635.0,910.0,ses_backcast,eurostat_d11emp,0
HR,Croatia,2004,671.0,961.0,ses_backcast,eurostat_d11emp,0
HR,Croatia,2005,717.0,1027.0,ses_backcast,eurostat_d11emp,0
HR,Croatia,2006,746.0,1068.0,ses_backcast,eurostat_d11emp,0
HR,Croatia,2007,783.0,1122.0,ses_backcast,eurostat_d11emp,0
HR,Croatia,2008,830.0,1189.0,ses_backcast,eurostat_d11emp,0
HR,Croatia,2009,818.0,1172.0,ses_backcast,eurostat_d11emp,0
HR,Croatia,2010,842.0,1206.0,ses_direct,eurostat_d11emp,0
HR,Croatia,2011,844.0,1225.0,ses_interp,eurostat_d11emp,0
HR,Croatia,2012,846.0,1210.0,ses_interp,eurostat_d11emp,0
HR,Croatia,2013,847.0,1202.0,ses_interp,eurostat_d11emp,0
HR,Croatia,2014,849.0,1123.0,ses_direct,eurostat_d11emp,0
HR,Croatia,2015,870.0,1136.0,ses_interp,eurostat_d11emp,0
HR,Croatia,2016,890.0,1173.0,ses_interp,eurostat_d11emp,0
HR,Croatia,2017,910.0,1208.0,ses_interp,eurostat_d11emp,0
HR,Croatia,2018,931.0,1289.0,ses_direct,eurostat_d11emp,0
HR,Croatia,2019,994.0,1312.0,ses_interp,eurostat_d11emp,0
HR,Croatia,2020,1056.0,1315.0,ses_interp,eurostat_d11emp,0
HR,Croatia,2021,1119.0,1393.0,ses_interp,eurostat_d11emp,0
HR,Croatia,2022,1182.0,1565.0,ses_direct,eurostat_d11emp,0
HR,Croatia,2023,1343.0,1778.0,ses_forecast,eurostat_d11emp,0
HR,Croatia,2024,1457.0,1929.0,ses_forecast,eurostat_d11emp,0
BA,Bosnia & Herz.,2010,598.0,527.0,ses_backcast,eurostat_d11emp,0
BA,Bosnia & Herz.,2011,618.0,545.0,ses_backcast,eurostat_d11emp,0
BA,Bosnia & Herz.,2012,631.0,556.0,ses_backcast,eurostat_d11emp,0
BA,Bosnia & Herz.,2013,632.0,557.0,ses_backcast,eurostat_d11emp,0
BA,Bosnia & Herz.,2014,626.0,552.0,ses_backcast,eurostat_d11emp,0
BA,Bosnia & Herz.,2015,636.0,561.0,ses_backcast,eurostat_d11emp,0
BA,Bosnia & Herz.,2016,626.0,552.0,ses_backcast,eurostat_d11emp,0
BA,Bosnia & Herz.,2017,623.0,549.0,ses_backcast,eurostat_d11emp,0
BA,Bosnia & Herz.,2018,641.0,565.0,ses_backcast,eurostat_d11emp,0
BA,Bosnia & Herz.,2019,668.0,589.0,ses_backcast,eurostat_d11emp,0
BA,Bosnia & Herz.,2020,686.0,605.0,ses_backcast,eurostat_d11emp,0
BA,Bosnia & Herz.,2021,719.0,634.0,ses_backcast,eurostat_d11emp,0
BA,Bosnia & Herz.,2022,837.0,738.0,ses_direct,eurostat_d11emp,0
BA,Bosnia & Herz.,2023,932.0,822.0,ses_forecast,eurostat_d11emp,0
BA,Bosnia & Herz.,2024,1030.0,908.0,ses_forecast,eurostat_d11emp,0
CY,Cyprus,1995,898.0,953.0,ses_backcast,eurostat_d11emp,0
CY,Cyprus,1996,946.0,1004.0,ses_backcast,eurostat_d11emp,0
CY,Cyprus,1997,1014.0,1076.0,ses_backcast,eurostat_d11emp,0
CY,Cyprus,1998,1040.0,1104.0,ses_backcast,eurostat_d11emp,0
CY,Cyprus,1999,1081.0,1148.0,ses_backcast,eurostat_d11emp,0
CY,Cyprus,2000,1164.0,1236.0,ses_backcast,eurostat_d11emp,0
CY,Cyprus,2001,1212.0,1287.0,ses_backcast,eurostat_d11emp,0
CY,Cyprus,2002,1273.0,1351.0,ses_backcast,eurostat_d11emp,0
CY,Cyprus,2003,1341.0,1424.0,ses_backcast,eurostat_d11emp,0
CY,Cyprus,2004,1367.0,1451.0,ses_backcast,eurostat_d11emp,0
CY,Cyprus,2005,1461.0,1551.0,ses_backcast,eurostat_d11emp,0
CY,Cyprus,2006,1527.0,1621.0,ses_direct,eurostat_d11emp,0
CY,Cyprus,2007,1544.0,1634.0,ses_interp,eurostat_d11emp,0
CY,Cyprus,2008,1560.0,1680.0,ses_interp,eurostat_d11emp,0
CY,Cyprus,2009,1576.0,1763.0,ses_interp,eurostat_d11emp,0
CY,Cyprus,2010,1593.0,1802.0,ses_direct,eurostat_d11emp,0
CY,Cyprus,2011,1556.0,1832.0,ses_interp,eurostat_d11emp,0
CY,Cyprus,2012,1520.0,1845.0,ses_interp,eurostat_d11emp,0
CY,Cyprus,2013,1484.0,1726.0,ses_interp,eurostat_d11emp,0
CY,Cyprus,2014,1447.0,1666.0,ses_direct,eurostat_d11emp,0
CY,Cyprus,2015,1449.0,1647.0,ses_interp,eurostat_d11emp,0
CY,Cyprus,2016,1450.0,1647.0,ses_interp,eurostat_d11emp,0
CY,Cyprus,2017,1452.0,1684.0,ses_interp,eurostat_d11emp,0
CY,Cyprus,2018,1454.0,1720.0,ses_direct,eurostat_d11emp,0
CY,Cyprus,2019,1494.0,1798.0,ses_interp,eurostat_d11emp,0
CY,Cyprus,2020,1533.0,1794.0,ses_interp,eurostat_d11emp,0
CY,Cyprus,2021,1572.0,1778.0,ses_interp,eurostat_d11emp,0
CY,Cyprus,2022,1612.0,1939.0,ses_direct,eurostat_d11emp,0
CY,Cyprus,2023,1790.0,2153.0,ses_forecast,eurostat_d11emp,0
CY,Cyprus,2024,1848.0,2223.0,ses_forecast,eurostat_d11emp,0
CY,Cyprus,2025,1927.0,2318.0,ses_forecast,eurostat_d11emp,0
MD,Moldova,2015,214.0,285.0,ratio_estimate,eurostat_d11emp,0
MD,Moldova,2016,226.0,301.0,ratio_estimate,eurostat_d11emp,0
MD,Moldova,2017,268.0,358.0,ratio_estimate,eurostat_d11emp,0
MD,Moldova,2018,340.0,453.0,ratio_estimate,eurostat_d11emp,0
MD,Moldova,2019,341.0,455.0,ratio_estimate,eurostat_d11emp,0
MD,Moldova,2020,352.0,470.0,ratio_estimate,eurostat_d11emp,0
MD,Moldova,2021,378.0,504.0,ratio_estimate,eurostat_d11emp,0
MD,Moldova,2022,446.0,594.0,ratio_estimate,eurostat_d11emp,0
MD,Moldova,2023,519.0,692.0,ratio_estimate,eurostat_d11emp,0
MD,Moldova,2024,619.0,825.0,ratio_estimate,eurostat_d11emp,0
ME,Montenegro,2006,387.0,402.0,ses_backcast,eurostat_d11emp,0
ME,Montenegro,2007,426.0,443.0,ses_backcast,eurostat_d11emp,0
ME,Montenegro,2008,504.0,524.0,ses_backcast,eurostat_d11emp,0
ME,Montenegro,2009,509.0,529.0,ses_backcast,eurostat_d11emp,0
ME,Montenegro,2010,606.0,629.0,ses_backcast,eurostat_d11emp,0
ME,Montenegro,2011,625.0,649.0,ses_backcast,eurostat_d11emp,0
ME,Montenegro,2012,604.0,627.0,ses_backcast,eurostat_d11emp,0
ME,Montenegro,2013,548.0,569.0,ses_backcast,eurostat_d11emp,0
ME,Montenegro,2014,593.0,616.0,ses_direct,eurostat_d11emp,0
ME,Montenegro,2015,619.0,643.0,ses_forecast,eurostat_d11emp,0
ME,Montenegro,2016,666.0,692.0,ses_forecast,eurostat_d11emp,0
ME,Montenegro,2017,698.0,725.0,ses_forecast,eurostat_d11emp,0
ME,Montenegro,2018,723.0,751.0,ses_forecast,eurostat_d11emp,0
ME,Montenegro,2019,747.0,776.0,ses_forecast,eurostat_d11emp,0
ME,Montenegro,2020,821.0,853.0,ses_forecast,eurostat_d11emp,0
ME,Montenegro,2021,812.0,843.0,ses_forecast,eurostat_d11emp,0
ME,Montenegro,2022,827.0,859.0,ses_forecast,eurostat_d11emp,0
ME,Montenegro,2023,924.0,960.0,ses_forecast,eurostat_d11emp,0
ME,Montenegro,2024,1017.0,1056.0,ses_forecast,eurostat_d11emp,0
ME,Montenegro,2025,1120.0,1163.0,ses_forecast,eurostat_d11emp,0
MT,Malta,1995,735.0,809.0,ses_backcast,eurostat_d11emp,0
MT,Malta,1996,774.0,852.0,ses_backcast,eurostat_d11emp,0
MT,Malta,1997,822.0,904.0,ses_backcast,eurostat_d11emp,0
MT,Malta,1998,867.0,954.0,ses_backcast,eurostat_d11emp,0
MT,Malta,1999,913.0,1004.0,ses_backcast,eurostat_d11emp,0
MT,Malta,2000,983.0,1081.0,ses_backcast,eurostat_d11emp,0
MT,Malta,2001,1042.0,1146.0,ses_backcast,eurostat_d11emp,0
MT,Malta,2002,1057.0,1163.0,ses_backcast,eurostat_d11emp,0
MT,Malta,2003,1051.0,1156.0,ses_backcast,eurostat_d11emp,0
MT,Malta,2004,1072.0,1179.0,ses_backcast,eurostat_d11emp,0
MT,Malta,2005,1082.0,1190.0,ses_backcast,eurostat_d11emp,0
MT,Malta,2006,1139.0,1253.0,ses_direct,eurostat_d11emp,0
MT,Malta,2007,1178.0,1294.0,ses_interp,eurostat_d11emp,0
MT,Malta,2008,1216.0,1352.0,ses_interp,eurostat_d11emp,0
MT,Malta,2009,1254.0,1377.0,ses_interp,eurostat_d11emp,0
MT,Malta,2010,1293.0,1445.0,ses_direct,eurostat_d11emp,0
MT,Malta,2011,1337.0,1503.0,ses_interp,eurostat_d11emp,0
MT,Malta,2012,1382.0,1557.0,ses_interp,eurostat_d11emp,0
MT,Malta,2013,1426.0,1598.0,ses_interp,eurostat_d11emp,0
MT,Malta,2014,1470.0,1646.0,ses_direct,eurostat_d11emp,0
MT,Malta,2015,1534.0,1740.0,ses_interp,eurostat_d11emp,0
MT,Malta,2016,1598.0,1807.0,ses_interp,eurostat_d11emp,0
MT,Malta,2017,1662.0,1883.0,ses_interp,eurostat_d11emp,0
MT,Malta,2018,1726.0,2029.0,ses_direct,eurostat_d11emp,0
MT,Malta,2019,1741.0,2113.0,ses_interp,eurostat_d11emp,0
MT,Malta,2020,1756.0,2144.0,ses_interp,eurostat_d11emp,0
MT,Malta,2021,1770.0,2256.0,ses_interp,eurostat_d11emp,0
MT,Malta,2022,1785.0,2407.0,ses_direct,eurostat_d11emp,0
MT,Malta,2023,1831.0,2469.0,ses_forecast,eurostat_d11emp,0
MT,Malta,2024,1974.0,2662.0,ses_forecast,eurostat_d11emp,0
MT,Malta,2025,2060.0,2778.0,ses_forecast,eurostat_d11emp,0
RS,Serbia,1995,195.0,213.0,ses_backcast,eurostat_d11emp,0
RS,Serbia,1996,133.0,145.0,ses_backcast,eurostat_d11emp,0
RS,Serbia,1997,158.0,172.0,ses_backcast,eurostat_d11emp,0
RS,Serbia,1998,126.0,137.0,ses_backcast,eurostat_d11emp,0
RS,Serbia,1999,131.0,143.0,ses_backcast,eurostat_d11emp,0
RS,Serbia,2000,194.0,211.0,ses_backcast,eurostat_d11emp,0
RS,Serbia,2001,113.0,123.0,ses_backcast,eurostat_d11emp,0
RS,Serbia,2002,169.0,184.0,ses_backcast,eurostat_d11emp,0
RS,Serbia,2003,197.0,215.0,ses_backcast,eurostat_d11emp,0
RS,Serbia,2004,218.0,238.0,ses_backcast,eurostat_d11emp,0
RS,Serbia,2005,238.0,259.0,ses_backcast,eurostat_d11emp,0
RS,Serbia,2006,292.0,318.0,ses_backcast,eurostat_d11emp,0
RS,Serbia,2007,374.0,408.0,ses_backcast,eurostat_d11emp,0
RS,Serbia,2008,434.0,473.0,ses_backcast,eurostat_d11emp,0
RS,Serbia,2009,409.0,446.0,ses_backcast,eurostat_d11emp,0
RS,Serbia,2010,401.0,437.0,ses_backcast,eurostat_d11emp,0
RS,Serbia,2011,450.0,491.0,ses_backcast,eurostat_d11emp,0
RS,Serbia,2012,441.0,481.0,ses_backcast,eurostat_d11emp,0
RS,Serbia,2013,467.0,509.0,ses_backcast,eurostat_d11emp,0
RS,Serbia,2014,456.0,497.0,ses_direct,eurostat_d11emp,0
RS,Serbia,2015,464.0,480.0,ses_interp,eurostat_d11emp,0
RS,Serbia,2016,472.0,489.0,ses_interp,eurostat_d11emp,0
RS,Serbia,2017,479.0,516.0,ses_interp,eurostat_d11emp,0
RS,Serbia,2018,487.0,561.0,ses_direct,eurostat_d11emp,0
RS,Serbia,2019,557.0,622.0,ses_interp,eurostat_d11emp,0
RS,Serbia,2020,628.0,682.0,ses_interp,eurostat_d11emp,0
RS,Serbia,2021,698.0,746.0,ses_interp,eurostat_d11emp,0
RS,Serbia,2022,768.0,850.0,ses_direct,eurostat_d11emp,0
RS,Serbia,2023,881.0,975.0,ses_forecast,eurostat_d11emp,0
RS,Serbia,2024,1011.0,1119.0,ses_forecast,eurostat_d11emp,0
RS,Serbia,2025,1134.0,1255.0,ses_forecast,eurostat_d11emp,0
TR,Turkey,2004,273.0,655.0,ses_backcast,eurostat_earn,0
TR,Turkey,2005,325.0,782.0,ses_backcast,eurostat_earn,0
TR,Turkey,2006,300.0,721.0,ses_direct,eurostat_earn,0
TR,Turkey,2007,321.0,624.0,ses_interp,eurostat_earn,0
TR,Turkey,2008,342.0,652.0,ses_interp,eurostat_earn,0
TR,Turkey,2009,364.0,633.0,ses_interp,eurostat_earn,0
TR,Turkey,2010,385.0,752.0,ses_direct,eurostat_earn,0
TR,Turkey,2011,393.0,703.0,ses_interp,eurostat_earn,0
TR,Turkey,2012,402.0,791.0,ses_interp,eurostat_earn,0
TR,Turkey,2013,410.0,812.0,ses_interp,eurostat_earn,0
TR,Turkey,2014,418.0,788.0,ses_direct,eurostat_earn,0
TR,Turkey,2015,424.0,859.0,ses_interp,eurostat_earn,0
TR,Turkey,2016,431.0,931.0,ses_interp,eurostat_earn,0
TR,Turkey,2017,438.0,837.0,ses_interp,eurostat_earn,0
TR,Turkey,2018,444.0,715.0,ses_direct,eurostat_earn,0
TR,Turkey,2019,503.0,810.0,ses_forecast,eurostat_earn,0
TR,Turkey,2020,469.0,755.0,ses_forecast,eurostat_earn,0
TR,Turkey,2021,428.0,690.0,ses_forecast,eurostat_earn,0
TR,Turkey,2022,448.0,721.0,ses_forecast,eurostat_earn,0
TR,Turkey,2023,624.0,1005.0,ses_forecast,eurostat_earn,0
AD,Andorra,2025,2138.0,2515.0,ratio_estimate,wikipedia (2024-09),0
AZ,Azerbaijan,2025,423.0,588.0,ratio_estimate,wikipedia (2026-06),0
XK,Kosovo,2025,570.0,713.0,ratio_estimate,wikipedia (2025),0
SM,San Marino,2025,2314.0,2629.0,ratio_estimate,wikipedia (2024-10),0
DE,Germany,2026,4074.0,5193.0,ses_forecast,projected,1
DE,Germany,2027,4218.0,5376.0,ses_forecast,projected,1
DE,Germany,2028,4355.0,5551.0,ses_forecast,projected,1
DE,Germany,2029,4497.0,5732.0,ses_forecast,projected,1
DE,Germany,2030,4633.0,5905.0,ses_forecast,projected,1
DE,Germany,2031,4768.0,6077.0,ses_forecast,projected,1
PL,Poland,2026,1977.0,2366.0,ses_forecast,projected,1
PL,Poland,2027,2069.0,2476.0,ses_forecast,projected,1
PL,Poland,2028,2186.0,2615.0,ses_forecast,projected,1
PL,Poland,2029,2312.0,2766.0,ses_forecast,projected,1
PL,Poland,2030,2440.0,2919.0,ses_forecast,projected,1
PL,Poland,2031,2573.0,3079.0,ses_forecast,projected,1
RU,Russia,2026,683.0,1051.0,ratio_estimate,projected,1
RU,Russia,2027,653.0,1005.0,ratio_estimate,projected,1
RU,Russia,2028,660.0,1015.0,ratio_estimate,projected,1
RU,Russia,2029,666.0,1024.0,ratio_estimate,projected,1
RU,Russia,2030,673.0,1036.0,ratio_estimate,projected,1
RU,Russia,2031,682.0,1049.0,ratio_estimate,projected,1
BY,Belarus,2026,532.0,783.0,ratio_estimate,projected,1
BY,Belarus,2027,564.0,829.0,ratio_estimate,projected,1
BY,Belarus,2028,597.0,878.0,ratio_estimate,projected,1
BY,Belarus,2029,639.0,939.0,ratio_estimate,projected,1
BY,Belarus,2030,677.0,995.0,ratio_estimate,projected,1
BY,Belarus,2031,714.0,1050.0,ratio_estimate,projected,1
UA,Ukraine,2023,369.0,512.0,ratio_estimate,projected,1
UA,Ukraine,2024,387.0,537.0,ratio_estimate,projected,1
UA,Ukraine,2025,402.0,559.0,ratio_estimate,projected,1
UA,Ukraine,2026,480.0,666.0,ratio_estimate,projected,1
UA,Ukraine,2027,501.0,696.0,ratio_estimate,projected,1
UA,Ukraine,2028,517.0,718.0,ratio_estimate,projected,1
UA,Ukraine,2029,534.0,741.0,ratio_estimate,projected,1
UA,Ukraine,2030,563.0,782.0,ratio_estimate,projected,1
UA,Ukraine,2031,601.0,835.0,ratio_estimate,projected,1
MK,N. Macedonia,2026,1037.0,1192.0,ses_forecast,projected,1
MK,N. Macedonia,2027,1116.0,1283.0,ses_forecast,projected,1
MK,N. Macedonia,2028,1192.0,1371.0,ses_forecast,projected,1
MK,N. Macedonia,2029,1266.0,1456.0,ses_forecast,projected,1
MK,N. Macedonia,2030,1341.0,1542.0,ses_forecast,projected,1
MK,N. Macedonia,2031,1417.0,1629.0,ses_forecast,projected,1
GE,Georgia,2025,536.0,714.0,ratio_estimate,projected,1
GE,Georgia,2026,640.0,853.0,ratio_estimate,projected,1
GE,Georgia,2027,700.0,934.0,ratio_estimate,projected,1
GE,Georgia,2028,767.0,1023.0,ratio_estimate,projected,1
GE,Georgia,2029,842.0,1123.0,ratio_estimate,projected,1
GE,Georgia,2030,925.0,1233.0,ratio_estimate,projected,1
GE,Georgia,2031,1015.0,1353.0,ratio_estimate,projected,1
AM,Armenia,2026,582.0,776.0,ratio_estimate,projected,1
AM,Armenia,2027,614.0,819.0,ratio_estimate,projected,1
AM,Armenia,2028,650.0,867.0,ratio_estimate,projected,1
AM,Armenia,2029,699.0,932.0,ratio_estimate,projected,1
AM,Armenia,2030,753.0,1004.0,ratio_estimate,projected,1
AM,Armenia,2031,811.0,1081.0,ratio_estimate,projected,1
KZ,KZ,2026,654.0,908.0,ratio_estimate,projected,1
KZ,KZ,2027,693.0,962.0,ratio_estimate,projected,1
KZ,KZ,2028,730.0,1014.0,ratio_estimate,projected,1
KZ,KZ,2029,773.0,1073.0,ratio_estimate,projected,1
KZ,KZ,2030,816.0,1134.0,ratio_estimate,projected,1
KZ,KZ,2031,865.0,1202.0,ratio_estimate,projected,1
AL,Albania,2026,,905.0,,projected,1
AL,Albania,2027,,957.0,,projected,1
AL,Albania,2028,,1024.0,,projected,1
AL,Albania,2029,,1096.0,,projected,1
AL,Albania,2030,,1173.0,,projected,1
AL,Albania,2031,,1256.0,,projected,1
GB,United Kingdom,2026,4003.0,3869.0,ses_forecast,projected,1
GB,United Kingdom,2027,4176.0,4037.0,ses_forecast,projected,1
GB,United Kingdom,2028,4354.0,4209.0,ses_forecast,projected,1
GB,United Kingdom,2029,4542.0,4390.0,ses_forecast,projected,1
GB,United Kingdom,2030,4753.0,4594.0,ses_forecast,projected,1
GB,United Kingdom,2031,4966.0,4800.0,ses_forecast,projected,1
AT,Austria,2026,3827.0,4545.0,ses_forecast,projected,1
AT,Austria,2027,3946.0,4686.0,ses_forecast,projected,1
AT,Austria,2028,4055.0,4816.0,ses_forecast,projected,1
AT,Austria,2029,4175.0,4958.0,ses_forecast,projected,1
AT,Austria,2030,4288.0,5093.0,ses_forecast,projected,1
AT,Austria,2031,4400.0,5226.0,ses_forecast,projected,1
BE,Belgium,2026,5017.0,4904.0,ses_forecast,projected,1
BE,Belgium,2027,5130.0,5015.0,ses_forecast,projected,1
BE,Belgium,2028,5243.0,5125.0,ses_forecast,projected,1
BE,Belgium,2029,5381.0,5260.0,ses_forecast,projected,1
BE,Belgium,2030,5514.0,5390.0,ses_forecast,projected,1
BE,Belgium,2031,5652.0,5525.0,ses_forecast,projected,1
EE,Estonia,2026,2113.0,2324.0,ses_forecast,projected,1
EE,Estonia,2027,2222.0,2443.0,ses_forecast,projected,1
EE,Estonia,2028,2343.0,2576.0,ses_forecast,projected,1
EE,Estonia,2029,2458.0,2703.0,ses_forecast,projected,1
EE,Estonia,2030,2571.0,2827.0,ses_forecast,projected,1
EE,Estonia,2031,2683.0,2950.0,ses_forecast,projected,1
FI,Finland,2026,3821.0,4069.0,ses_forecast,projected,1
FI,Finland,2027,3964.0,4221.0,ses_forecast,projected,1
FI,Finland,2028,4096.0,4361.0,ses_forecast,projected,1
FI,Finland,2029,4247.0,4522.0,ses_forecast,projected,1
FI,Finland,2030,4407.0,4693.0,ses_forecast,projected,1
FI,Finland,2031,4569.0,4865.0,ses_forecast,projected,1
FR,France,2026,3414.0,3717.0,ses_forecast,projected,1
FR,France,2027,3476.0,3785.0,ses_forecast,projected,1
FR,France,2028,3564.0,3881.0,ses_forecast,projected,1
FR,France,2029,3661.0,3986.0,ses_forecast,projected,1
FR,France,2030,3759.0,4093.0,ses_forecast,projected,1
FR,France,2031,3853.0,4196.0,ses_forecast,projected,1
GR,Greece,2026,1847.0,1760.0,ses_forecast,projected,1
GR,Greece,2027,1926.0,1836.0,ses_forecast,projected,1
GR,Greece,2028,2002.0,1908.0,ses_forecast,projected,1
GR,Greece,2029,2078.0,1981.0,ses_forecast,projected,1
GR,Greece,2030,2158.0,2057.0,ses_forecast,projected,1
GR,Greece,2031,2245.0,2140.0,ses_forecast,projected,1
IE,Ireland,2026,4567.0,5401.0,ses_forecast,projected,1
IE,Ireland,2027,4695.0,5552.0,ses_forecast,projected,1
IE,Ireland,2028,4824.0,5705.0,ses_forecast,projected,1
IE,Ireland,2029,4935.0,5836.0,ses_forecast,projected,1
IE,Ireland,2030,5057.0,5981.0,ses_forecast,projected,1
IE,Ireland,2031,5187.0,6134.0,ses_forecast,projected,1
IT,Italy,2026,2713.0,2930.0,ses_forecast,projected,1
IT,Italy,2027,2783.0,3006.0,ses_forecast,projected,1
IT,Italy,2028,2868.0,3098.0,ses_forecast,projected,1
IT,Italy,2029,2951.0,3187.0,ses_forecast,projected,1
IT,Italy,2030,3037.0,3280.0,ses_forecast,projected,1
IT,Italy,2031,3126.0,3376.0,ses_forecast,projected,1
LV,Latvia,2026,1655.0,2077.0,ses_forecast,projected,1
LV,Latvia,2027,1753.0,2200.0,ses_forecast,projected,1
LV,Latvia,2028,1851.0,2323.0,ses_forecast,projected,1
LV,Latvia,2029,1947.0,2444.0,ses_forecast,projected,1
LV,Latvia,2030,2047.0,2569.0,ses_forecast,projected,1
LV,Latvia,2031,2153.0,2702.0,ses_forecast,projected,1
LT,Lithuania,2026,2168.0,2797.0,ses_forecast,projected,1
LT,Lithuania,2027,2259.0,2915.0,ses_forecast,projected,1
LT,Lithuania,2028,2388.0,3081.0,ses_forecast,projected,1
LT,Lithuania,2029,2509.0,3238.0,ses_forecast,projected,1
LT,Lithuania,2030,2651.0,3421.0,ses_forecast,projected,1
LT,Lithuania,2031,2785.0,3594.0,ses_forecast,projected,1
LU,Luxembourg,2026,5055.0,7066.0,ses_forecast,projected,1
LU,Luxembourg,2027,5138.0,7182.0,ses_forecast,projected,1
LU,Luxembourg,2028,5243.0,7329.0,ses_forecast,projected,1
LU,Luxembourg,2029,5355.0,7485.0,ses_forecast,projected,1
LU,Luxembourg,2030,5468.0,7643.0,ses_forecast,projected,1
LU,Luxembourg,2031,5582.0,7803.0,ses_forecast,projected,1
NL,Netherlands,2026,4260.0,4521.0,ses_forecast,projected,1
NL,Netherlands,2027,4389.0,4658.0,ses_forecast,projected,1
NL,Netherlands,2028,4519.0,4795.0,ses_forecast,projected,1
NL,Netherlands,2029,4651.0,4936.0,ses_forecast,projected,1
NL,Netherlands,2030,4781.0,5074.0,ses_forecast,projected,1
NL,Netherlands,2031,4914.0,5215.0,ses_forecast,projected,1
PT,Portugal,2026,1474.0,2328.0,ses_forecast,projected,1
PT,Portugal,2027,1538.0,2430.0,ses_forecast,projected,1
PT,Portugal,2028,1606.0,2536.0,ses_forecast,projected,1
PT,Portugal,2029,1673.0,2642.0,ses_forecast,projected,1
PT,Portugal,2030,1739.0,2746.0,ses_forecast,projected,1
PT,Portugal,2031,1806.0,2852.0,ses_forecast,projected,1
SK,Slovakia,2026,1826.0,1928.0,ses_forecast,projected,1
SK,Slovakia,2027,1918.0,2026.0,ses_forecast,projected,1
SK,Slovakia,2028,2025.0,2139.0,ses_forecast,projected,1
SK,Slovakia,2029,2129.0,2248.0,ses_forecast,projected,1
SK,Slovakia,2030,2226.0,2351.0,ses_forecast,projected,1
SK,Slovakia,2031,2317.0,2447.0,ses_forecast,projected,1
SI,Slovenia,2026,2434.0,3246.0,ses_forecast,projected,1
SI,Slovenia,2027,2528.0,3370.0,ses_forecast,projected,1
SI,Slovenia,2028,2636.0,3514.0,ses_forecast,projected,1
SI,Slovenia,2029,2750.0,3667.0,ses_forecast,projected,1
SI,Slovenia,2030,2869.0,3825.0,ses_forecast,projected,1
SI,Slovenia,2031,2991.0,3988.0,ses_forecast,projected,1
ES,Spain,2026,2412.0,3019.0,ses_forecast,projected,1
ES,Spain,2027,2496.0,3124.0,ses_forecast,projected,1
ES,Spain,2028,2585.0,3236.0,ses_forecast,projected,1
ES,Spain,2029,2667.0,3339.0,ses_forecast,projected,1
ES,Spain,2030,2758.0,3453.0,ses_forecast,projected,1
ES,Spain,2031,2855.0,3574.0,ses_forecast,projected,1
CZ,Czechia,2026,1887.0,2278.0,ses_forecast,projected,1
CZ,Czechia,2027,1974.0,2383.0,ses_forecast,projected,1
CZ,Czechia,2028,2061.0,2489.0,ses_forecast,projected,1
CZ,Czechia,2029,2148.0,2594.0,ses_forecast,projected,1
CZ,Czechia,2030,2238.0,2702.0,ses_forecast,projected,1
CZ,Czechia,2031,2331.0,2814.0,ses_forecast,projected,1
DK,Denmark,2026,6182.0,5652.0,ses_forecast,projected,1
DK,Denmark,2027,6395.0,5847.0,ses_forecast,projected,1
DK,Denmark,2028,6593.0,6028.0,ses_forecast,projected,1
DK,Denmark,2029,6807.0,6224.0,ses_forecast,projected,1
DK,Denmark,2030,7021.0,6419.0,ses_forecast,projected,1
DK,Denmark,2031,7240.0,6620.0,ses_forecast,projected,1
HU,Hungary,2026,1457.0,1729.0,ses_forecast,projected,1
HU,Hungary,2027,1532.0,1818.0,ses_forecast,projected,1
HU,Hungary,2028,1611.0,1911.0,ses_forecast,projected,1
HU,Hungary,2029,1698.0,2014.0,ses_forecast,projected,1
HU,Hungary,2030,1789.0,2122.0,ses_forecast,projected,1
HU,Hungary,2031,1885.0,2236.0,ses_forecast,projected,1
IS,Iceland,2026,5866.0,6336.0,ses_forecast,projected,1
IS,Iceland,2027,6029.0,6513.0,ses_forecast,projected,1
IS,Iceland,2028,6177.0,6672.0,ses_forecast,projected,1
IS,Iceland,2029,6339.0,6847.0,ses_forecast,projected,1
IS,Iceland,2030,6506.0,7028.0,ses_forecast,projected,1
IS,Iceland,2031,6678.0,7213.0,ses_forecast,projected,1
NO,Norway,2026,5175.0,4788.0,ses_forecast,projected,1
NO,Norway,2027,5177.0,4789.0,ses_forecast,projected,1
NO,Norway,2028,5148.0,4763.0,ses_forecast,projected,1
NO,Norway,2029,5127.0,4743.0,ses_forecast,projected,1
NO,Norway,2030,5124.0,4740.0,ses_forecast,projected,1
NO,Norway,2031,5133.0,4749.0,ses_forecast,projected,1
SE,Sweden,2026,4009.0,4245.0,ses_forecast,projected,1
SE,Sweden,2027,4158.0,4403.0,ses_forecast,projected,1
SE,Sweden,2028,4337.0,4592.0,ses_forecast,projected,1
SE,Sweden,2029,4498.0,4763.0,ses_forecast,projected,1
SE,Sweden,2030,4672.0,4947.0,ses_forecast,projected,1
SE,Sweden,2031,4844.0,5129.0,ses_forecast,projected,1
CH,Switzerland,2026,7966.0,8242.0,ses_forecast,projected,1
CH,Switzerland,2027,8210.0,8494.0,ses_forecast,projected,1
CH,Switzerland,2028,8502.0,8797.0,ses_forecast,projected,1
CH,Switzerland,2029,8765.0,9069.0,ses_forecast,projected,1
CH,Switzerland,2030,9092.0,9407.0,ses_forecast,projected,1
CH,Switzerland,2031,9374.0,9699.0,ses_forecast,projected,1
BG,Bulgaria,2025,1001.0,1402.0,ses_forecast,projected,1
BG,Bulgaria,2026,1170.0,1639.0,ses_forecast,projected,1
BG,Bulgaria,2027,1262.0,1767.0,ses_forecast,projected,1
BG,Bulgaria,2028,1368.0,1915.0,ses_forecast,projected,1
BG,Bulgaria,2029,1455.0,2037.0,ses_forecast,projected,1
BG,Bulgaria,2030,1553.0,2174.0,ses_forecast,projected,1
BG,Bulgaria,2031,1650.0,2311.0,ses_forecast,projected,1
RO,Romania,2025,1376.0,1791.0,ses_forecast,projected,1
RO,Romania,2026,1567.0,2040.0,ses_forecast,projected,1
RO,Romania,2027,1678.0,2184.0,ses_forecast,projected,1
RO,Romania,2028,1807.0,2352.0,ses_forecast,projected,1
RO,Romania,2029,1927.0,2508.0,ses_forecast,projected,1
RO,Romania,2030,2056.0,2676.0,ses_forecast,projected,1
RO,Romania,2031,2186.0,2845.0,ses_forecast,projected,1
HR,Croatia,2025,1651.0,2186.0,ses_forecast,projected,1
HR,Croatia,2026,1832.0,2426.0,ses_forecast,projected,1
HR,Croatia,2027,1924.0,2547.0,ses_forecast,projected,1
HR,Croatia,2028,2007.0,2657.0,ses_forecast,projected,1
HR,Croatia,2029,2097.0,2776.0,ses_forecast,projected,1
HR,Croatia,2030,2192.0,2902.0,ses_forecast,projected,1
HR,Croatia,2031,2291.0,3034.0,ses_forecast,projected,1
BA,Bosnia & Herz.,2025,1074.0,947.0,ses_forecast,projected,1
BA,Bosnia & Herz.,2026,1201.0,1059.0,ses_forecast,projected,1
BA,Bosnia & Herz.,2027,1275.0,1124.0,ses_forecast,projected,1
BA,Bosnia & Herz.,2028,1343.0,1184.0,ses_forecast,projected,1
BA,Bosnia & Herz.,2029,1419.0,1251.0,ses_forecast,projected,1
BA,Bosnia & Herz.,2030,1498.0,1321.0,ses_forecast,projected,1
BA,Bosnia & Herz.,2031,1581.0,1394.0,ses_forecast,projected,1
CY,Cyprus,2026,2098.0,2524.0,ses_forecast,projected,1
CY,Cyprus,2027,2176.0,2618.0,ses_forecast,projected,1
CY,Cyprus,2028,2283.0,2746.0,ses_forecast,projected,1
CY,Cyprus,2029,2398.0,2885.0,ses_forecast,projected,1
CY,Cyprus,2030,2517.0,3028.0,ses_forecast,projected,1
CY,Cyprus,2031,2643.0,3179.0,ses_forecast,projected,1
MD,Moldova,2025,650.0,867.0,ratio_estimate,projected,1
MD,Moldova,2026,709.0,945.0,ratio_estimate,projected,1
MD,Moldova,2027,782.0,1043.0,ratio_estimate,projected,1
MD,Moldova,2028,863.0,1151.0,ratio_estimate,projected,1
MD,Moldova,2029,952.0,1269.0,ratio_estimate,projected,1
MD,Moldova,2030,1049.0,1399.0,ratio_estimate,projected,1
MD,Moldova,2031,1162.0,1550.0,ratio_estimate,projected,1
ME,Montenegro,2026,1275.0,1324.0,ses_forecast,projected,1
ME,Montenegro,2027,1346.0,1398.0,ses_forecast,projected,1
ME,Montenegro,2028,1417.0,1472.0,ses_forecast,projected,1
ME,Montenegro,2029,1492.0,1550.0,ses_forecast,projected,1
ME,Montenegro,2030,1569.0,1630.0,ses_forecast,projected,1
ME,Montenegro,2031,1651.0,1715.0,ses_forecast,projected,1
MT,Malta,2026,2376.0,3204.0,ses_forecast,projected,1
MT,Malta,2027,2466.0,3325.0,ses_forecast,projected,1
MT,Malta,2028,2563.0,3456.0,ses_forecast,projected,1
MT,Malta,2029,2672.0,3603.0,ses_forecast,projected,1
MT,Malta,2030,2791.0,3763.0,ses_forecast,projected,1
MT,Malta,2031,2917.0,3933.0,ses_forecast,projected,1
RS,Serbia,2026,1235.0,1367.0,ses_forecast,projected,1
RS,Serbia,2027,1356.0,1501.0,ses_forecast,projected,1
RS,Serbia,2028,1457.0,1613.0,ses_forecast,projected,1
RS,Serbia,2029,1566.0,1733.0,ses_forecast,projected,1
RS,Serbia,2030,1683.0,1863.0,ses_forecast,projected,1
RS,Serbia,2031,1810.0,2003.0,ses_forecast,projected,1
TR,Turkey,2024,785.0,1264.0,ses_forecast,projected,1
TR,Turkey,2025,914.0,1472.0,ses_forecast,projected,1
TR,Turkey,2026,934.0,1504.0,ses_forecast,projected,1
TR,Turkey,2027,923.0,1487.0,ses_forecast,projected,1
TR,Turkey,2028,982.0,1582.0,ses_forecast,projected,1
TR,Turkey,2029,1035.0,1667.0,ses_forecast,projected,1
TR,Turkey,2030,1082.0,1742.0,ses_forecast,projected,1
TR,Turkey,2031,1127.0,1815.0,ses_forecast,projected,1
