iso2,country,year,wage_median_eur,wage_median_ppp,pli,pli_source,source
AD,Andorra,2025,2173,2336.0,93.0,imf_derived,ratio_estimate
AL,Albania,2018,302,618.0,48.9,eurostat_pli,ses_survey
AL,Albania,2019,337,665.0,50.7,eurostat_pli,ses_interpolated
AL,Albania,2020,372,731.0,50.9,eurostat_pli,ses_interpolated
AL,Albania,2021,406,770.0,52.7,eurostat_pli,ses_interpolated
AL,Albania,2022,441,826.0,53.4,eurostat_pli,ses_survey
AL,Albania,2023,560,974.0,57.5,eurostat_pli,ratio_estimate
AL,Albania,2024,664,1076.0,61.7,eurostat_pli,mean_growth_projected
AL,Albania,2025,691,1056.0,65.4,imf_derived,mean_growth_projected
AL,Albania,2026,783,1206.0,64.9,imf_derived,mean_growth_projected
AL,Albania,2027,828,1285.0,64.4,imf_derived,mean_growth_projected
AL,Albania,2028,886,1365.0,64.9,imf_derived,mean_growth_projected
AL,Albania,2029,948,1454.0,65.2,imf_derived,mean_growth_projected
AL,Albania,2030,1015,1549.0,65.5,imf_derived,mean_growth_projected
AL,Albania,2031,1087,1650.0,65.9,imf_derived,mean_growth_projected
AM,Armenia,1999,30,106.0,28.3,imf_derived,ratio_estimate
AM,Armenia,2000,40,125.0,32.0,imf_derived,ratio_estimate
AM,Armenia,2001,42,129.0,32.6,imf_derived,ratio_estimate
AM,Armenia,2002,43,146.0,29.5,imf_derived,ratio_estimate
AM,Armenia,2003,46,186.0,24.7,imf_derived,ratio_estimate
AM,Armenia,2004,56,223.0,25.2,imf_derived,ratio_estimate
AM,Armenia,2005,79,264.0,29.9,imf_derived,ratio_estimate
AM,Armenia,2006,103,303.0,34.0,imf_derived,ratio_estimate
AM,Armenia,2007,137,355.0,38.6,imf_derived,ratio_estimate
AM,Armenia,2008,168,400.0,42.0,imf_derived,ratio_estimate
AM,Armenia,2009,163,427.0,38.2,imf_derived,ratio_estimate
AM,Armenia,2010,179,433.0,41.4,imf_derived,ratio_estimate
AM,Armenia,2011,180,444.0,40.5,imf_derived,ratio_estimate
AM,Armenia,2013,232,563.0,41.2,imf_derived,ratio_estimate
AM,Armenia,2014,248,609.0,40.7,imf_derived,ratio_estimate
AM,Armenia,2016,283,673.0,42.1,imf_derived,ratio_estimate
AM,Armenia,2017,282,683.0,41.3,imf_derived,ratio_estimate
AM,Armenia,2018,262,644.0,40.7,imf_derived,ratio_estimate
AM,Armenia,2019,294,697.0,42.2,imf_derived,ratio_estimate
AM,Armenia,2020,294,738.0,39.8,imf_derived,ratio_estimate
AM,Armenia,2021,295,752.0,39.2,imf_derived,ratio_estimate
AM,Armenia,2022,443,851.0,52.0,imf_derived,ratio_estimate
AM,Armenia,2023,550,1008.0,54.5,imf_derived,ratio_estimate
AM,Armenia,2024,584,1091.0,53.5,imf_derived,ratio_estimate
AM,Armenia,2025,599,1144.0,52.4,imf_derived,ratio_estimate
AM,Armenia,2026,670,1326.0,50.5,imf_derived,ratio_estimate
AM,Armenia,2027,708,1435.0,49.3,imf_derived,ratio_estimate
AM,Armenia,2028,749,1539.0,48.7,imf_derived,ratio_estimate
AM,Armenia,2029,805,1656.0,48.6,imf_derived,ratio_estimate
AM,Armenia,2030,867,1784.0,48.6,imf_derived,ratio_estimate
AM,Armenia,2031,934,1922.0,48.6,imf_derived,ratio_estimate
AT,Austria,1995,1803,1542.0,116.9,eurostat_pli,mean_growth_backcast
AT,Austria,1996,1783,1579.0,112.9,eurostat_pli,mean_growth_backcast
AT,Austria,1997,1744,1574.0,110.8,eurostat_pli,mean_growth_backcast
AT,Austria,1998,1791,1627.0,110.1,eurostat_pli,mean_growth_backcast
AT,Austria,1999,1838,1662.0,110.6,eurostat_pli,mean_growth_backcast
AT,Austria,2000,1884,1725.0,109.2,eurostat_pli,mean_growth_backcast
AT,Austria,2001,1911,1714.0,111.5,eurostat_pli,mean_growth_backcast
AT,Austria,2002,1952,1778.0,109.8,eurostat_pli,mean_growth_backcast
AT,Austria,2003,1984,1834.0,108.2,eurostat_pli,mean_growth_backcast
AT,Austria,2004,2018,1877.0,107.5,eurostat_pli,mean_growth_backcast
AT,Austria,2005,2064,1916.0,107.7,eurostat_pli,mean_growth_backcast
AT,Austria,2006,2129,1968.0,108.2,eurostat_pli,ses_survey
AT,Austria,2007,2176,1980.0,109.9,eurostat_pli,ses_interpolated
AT,Austria,2008,2222,2018.0,110.1,eurostat_pli,ses_interpolated
AT,Austria,2009,2268,2030.0,111.7,eurostat_pli,ses_interpolated
AT,Austria,2010,2315,2080.0,111.3,eurostat_pli,ses_survey
AT,Austria,2011,2386,2138.0,111.6,eurostat_pli,ses_interpolated
AT,Austria,2012,2458,2230.0,110.2,eurostat_pli,ses_interpolated
AT,Austria,2013,2530,2292.0,110.4,eurostat_pli,ses_interpolated
AT,Austria,2014,2601,2335.0,111.4,eurostat_pli,ses_survey
AT,Austria,2015,2654,2389.0,111.1,eurostat_pli,ses_interpolated
AT,Austria,2016,2707,2421.0,111.8,eurostat_pli,ses_interpolated
AT,Austria,2017,2760,2447.0,112.8,eurostat_pli,ses_interpolated
AT,Austria,2018,2813,2492.0,112.9,eurostat_pli,ses_survey
AT,Austria,2019,2888,2544.0,113.5,eurostat_pli,ses_interpolated
AT,Austria,2020,2962,2596.0,114.1,eurostat_pli,ses_interpolated
AT,Austria,2021,3036,2689.0,112.9,eurostat_pli,ses_interpolated
AT,Austria,2022,3111,2783.0,111.8,eurostat_pli,ses_survey
AT,Austria,2023,3334,2943.0,113.3,eurostat_pli,mean_growth_projected
AT,Austria,2024,3575,3114.0,114.8,eurostat_pli,mean_growth_projected
AT,Austria,2025,3709,3253.0,114.0,imf_derived,mean_growth_projected
AT,Austria,2026,3892,3427.0,113.6,imf_derived,mean_growth_projected
AT,Austria,2027,4013,3534.0,113.6,imf_derived,mean_growth_projected
AT,Austria,2028,4124,3637.0,113.4,imf_derived,mean_growth_projected
AT,Austria,2029,4246,3745.0,113.4,imf_derived,mean_growth_projected
AT,Austria,2030,4362,3853.0,113.2,imf_derived,mean_growth_projected
AT,Austria,2031,4476,3954.0,113.2,imf_derived,mean_growth_projected
AZ,Azerbaijan,2025,508,1307.0,38.9,imf_derived,ratio_estimate
BA,Bosnia and Herzegovina,2010,562,1135.0,49.5,eurostat_pli,mean_growth_backcast
BA,Bosnia and Herzegovina,2011,581,1178.0,49.3,eurostat_pli,mean_growth_backcast
BA,Bosnia and Herzegovina,2012,593,1213.0,48.9,eurostat_pli,mean_growth_backcast
BA,Bosnia and Herzegovina,2013,594,1222.0,48.6,eurostat_pli,mean_growth_backcast
BA,Bosnia and Herzegovina,2014,589,1202.0,49.0,eurostat_pli,mean_growth_backcast
BA,Bosnia and Herzegovina,2015,599,1213.0,49.4,eurostat_pli,mean_growth_backcast
BA,Bosnia and Herzegovina,2016,589,1185.0,49.7,eurostat_pli,mean_growth_backcast
BA,Bosnia and Herzegovina,2017,586,1156.0,50.7,eurostat_pli,mean_growth_backcast
BA,Bosnia and Herzegovina,2018,603,1185.0,50.9,eurostat_pli,mean_growth_backcast
BA,Bosnia and Herzegovina,2019,629,1229.0,51.2,eurostat_pli,mean_growth_backcast
BA,Bosnia and Herzegovina,2020,646,1254.0,51.5,eurostat_pli,mean_growth_backcast
BA,Bosnia and Herzegovina,2021,677,1280.0,52.9,eurostat_pli,mean_growth_backcast
BA,Bosnia and Herzegovina,2022,788,1433.0,55.0,eurostat_pli,ses_survey
BA,Bosnia and Herzegovina,2023,878,1599.0,54.9,eurostat_pli,mean_growth_projected
BA,Bosnia and Herzegovina,2024,970,1644.0,59.0,eurostat_pli,mean_growth_projected
BA,Bosnia and Herzegovina,2025,1012,1770.0,57.2,imf_derived,mean_growth_projected
BA,Bosnia and Herzegovina,2026,1132,1944.0,58.2,imf_derived,mean_growth_projected
BA,Bosnia and Herzegovina,2027,1201,2046.0,58.7,imf_derived,mean_growth_projected
BA,Bosnia and Herzegovina,2028,1265,2156.0,58.7,imf_derived,mean_growth_projected
BA,Bosnia and Herzegovina,2029,1337,2276.0,58.8,imf_derived,mean_growth_projected
BA,Bosnia and Herzegovina,2030,1412,2407.0,58.7,imf_derived,mean_growth_projected
BA,Bosnia and Herzegovina,2031,1490,2540.0,58.7,imf_derived,mean_growth_projected
BE,Belgium,1995,1900,1644.0,115.6,eurostat_pli,mean_growth_backcast
BE,Belgium,1996,1896,1687.0,112.4,eurostat_pli,mean_growth_backcast
BE,Belgium,1997,1884,1708.0,110.3,eurostat_pli,mean_growth_backcast
BE,Belgium,1998,1898,1699.0,111.7,eurostat_pli,mean_growth_backcast
BE,Belgium,1999,1987,1784.0,111.4,eurostat_pli,mean_growth_backcast
BE,Belgium,2000,2041,1885.0,108.3,eurostat_pli,mean_growth_backcast
BE,Belgium,2001,2118,1965.0,107.8,eurostat_pli,mean_growth_backcast
BE,Belgium,2002,2193,2059.0,106.5,eurostat_pli,mean_growth_backcast
BE,Belgium,2003,2233,2093.0,106.7,eurostat_pli,mean_growth_backcast
BE,Belgium,2004,2276,2094.0,108.7,eurostat_pli,mean_growth_backcast
BE,Belgium,2005,2320,2130.0,108.9,eurostat_pli,mean_growth_backcast
BE,Belgium,2006,2400,2182.0,110.0,eurostat_pli,ses_survey
BE,Belgium,2007,2482,2230.0,111.3,eurostat_pli,ses_interpolated
BE,Belgium,2008,2564,2295.0,111.7,eurostat_pli,ses_interpolated
BE,Belgium,2009,2645,2349.0,112.6,eurostat_pli,ses_interpolated
BE,Belgium,2010,2727,2468.0,110.5,eurostat_pli,ses_survey
BE,Belgium,2011,2784,2495.0,111.6,eurostat_pli,ses_interpolated
BE,Belgium,2012,2842,2553.0,111.3,eurostat_pli,ses_interpolated
BE,Belgium,2013,2899,2595.0,111.7,eurostat_pli,ses_interpolated
BE,Belgium,2014,2956,2649.0,111.6,eurostat_pli,ses_survey
BE,Belgium,2015,3049,2739.0,111.3,eurostat_pli,ses_interpolated
BE,Belgium,2016,3142,2795.0,112.4,eurostat_pli,ses_interpolated
BE,Belgium,2017,3235,2865.0,112.9,eurostat_pli,ses_interpolated
BE,Belgium,2018,3328,2945.0,113.0,eurostat_pli,ses_survey
BE,Belgium,2019,3457,3054.0,113.2,eurostat_pli,ses_interpolated
BE,Belgium,2020,3586,3199.0,112.1,eurostat_pli,ses_interpolated
BE,Belgium,2021,3714,3290.0,112.9,eurostat_pli,ses_interpolated
BE,Belgium,2022,3843,3401.0,113.0,eurostat_pli,ses_survey
BE,Belgium,2023,4129,3657.0,112.9,eurostat_pli,mean_growth_projected
BE,Belgium,2024,4252,3786.0,112.3,eurostat_pli,mean_growth_projected
BE,Belgium,2025,4391,4009.0,109.5,imf_derived,mean_growth_projected
BE,Belgium,2026,4666,4296.0,108.6,imf_derived,mean_growth_projected
BE,Belgium,2027,4772,4419.0,108.0,imf_derived,mean_growth_projected
BE,Belgium,2028,4877,4547.0,107.3,imf_derived,mean_growth_projected
BE,Belgium,2029,5005,4686.0,106.8,imf_derived,mean_growth_projected
BE,Belgium,2030,5129,4842.0,105.9,imf_derived,mean_growth_projected
BE,Belgium,2031,5257,4998.0,105.2,imf_derived,mean_growth_projected
BG,Bulgaria,1995,70,263.0,26.6,eurostat_pli,mean_growth_backcast
BG,Bulgaria,1996,47,232.0,20.3,eurostat_pli,mean_growth_backcast
BG,Bulgaria,1997,53,210.0,25.2,eurostat_pli,mean_growth_backcast
BG,Bulgaria,1998,81,256.0,31.7,eurostat_pli,mean_growth_backcast
BG,Bulgaria,1999,87,271.0,32.1,eurostat_pli,mean_growth_backcast
BG,Bulgaria,2000,98,297.0,33.0,eurostat_pli,mean_growth_backcast
BG,Bulgaria,2001,113,328.0,34.5,eurostat_pli,mean_growth_backcast
BG,Bulgaria,2002,120,344.0,34.9,eurostat_pli,ses_survey
BG,Bulgaria,2003,126,360.0,35.0,eurostat_pli,ses_interpolated
BG,Bulgaria,2004,132,363.0,36.4,eurostat_pli,ses_interpolated
BG,Bulgaria,2005,138,371.0,37.2,eurostat_pli,ses_interpolated
BG,Bulgaria,2006,144,362.0,39.8,eurostat_pli,ses_survey
BG,Bulgaria,2007,174,409.0,42.5,eurostat_pli,ses_interpolated
BG,Bulgaria,2008,204,457.0,44.6,eurostat_pli,ses_interpolated
BG,Bulgaria,2009,235,501.0,46.9,eurostat_pli,ses_interpolated
BG,Bulgaria,2010,265,580.0,45.7,eurostat_pli,ses_survey
BG,Bulgaria,2011,277,576.0,48.1,eurostat_pli,ses_interpolated
BG,Bulgaria,2012,289,602.0,48.0,eurostat_pli,ses_interpolated
BG,Bulgaria,2013,301,624.0,48.2,eurostat_pli,ses_interpolated
BG,Bulgaria,2014,313,663.0,47.2,eurostat_pli,ses_survey
BG,Bulgaria,2015,348,720.0,48.3,eurostat_pli,ses_interpolated
BG,Bulgaria,2016,384,782.0,49.1,eurostat_pli,ses_interpolated
BG,Bulgaria,2017,420,835.0,50.3,eurostat_pli,ses_interpolated
BG,Bulgaria,2018,455,887.0,51.3,eurostat_pli,ses_survey
BG,Bulgaria,2019,518,976.0,53.1,eurostat_pli,ses_interpolated
BG,Bulgaria,2020,580,1074.0,54.0,eurostat_pli,ses_interpolated
BG,Bulgaria,2021,642,1157.0,55.5,eurostat_pli,ses_interpolated
BG,Bulgaria,2022,705,1189.0,59.3,eurostat_pli,ses_survey
BG,Bulgaria,2023,801,1326.0,60.4,eurostat_pli,mean_growth_projected
BG,Bulgaria,2024,915,1490.0,61.4,eurostat_pli,mean_growth_projected
BG,Bulgaria,2025,1005,1502.0,66.9,imf_derived,mean_growth_projected
BG,Bulgaria,2026,1175,1714.0,68.5,imf_derived,mean_growth_projected
BG,Bulgaria,2027,1267,1813.0,69.9,imf_derived,mean_growth_projected
BG,Bulgaria,2028,1373,1912.0,71.8,imf_derived,mean_growth_projected
BG,Bulgaria,2029,1460,2020.0,72.3,imf_derived,mean_growth_projected
BG,Bulgaria,2030,1558,2137.0,72.9,imf_derived,mean_growth_projected
BG,Bulgaria,2031,1656,2258.0,73.4,imf_derived,mean_growth_projected
BY,Belarus,2000,42,153.0,27.5,imf_derived,mean_growth_backcast
BY,Belarus,2001,68,218.0,31.2,imf_derived,mean_growth_backcast
BY,Belarus,2002,77,231.0,33.4,imf_derived,mean_growth_backcast
BY,Belarus,2003,79,260.0,30.4,imf_derived,mean_growth_backcast
BY,Belarus,2004,103,330.0,31.2,imf_derived,mean_growth_backcast
BY,Belarus,2005,130,351.0,37.0,imf_derived,mean_growth_backcast
BY,Belarus,2006,158,390.0,40.5,imf_derived,mean_growth_backcast
BY,Belarus,2007,180,438.0,41.1,imf_derived,mean_growth_backcast
BY,Belarus,2008,223,485.0,46.0,imf_derived,mean_growth_backcast
BY,Belarus,2009,203,520.0,39.0,imf_derived,mean_growth_backcast
BY,Belarus,2010,247,589.0,41.9,imf_derived,mean_growth_backcast
BY,Belarus,2011,213,532.0,40.1,imf_derived,mean_growth_backcast
BY,Belarus,2012,273,601.0,45.4,imf_derived,mean_growth_backcast
BY,Belarus,2013,341,692.0,49.3,imf_derived,mean_growth_backcast
BY,Belarus,2014,348,707.0,49.2,imf_derived,mean_growth_backcast
BY,Belarus,2015,281,647.0,43.5,imf_derived,mean_growth_backcast
BY,Belarus,2016,283,756.0,37.5,imf_derived,mean_growth_backcast
BY,Belarus,2017,286,707.0,40.5,imf_derived,mean_growth_backcast
BY,Belarus,2018,319,804.0,39.7,imf_derived,national_office
BY,Belarus,2019,365,867.0,42.1,imf_derived,national_office
BY,Belarus,2020,338,937.0,36.1,imf_derived,national_office
BY,Belarus,2021,398,1100.0,36.2,imf_derived,national_office
BY,Belarus,2022,454,1045.0,43.5,imf_derived,national_office
BY,Belarus,2023,465,1249.0,37.2,imf_derived,national_office
BY,Belarus,2024,507,1336.0,38.0,imf_derived,national_office
BY,Belarus,2025,578,1408.0,41.1,imf_derived,national_office
BY,Belarus,2026,608,1462.0,41.6,imf_derived,mean_growth_projected
BY,Belarus,2027,644,1520.0,42.4,imf_derived,mean_growth_projected
BY,Belarus,2028,682,1571.0,43.4,imf_derived,mean_growth_projected
BY,Belarus,2029,729,1628.0,44.8,imf_derived,mean_growth_projected
BY,Belarus,2030,772,1687.0,45.8,imf_derived,mean_growth_projected
BY,Belarus,2031,815,1749.0,46.6,imf_derived,mean_growth_projected
CH,Switzerland,1995,2688,1811.0,148.4,eurostat_pli,mean_growth_backcast
CH,Switzerland,1996,2678,1886.0,142.0,eurostat_pli,mean_growth_backcast
CH,Switzerland,1997,2616,1952.0,134.0,eurostat_pli,mean_growth_backcast
CH,Switzerland,1998,2672,1973.0,135.4,eurostat_pli,mean_growth_backcast
CH,Switzerland,1999,2731,2026.0,134.8,eurostat_pli,mean_growth_backcast
CH,Switzerland,2000,2879,2083.0,138.2,eurostat_pli,national_office
CH,Switzerland,2001,2981,2108.0,141.4,eurostat_pli,ses_interpolated
CH,Switzerland,2002,3083,2168.0,142.2,eurostat_pli,national_office
CH,Switzerland,2003,3054,2224.0,137.3,eurostat_pli,ses_interpolated
CH,Switzerland,2004,3025,2256.0,134.1,eurostat_pli,national_office
CH,Switzerland,2005,3066,2305.0,133.0,eurostat_pli,ses_interpolated
CH,Switzerland,2006,3106,2428.0,127.9,eurostat_pli,ses_interpolated
CH,Switzerland,2007,3147,2665.0,118.1,eurostat_pli,ses_interpolated
CH,Switzerland,2008,3188,2630.0,121.2,eurostat_pli,national_office
CH,Switzerland,2009,3507,2721.0,128.9,eurostat_pli,ses_interpolated
CH,Switzerland,2010,3826,2727.0,140.3,eurostat_pli,national_office
CH,Switzerland,2011,4194,2757.0,152.1,eurostat_pli,ses_interpolated
CH,Switzerland,2012,4562,2999.0,152.1,eurostat_pli,national_office
CH,Switzerland,2013,4538,3072.0,147.7,eurostat_pli,ses_interpolated
CH,Switzerland,2014,4515,3067.0,147.2,eurostat_pli,national_office
CH,Switzerland,2015,4810,2989.0,160.9,eurostat_pli,ses_interpolated
CH,Switzerland,2016,5104,3216.0,158.7,eurostat_pli,national_office
CH,Switzerland,2017,4978,3201.0,155.5,eurostat_pli,ses_interpolated
CH,Switzerland,2018,4851,3223.0,150.5,eurostat_pli,national_office
CH,Switzerland,2019,5098,3253.0,156.7,eurostat_pli,ses_interpolated
CH,Switzerland,2020,5346,3308.0,161.6,eurostat_pli,national_office
CH,Switzerland,2021,5602,3657.0,153.2,eurostat_pli,ses_interpolated
CH,Switzerland,2022,5857,3738.0,156.7,eurostat_pli,national_office
CH,Switzerland,2023,6125,3864.0,158.5,eurostat_pli,ses_interpolated
CH,Switzerland,2024,6393,3996.0,160.0,eurostat_pli,national_office
CH,Switzerland,2025,6545,4227.0,154.8,imf_derived,mean_growth_projected
CH,Switzerland,2026,7109,4540.0,156.6,imf_derived,mean_growth_projected
CH,Switzerland,2027,7326,4671.0,156.8,imf_derived,mean_growth_projected
CH,Switzerland,2028,7587,4814.0,157.6,imf_derived,mean_growth_projected
CH,Switzerland,2029,7822,4942.0,158.3,imf_derived,mean_growth_projected
CH,Switzerland,2030,8114,5106.0,158.9,imf_derived,mean_growth_projected
CH,Switzerland,2031,8366,5244.0,159.5,imf_derived,mean_growth_projected
CY,Cyprus,1995,892,1094.0,81.5,eurostat_pli,mean_growth_backcast
CY,Cyprus,1996,940,1156.0,81.3,eurostat_pli,mean_growth_backcast
CY,Cyprus,1997,1007,1195.0,84.3,eurostat_pli,mean_growth_backcast
CY,Cyprus,1998,1033,1196.0,86.4,eurostat_pli,mean_growth_backcast
CY,Cyprus,1999,1074,1232.0,87.2,eurostat_pli,mean_growth_backcast
CY,Cyprus,2000,1156,1314.0,88.0,eurostat_pli,mean_growth_backcast
CY,Cyprus,2001,1204,1378.0,87.4,eurostat_pli,mean_growth_backcast
CY,Cyprus,2002,1264,1433.0,88.2,eurostat_pli,mean_growth_backcast
CY,Cyprus,2003,1332,1482.0,89.9,eurostat_pli,mean_growth_backcast
CY,Cyprus,2004,1357,1503.0,90.3,eurostat_pli,mean_growth_backcast
CY,Cyprus,2005,1451,1621.0,89.5,eurostat_pli,mean_growth_backcast
CY,Cyprus,2006,1516,1670.0,90.8,eurostat_pli,ses_survey
CY,Cyprus,2007,1539,1743.0,88.3,eurostat_pli,ses_interpolated
CY,Cyprus,2008,1562,1747.0,89.4,eurostat_pli,ses_interpolated
CY,Cyprus,2009,1586,1756.0,90.3,eurostat_pli,ses_interpolated
CY,Cyprus,2010,1609,1739.0,92.5,eurostat_pli,ses_survey
CY,Cyprus,2011,1577,1683.0,93.7,eurostat_pli,ses_interpolated
CY,Cyprus,2012,1544,1613.0,95.7,eurostat_pli,ses_interpolated
CY,Cyprus,2013,1512,1588.0,95.2,eurostat_pli,ses_interpolated
CY,Cyprus,2014,1480,1561.0,94.8,eurostat_pli,ses_survey
CY,Cyprus,2015,1485,1611.0,92.2,eurostat_pli,ses_interpolated
CY,Cyprus,2016,1490,1663.0,89.6,eurostat_pli,ses_interpolated
CY,Cyprus,2017,1495,1669.0,89.6,eurostat_pli,ses_interpolated
CY,Cyprus,2018,1500,1661.0,90.3,eurostat_pli,ses_survey
CY,Cyprus,2019,1546,1710.0,90.4,eurostat_pli,ses_interpolated
CY,Cyprus,2020,1593,1758.0,90.6,eurostat_pli,ses_interpolated
CY,Cyprus,2021,1640,1788.0,91.7,eurostat_pli,ses_interpolated
CY,Cyprus,2022,1686,1837.0,91.8,eurostat_pli,ses_survey
CY,Cyprus,2023,1872,2055.0,91.1,eurostat_pli,mean_growth_projected
CY,Cyprus,2024,1933,2117.0,91.3,eurostat_pli,mean_growth_projected
CY,Cyprus,2025,2016,2289.0,88.1,imf_derived,mean_growth_projected
CY,Cyprus,2026,2195,2499.0,87.8,imf_derived,mean_growth_projected
CY,Cyprus,2027,2277,2601.0,87.5,imf_derived,mean_growth_projected
CY,Cyprus,2028,2388,2724.0,87.7,imf_derived,mean_growth_projected
CY,Cyprus,2029,2509,2859.0,87.8,imf_derived,mean_growth_projected
CY,Cyprus,2030,2633,3004.0,87.7,imf_derived,mean_growth_projected
CY,Cyprus,2031,2764,3151.0,87.7,imf_derived,mean_growth_projected
CZ,Czechia,1995,199,518.0,38.4,eurostat_pli,mean_growth_backcast
CZ,Czechia,1996,235,569.0,41.3,eurostat_pli,mean_growth_backcast
CZ,Czechia,1997,249,580.0,42.9,eurostat_pli,mean_growth_backcast
CZ,Czechia,1998,268,575.0,46.6,eurostat_pli,mean_growth_backcast
CZ,Czechia,1999,278,602.0,46.2,eurostat_pli,mean_growth_backcast
CZ,Czechia,2000,310,639.0,48.5,eurostat_pli,mean_growth_backcast
CZ,Czechia,2001,353,695.0,50.8,eurostat_pli,mean_growth_backcast
CZ,Czechia,2002,419,731.0,57.3,eurostat_pli,ses_survey
CZ,Czechia,2003,470,867.0,54.2,eurostat_pli,ses_interpolated
CZ,Czechia,2004,520,939.0,55.4,eurostat_pli,ses_interpolated
CZ,Czechia,2005,571,956.0,59.7,eurostat_pli,ses_interpolated
CZ,Czechia,2006,622,972.0,64.0,eurostat_pli,ses_survey
CZ,Czechia,2007,667,1026.0,65.0,eurostat_pli,ses_interpolated
CZ,Czechia,2008,712,990.0,71.9,eurostat_pli,ses_interpolated
CZ,Czechia,2009,758,1110.0,68.3,eurostat_pli,ses_interpolated
CZ,Czechia,2010,803,1125.0,71.4,eurostat_pli,ses_survey
CZ,Czechia,2011,800,1099.0,72.8,eurostat_pli,ses_interpolated
CZ,Czechia,2012,796,1112.0,71.6,eurostat_pli,ses_interpolated
CZ,Czechia,2013,792,1161.0,68.2,eurostat_pli,ses_interpolated
CZ,Czechia,2014,789,1225.0,64.4,eurostat_pli,ses_survey
CZ,Czechia,2015,860,1303.0,66.0,eurostat_pli,ses_interpolated
CZ,Czechia,2016,930,1388.0,67.0,eurostat_pli,ses_interpolated
CZ,Czechia,2017,1000,1456.0,68.7,eurostat_pli,ses_interpolated
CZ,Czechia,2018,1071,1506.0,71.1,eurostat_pli,ses_survey
CZ,Czechia,2019,1159,1599.0,72.5,eurostat_pli,ses_interpolated
CZ,Czechia,2020,1248,1736.0,71.9,eurostat_pli,ses_interpolated
CZ,Czechia,2021,1336,1740.0,76.8,eurostat_pli,ses_interpolated
CZ,Czechia,2022,1424,1716.0,83.0,eurostat_pli,ses_survey
CZ,Czechia,2023,1512,1787.0,84.6,eurostat_pli,ses_interpolated
CZ,Czechia,2024,1601,1981.0,80.8,eurostat_pli,national_office
CZ,Czechia,2025,1756,2168.0,81.0,imf_derived,national_office
CZ,Czechia,2026,1947,2370.0,82.2,imf_derived,mean_growth_projected
CZ,Czechia,2027,2037,2485.0,82.0,imf_derived,mean_growth_projected
CZ,Czechia,2028,2128,2595.0,82.0,imf_derived,mean_growth_projected
CZ,Czechia,2029,2218,2709.0,81.9,imf_derived,mean_growth_projected
CZ,Czechia,2030,2310,2828.0,81.7,imf_derived,mean_growth_projected
CZ,Czechia,2031,2406,2951.0,81.5,imf_derived,mean_growth_projected
DE,Germany,1995,2023,1649.0,122.7,eurostat_pli,mean_growth_backcast
DE,Germany,1996,2079,1765.0,117.8,eurostat_pli,mean_growth_backcast
DE,Germany,1997,2119,1830.0,115.8,eurostat_pli,mean_growth_backcast
DE,Germany,1998,2170,1877.0,115.6,eurostat_pli,mean_growth_backcast
DE,Germany,1999,2233,1955.0,114.2,eurostat_pli,mean_growth_backcast
DE,Germany,2000,2262,1993.0,113.5,eurostat_pli,mean_growth_backcast
DE,Germany,2001,2321,2067.0,112.3,eurostat_pli,mean_growth_backcast
DE,Germany,2002,2396,2151.0,111.4,eurostat_pli,mean_growth_backcast
DE,Germany,2003,2469,2263.0,109.1,eurostat_pli,mean_growth_backcast
DE,Germany,2004,2525,2358.0,107.1,eurostat_pli,mean_growth_backcast
DE,Germany,2005,2574,2417.0,106.5,eurostat_pli,mean_growth_backcast
DE,Germany,2006,2617,2455.0,106.6,eurostat_pli,ses_survey
DE,Germany,2007,2645,2495.0,106.0,eurostat_pli,ses_interpolated
DE,Germany,2008,2672,2528.0,105.7,eurostat_pli,ses_interpolated
DE,Germany,2009,2700,2514.0,107.4,eurostat_pli,ses_interpolated
DE,Germany,2010,2728,2564.0,106.4,eurostat_pli,ses_survey
DE,Germany,2011,2785,2632.0,105.8,eurostat_pli,ses_interpolated
DE,Germany,2012,2842,2666.0,106.6,eurostat_pli,ses_interpolated
DE,Germany,2013,2898,2701.0,107.3,eurostat_pli,ses_interpolated
DE,Germany,2014,2955,2754.0,107.3,eurostat_pli,ses_survey
DE,Germany,2015,3021,2792.0,108.2,eurostat_pli,ses_interpolated
DE,Germany,2016,3088,2851.0,108.3,eurostat_pli,ses_interpolated
DE,Germany,2017,3154,2910.0,108.4,eurostat_pli,ses_interpolated
DE,Germany,2018,3220,2968.0,108.5,eurostat_pli,ses_survey
DE,Germany,2019,3282,2973.0,110.4,eurostat_pli,ses_interpolated
DE,Germany,2020,3344,3021.0,110.7,eurostat_pli,ses_interpolated
DE,Germany,2021,3407,3075.0,110.8,eurostat_pli,ses_interpolated
DE,Germany,2022,3469,3114.0,111.4,eurostat_pli,ses_survey
DE,Germany,2023,3687,3295.0,111.9,eurostat_pli,ses_interpolated
DE,Germany,2024,3905,3496.0,111.7,eurostat_pli,ses_interpolated
DE,Germany,2025,4123,3691.0,111.7,imf_derived,national_office
DE,Germany,2026,4414,3952.0,111.7,imf_derived,mean_growth_projected
DE,Germany,2027,4570,4091.0,111.7,imf_derived,mean_growth_projected
DE,Germany,2028,4719,4225.0,111.7,imf_derived,mean_growth_projected
DE,Germany,2029,4873,4363.0,111.7,imf_derived,mean_growth_projected
DE,Germany,2030,5020,4494.0,111.7,imf_derived,mean_growth_projected
DE,Germany,2031,5166,4625.0,111.7,imf_derived,mean_growth_projected
DK,Denmark,1995,2406,1692.0,142.2,eurostat_pli,mean_growth_backcast
DK,Denmark,1996,2484,1779.0,139.6,eurostat_pli,mean_growth_backcast
DK,Denmark,1997,2512,1808.0,138.9,eurostat_pli,mean_growth_backcast
DK,Denmark,1998,2599,1872.0,138.8,eurostat_pli,mean_growth_backcast
DK,Denmark,1999,2730,1938.0,140.9,eurostat_pli,mean_growth_backcast
DK,Denmark,2000,2800,2000.0,140.0,eurostat_pli,mean_growth_backcast
DK,Denmark,2001,2901,2059.0,140.9,eurostat_pli,mean_growth_backcast
DK,Denmark,2002,3007,2140.0,140.5,eurostat_pli,mean_growth_backcast
DK,Denmark,2003,3104,2191.0,141.7,eurostat_pli,mean_growth_backcast
DK,Denmark,2004,3188,2290.0,139.2,eurostat_pli,mean_growth_backcast
DK,Denmark,2005,3284,2339.0,140.4,eurostat_pli,mean_growth_backcast
DK,Denmark,2006,3390,2427.0,139.7,eurostat_pli,ses_survey
DK,Denmark,2007,3538,2551.0,138.7,eurostat_pli,ses_interpolated
DK,Denmark,2008,3687,2685.0,137.3,eurostat_pli,ses_interpolated
DK,Denmark,2009,3836,2790.0,137.5,eurostat_pli,ses_interpolated
DK,Denmark,2010,3984,2958.0,134.7,eurostat_pli,ses_survey
DK,Denmark,2011,4040,3004.0,134.5,eurostat_pli,ses_interpolated
DK,Denmark,2012,4096,2977.0,137.6,eurostat_pli,ses_interpolated
DK,Denmark,2013,4151,3039.0,136.6,eurostat_pli,ses_interpolated
DK,Denmark,2014,4207,3066.0,137.2,eurostat_pli,ses_survey
DK,Denmark,2015,4281,3143.0,136.2,eurostat_pli,ses_interpolated
DK,Denmark,2016,4355,3181.0,136.9,eurostat_pli,ses_interpolated
DK,Denmark,2017,4429,3293.0,134.5,eurostat_pli,ses_interpolated
DK,Denmark,2018,4503,3363.0,133.9,eurostat_pli,ses_survey
DK,Denmark,2019,4627,3435.0,134.7,eurostat_pli,ses_interpolated
DK,Denmark,2020,4750,3553.0,133.7,eurostat_pli,ses_interpolated
DK,Denmark,2021,4874,3676.0,132.6,eurostat_pli,ses_interpolated
DK,Denmark,2022,4998,3744.0,133.5,eurostat_pli,ses_survey
DK,Denmark,2023,5194,3926.0,132.3,eurostat_pli,mean_growth_projected
DK,Denmark,2024,5425,4148.0,130.8,eurostat_pli,mean_growth_projected
DK,Denmark,2025,5591,4567.0,122.4,imf_derived,mean_growth_projected
DK,Denmark,2026,5977,4896.0,122.1,imf_derived,mean_growth_projected
DK,Denmark,2027,6183,5044.0,122.6,imf_derived,mean_growth_projected
DK,Denmark,2028,6374,5172.0,123.2,imf_derived,mean_growth_projected
DK,Denmark,2029,6581,5334.0,123.4,imf_derived,mean_growth_projected
DK,Denmark,2030,6787,5500.0,123.4,imf_derived,mean_growth_projected
DK,Denmark,2031,7000,5664.0,123.6,imf_derived,mean_growth_projected
EE,Estonia,1995,136,355.0,38.3,eurostat_pli,mean_growth_backcast
EE,Estonia,1996,172,377.0,45.6,eurostat_pli,mean_growth_backcast
EE,Estonia,1997,200,411.0,48.7,eurostat_pli,mean_growth_backcast
EE,Estonia,1998,227,437.0,52.0,eurostat_pli,mean_growth_backcast
EE,Estonia,1999,247,447.0,55.3,eurostat_pli,mean_growth_backcast
EE,Estonia,2000,276,489.0,56.4,eurostat_pli,mean_growth_backcast
EE,Estonia,2001,304,516.0,58.9,eurostat_pli,mean_growth_backcast
EE,Estonia,2002,332,560.0,59.3,eurostat_pli,mean_growth_backcast
EE,Estonia,2003,369,623.0,59.2,eurostat_pli,mean_growth_backcast
EE,Estonia,2004,414,685.0,60.4,eurostat_pli,mean_growth_backcast
EE,Estonia,2005,458,746.0,61.4,eurostat_pli,mean_growth_backcast
EE,Estonia,2006,527,805.0,65.5,eurostat_pli,ses_survey
EE,Estonia,2007,570,817.0,69.8,eurostat_pli,ses_interpolated
EE,Estonia,2008,614,875.0,70.2,eurostat_pli,ses_interpolated
EE,Estonia,2009,657,959.0,68.5,eurostat_pli,ses_interpolated
EE,Estonia,2010,700,1034.0,67.7,eurostat_pli,ses_survey
EE,Estonia,2011,755,1099.0,68.7,eurostat_pli,ses_interpolated
EE,Estonia,2012,810,1147.0,70.6,eurostat_pli,ses_interpolated
EE,Estonia,2013,866,1196.0,72.4,eurostat_pli,ses_interpolated
EE,Estonia,2014,921,1253.0,73.5,eurostat_pli,ses_survey
EE,Estonia,2015,992,1326.0,74.8,eurostat_pli,ses_interpolated
EE,Estonia,2016,1063,1399.0,76.0,eurostat_pli,ses_interpolated
EE,Estonia,2017,1134,1456.0,77.9,eurostat_pli,ses_interpolated
EE,Estonia,2018,1205,1516.0,79.5,eurostat_pli,ses_survey
EE,Estonia,2019,1296,1594.0,81.3,eurostat_pli,ses_interpolated
EE,Estonia,2020,1388,1720.0,80.7,eurostat_pli,ses_interpolated
EE,Estonia,2021,1480,1768.0,83.7,eurostat_pli,ses_interpolated
EE,Estonia,2022,1571,1742.0,90.2,eurostat_pli,ses_survey
EE,Estonia,2023,1707,1859.0,91.8,eurostat_pli,mean_growth_projected
EE,Estonia,2024,1826,1998.0,91.4,eurostat_pli,mean_growth_projected
EE,Estonia,2025,1905,2008.0,94.9,imf_derived,mean_growth_projected
EE,Estonia,2026,2041,2131.0,95.8,imf_derived,mean_growth_projected
EE,Estonia,2027,2146,2226.0,96.4,imf_derived,mean_growth_projected
EE,Estonia,2028,2263,2323.0,97.4,imf_derived,mean_growth_projected
EE,Estonia,2029,2375,2427.0,97.8,imf_derived,mean_growth_projected
EE,Estonia,2030,2484,2529.0,98.2,imf_derived,mean_growth_projected
EE,Estonia,2031,2592,2625.0,98.8,imf_derived,mean_growth_projected
ES,Spain,1995,1073,1236.0,86.8,eurostat_pli,mean_growth_backcast
ES,Spain,1996,1133,1285.0,88.2,eurostat_pli,mean_growth_backcast
ES,Spain,1997,1124,1295.0,86.8,eurostat_pli,mean_growth_backcast
ES,Spain,1998,1141,1318.0,86.6,eurostat_pli,mean_growth_backcast
ES,Spain,1999,1167,1319.0,88.5,eurostat_pli,mean_growth_backcast
ES,Spain,2000,1190,1337.0,89.0,eurostat_pli,mean_growth_backcast
ES,Spain,2001,1225,1357.0,90.3,eurostat_pli,mean_growth_backcast
ES,Spain,2002,1263,1396.0,90.5,eurostat_pli,ses_survey
ES,Spain,2003,1304,1410.0,92.5,eurostat_pli,ses_interpolated
ES,Spain,2004,1346,1436.0,93.7,eurostat_pli,ses_interpolated
ES,Spain,2005,1387,1477.0,93.9,eurostat_pli,ses_interpolated
ES,Spain,2006,1428,1542.0,92.6,eurostat_pli,ses_survey
ES,Spain,2007,1493,1611.0,92.7,eurostat_pli,ses_interpolated
ES,Spain,2008,1558,1666.0,93.5,eurostat_pli,ses_interpolated
ES,Spain,2009,1622,1704.0,95.2,eurostat_pli,ses_interpolated
ES,Spain,2010,1687,1757.0,96.0,eurostat_pli,ses_survey
ES,Spain,2011,1713,1788.0,95.8,eurostat_pli,ses_interpolated
ES,Spain,2012,1740,1849.0,94.1,eurostat_pli,ses_interpolated
ES,Spain,2013,1766,1889.0,93.5,eurostat_pli,ses_interpolated
ES,Spain,2014,1792,1939.0,92.4,eurostat_pli,ses_survey
ES,Spain,2015,1796,1942.0,92.5,eurostat_pli,ses_interpolated
ES,Spain,2016,1800,1946.0,92.5,eurostat_pli,ses_interpolated
ES,Spain,2017,1803,1964.0,91.8,eurostat_pli,ses_interpolated
ES,Spain,2018,1807,1939.0,93.2,eurostat_pli,ses_survey
ES,Spain,2019,1855,1997.0,92.9,eurostat_pli,ses_interpolated
ES,Spain,2020,1904,2006.0,94.9,eurostat_pli,ses_interpolated
ES,Spain,2021,1952,2115.0,92.3,eurostat_pli,ses_interpolated
ES,Spain,2022,2000,2200.0,90.9,eurostat_pli,ses_survey
ES,Spain,2023,2020,2252.0,89.7,eurostat_pli,ses_interpolated
ES,Spain,2024,2041,2275.0,89.7,eurostat_pli,national_office
ES,Spain,2025,2127,2318.0,91.8,imf_derived,mean_growth_projected
ES,Spain,2026,2356,2555.0,92.2,imf_derived,mean_growth_projected
ES,Spain,2027,2438,2634.0,92.6,imf_derived,mean_growth_projected
ES,Spain,2028,2525,2711.0,93.1,imf_derived,mean_growth_projected
ES,Spain,2029,2605,2795.0,93.2,imf_derived,mean_growth_projected
ES,Spain,2030,2694,2888.0,93.3,imf_derived,mean_growth_projected
ES,Spain,2031,2788,2986.0,93.4,imf_derived,mean_growth_projected
FI,Finland,1995,1693,1382.0,122.5,eurostat_pli,mean_growth_backcast
FI,Finland,1996,1713,1435.0,119.4,eurostat_pli,mean_growth_backcast
FI,Finland,1997,1732,1449.0,119.5,eurostat_pli,mean_growth_backcast
FI,Finland,1998,1776,1500.0,118.4,eurostat_pli,mean_growth_backcast
FI,Finland,1999,1855,1563.0,118.7,eurostat_pli,mean_growth_backcast
FI,Finland,2000,1944,1642.0,118.4,eurostat_pli,mean_growth_backcast
FI,Finland,2001,2006,1656.0,121.1,eurostat_pli,mean_growth_backcast
FI,Finland,2002,2049,1684.0,121.7,eurostat_pli,mean_growth_backcast
FI,Finland,2003,2106,1726.0,122.0,eurostat_pli,mean_growth_backcast
FI,Finland,2004,2181,1831.0,119.1,eurostat_pli,mean_growth_backcast
FI,Finland,2005,2253,1884.0,119.6,eurostat_pli,mean_growth_backcast
FI,Finland,2006,2328,1943.0,119.8,eurostat_pli,ses_survey
FI,Finland,2007,2422,2046.0,118.4,eurostat_pli,ses_interpolated
FI,Finland,2008,2517,2142.0,117.5,eurostat_pli,ses_interpolated
FI,Finland,2009,2612,2201.0,118.7,eurostat_pli,ses_interpolated
FI,Finland,2010,2706,2274.0,119.0,eurostat_pli,ses_survey
FI,Finland,2011,2762,2292.0,120.5,eurostat_pli,ses_interpolated
FI,Finland,2012,2817,2290.0,123.0,eurostat_pli,ses_interpolated
FI,Finland,2013,2872,2290.0,125.4,eurostat_pli,ses_interpolated
FI,Finland,2014,2928,2313.0,126.6,eurostat_pli,ses_survey
FI,Finland,2015,2962,2347.0,126.2,eurostat_pli,ses_interpolated
FI,Finland,2016,2996,2363.0,126.8,eurostat_pli,ses_interpolated
FI,Finland,2017,3031,2411.0,125.7,eurostat_pli,ses_interpolated
FI,Finland,2018,3065,2434.0,125.9,eurostat_pli,ses_survey
FI,Finland,2019,3147,2476.0,127.1,eurostat_pli,ses_interpolated
FI,Finland,2020,3229,2571.0,125.6,eurostat_pli,ses_interpolated
FI,Finland,2021,3311,2672.0,123.9,eurostat_pli,ses_interpolated
FI,Finland,2022,3393,2723.0,124.6,eurostat_pli,ses_survey
FI,Finland,2023,3504,2867.0,122.2,eurostat_pli,mean_growth_projected
FI,Finland,2024,3594,2993.0,120.1,eurostat_pli,mean_growth_projected
FI,Finland,2025,3701,3177.0,116.5,imf_derived,mean_growth_projected
FI,Finland,2026,3869,3379.0,114.5,imf_derived,mean_growth_projected
FI,Finland,2027,4014,3506.0,114.5,imf_derived,mean_growth_projected
FI,Finland,2028,4147,3623.0,114.5,imf_derived,mean_growth_projected
FI,Finland,2029,4300,3757.0,114.5,imf_derived,mean_growth_projected
FI,Finland,2030,4463,3890.0,114.7,imf_derived,mean_growth_projected
FI,Finland,2031,4627,4028.0,114.9,imf_derived,mean_growth_projected
FR,France,1995,1570,1328.0,118.2,eurostat_pli,mean_growth_backcast
FR,France,1996,1606,1373.0,117.0,eurostat_pli,mean_growth_backcast
FR,France,1997,1603,1395.0,114.9,eurostat_pli,mean_growth_backcast
FR,France,1998,1633,1422.0,114.8,eurostat_pli,mean_growth_backcast
FR,France,1999,1675,1469.0,114.0,eurostat_pli,mean_growth_backcast
FR,France,2000,1730,1545.0,112.0,eurostat_pli,mean_growth_backcast
FR,France,2001,1780,1617.0,110.1,eurostat_pli,mean_growth_backcast
FR,France,2002,1844,1678.0,109.9,eurostat_pli,mean_growth_backcast
FR,France,2003,1892,1671.0,113.2,eurostat_pli,mean_growth_backcast
FR,France,2004,1960,1713.0,114.4,eurostat_pli,mean_growth_backcast
FR,France,2005,2024,1809.0,111.9,eurostat_pli,mean_growth_backcast
FR,France,2006,2090,1858.0,112.5,eurostat_pli,ses_survey
FR,France,2007,2109,1875.0,112.5,eurostat_pli,ses_interpolated
FR,France,2008,2128,1873.0,113.6,eurostat_pli,ses_interpolated
FR,France,2009,2147,1878.0,114.3,eurostat_pli,ses_interpolated
FR,France,2010,2166,1919.0,112.9,eurostat_pli,ses_survey
FR,France,2011,2218,1965.0,112.9,eurostat_pli,ses_interpolated
FR,France,2012,2270,1986.0,114.3,eurostat_pli,ses_interpolated
FR,France,2013,2322,2066.0,112.4,eurostat_pli,ses_interpolated
FR,France,2014,2374,2106.0,112.7,eurostat_pli,ses_survey
FR,France,2015,2388,2123.0,112.5,eurostat_pli,ses_interpolated
FR,France,2016,2402,2139.0,112.3,eurostat_pli,ses_interpolated
FR,France,2017,2415,2154.0,112.1,eurostat_pli,ses_interpolated
FR,France,2018,2429,2178.0,111.5,eurostat_pli,ses_survey
FR,France,2019,2454,2260.0,108.6,eurostat_pli,ses_interpolated
FR,France,2020,2480,2286.0,108.5,eurostat_pli,ses_interpolated
FR,France,2021,2506,2270.0,110.4,eurostat_pli,ses_interpolated
FR,France,2022,2531,2284.0,110.8,eurostat_pli,ses_survey
FR,France,2023,2648,2423.0,109.3,eurostat_pli,mean_growth_projected
FR,France,2024,2718,2496.0,108.9,eurostat_pli,mean_growth_projected
FR,France,2025,2766,2738.0,101.0,imf_derived,mean_growth_projected
FR,France,2026,2965,2976.0,99.6,imf_derived,mean_growth_projected
FR,France,2027,3019,3058.0,98.7,imf_derived,mean_growth_projected
FR,France,2028,3096,3148.0,98.4,imf_derived,mean_growth_projected
FR,France,2029,3180,3247.0,97.9,imf_derived,mean_growth_projected
FR,France,2030,3265,3342.0,97.7,imf_derived,mean_growth_projected
FR,France,2031,3347,3445.0,97.2,imf_derived,mean_growth_projected
GB,United Kingdom,2000,2553,1835.0,139.1,eurostat_pli,national_office
GB,United Kingdom,2001,2619,1941.0,134.9,eurostat_pli,national_office
GB,United Kingdom,2002,2694,2013.0,133.8,eurostat_pli,national_office
GB,United Kingdom,2003,2530,2065.0,122.5,eurostat_pli,national_office
GB,United Kingdom,2004,2677,2159.0,124.0,eurostat_pli,national_office
GB,United Kingdom,2005,2732,2163.0,126.3,eurostat_pli,national_office
GB,United Kingdom,2006,2820,2195.0,128.5,eurostat_pli,national_office
GB,United Kingdom,2007,2907,2216.0,131.2,eurostat_pli,national_office
GB,United Kingdom,2008,2606,2294.0,113.6,eurostat_pli,national_office
GB,United Kingdom,2009,2378,2254.0,105.5,eurostat_pli,national_office
GB,United Kingdom,2010,2521,2330.0,108.2,eurostat_pli,national_office
GB,United Kingdom,2011,2486,2277.0,109.2,eurostat_pli,national_office
GB,United Kingdom,2012,2704,2307.0,117.2,eurostat_pli,national_office
GB,United Kingdom,2013,2643,2331.0,113.4,eurostat_pli,national_office
GB,United Kingdom,2014,2785,2304.0,120.9,eurostat_pli,national_office
GB,United Kingdom,2015,3158,2380.0,132.7,eurostat_pli,national_office
GB,United Kingdom,2016,2861,2364.0,121.0,eurostat_pli,national_office
GB,United Kingdom,2017,2739,2409.0,113.7,eurostat_pli,national_office
GB,United Kingdom,2018,2787,2432.0,114.6,eurostat_pli,national_office
GB,United Kingdom,2019,2888,2462.0,117.3,eurostat_pli,national_office
GB,United Kingdom,2020,2854,2482.0,115.0,eurostat_pli,national_office
GB,United Kingdom,2021,3080,2525.0,122.0,eurostat_pli,national_office
GB,United Kingdom,2022,3252,2724.0,119.4,eurostat_pli,national_office
GB,United Kingdom,2023,3393,2802.0,121.1,eurostat_pli,national_office
GB,United Kingdom,2024,3691,2936.0,125.7,eurostat_pli,national_office
GB,United Kingdom,2025,3877,3224.0,120.2,imf_derived,national_office
GB,United Kingdom,2026,4074,3435.0,118.6,imf_derived,mean_growth_projected
GB,United Kingdom,2027,4251,3547.0,119.8,imf_derived,mean_growth_projected
GB,United Kingdom,2028,4432,3662.0,121.0,imf_derived,mean_growth_projected
GB,United Kingdom,2029,4623,3783.0,122.2,imf_derived,mean_growth_projected
GB,United Kingdom,2030,4838,3909.0,123.8,imf_derived,mean_growth_projected
GB,United Kingdom,2031,5055,4031.0,125.4,imf_derived,mean_growth_projected
GE,Georgia,2006,106,301.0,35.3,imf_derived,mean_growth_backcast
GE,Georgia,2007,132,360.0,36.7,imf_derived,mean_growth_backcast
GE,Georgia,2008,158,381.0,41.4,imf_derived,mean_growth_backcast
GE,Georgia,2009,152,399.0,38.1,imf_derived,mean_growth_backcast
GE,Georgia,2010,175,424.0,41.3,imf_derived,mean_growth_backcast
GE,Georgia,2011,187,419.0,44.6,imf_derived,mean_growth_backcast
GE,Georgia,2012,246,501.0,49.1,imf_derived,mean_growth_backcast
GE,Georgia,2013,259,559.0,46.3,imf_derived,mean_growth_backcast
GE,Georgia,2014,244,545.0,44.7,imf_derived,mean_growth_backcast
GE,Georgia,2015,240,551.0,43.5,imf_derived,mean_growth_backcast
GE,Georgia,2016,239,564.0,42.3,imf_derived,mean_growth_backcast
GE,Georgia,2017,240,579.0,41.5,imf_derived,mean_growth_backcast
GE,Georgia,2018,245,613.0,40.0,imf_derived,national_office
GE,Georgia,2019,242,623.0,38.8,imf_derived,national_office
GE,Georgia,2020,236,671.0,35.2,imf_derived,national_office
GE,Georgia,2021,239,667.0,35.8,imf_derived,national_office
GE,Georgia,2022,341,750.0,45.5,imf_derived,national_office
GE,Georgia,2023,437,918.0,47.6,imf_derived,national_office
GE,Georgia,2024,443,949.0,46.7,imf_derived,national_office
GE,Georgia,2025,490,1086.0,45.1,imf_derived,mean_growth_projected
GE,Georgia,2026,585,1310.0,44.7,imf_derived,mean_growth_projected
GE,Georgia,2027,641,1409.0,45.5,imf_derived,mean_growth_projected
GE,Georgia,2028,702,1509.0,46.5,imf_derived,mean_growth_projected
GE,Georgia,2029,771,1621.0,47.6,imf_derived,mean_growth_projected
GE,Georgia,2030,847,1741.0,48.6,imf_derived,mean_growth_projected
GE,Georgia,2031,929,1869.0,49.7,imf_derived,mean_growth_projected
GR,Greece,1995,713,930.0,76.7,eurostat_pli,mean_growth_backcast
GR,Greece,1996,773,976.0,79.2,eurostat_pli,mean_growth_backcast
GR,Greece,1997,866,1048.0,82.6,eurostat_pli,mean_growth_backcast
GR,Greece,1998,856,1067.0,80.2,eurostat_pli,mean_growth_backcast
GR,Greece,1999,925,1097.0,84.3,eurostat_pli,mean_growth_backcast
GR,Greece,2000,929,1138.0,81.6,eurostat_pli,mean_growth_backcast
GR,Greece,2001,969,1199.0,80.8,eurostat_pli,mean_growth_backcast
GR,Greece,2002,1062,1313.0,80.9,eurostat_pli,mean_growth_backcast
GR,Greece,2003,1154,1384.0,83.4,eurostat_pli,mean_growth_backcast
GR,Greece,2004,1208,1421.0,85.0,eurostat_pli,mean_growth_backcast
GR,Greece,2005,1297,1498.0,86.6,eurostat_pli,mean_growth_backcast
GR,Greece,2006,1366,1568.0,87.1,eurostat_pli,ses_survey
GR,Greece,2007,1422,1563.0,91.0,eurostat_pli,ses_interpolated
GR,Greece,2008,1477,1620.0,91.2,eurostat_pli,ses_interpolated
GR,Greece,2009,1532,1642.0,93.3,eurostat_pli,ses_interpolated
GR,Greece,2010,1588,1665.0,95.4,eurostat_pli,ses_survey
GR,Greece,2011,1550,1620.0,95.7,eurostat_pli,ses_interpolated
GR,Greece,2012,1512,1631.0,92.7,eurostat_pli,ses_interpolated
GR,Greece,2013,1474,1685.0,87.5,eurostat_pli,ses_interpolated
GR,Greece,2014,1436,1683.0,85.3,eurostat_pli,ses_survey
GR,Greece,2015,1398,1651.0,84.7,eurostat_pli,ses_interpolated
GR,Greece,2016,1360,1606.0,84.7,eurostat_pli,ses_interpolated
GR,Greece,2017,1322,1579.0,83.7,eurostat_pli,ses_interpolated
GR,Greece,2018,1284,1541.0,83.3,eurostat_pli,ses_survey
GR,Greece,2019,1282,1541.0,83.2,eurostat_pli,ses_interpolated
GR,Greece,2020,1279,1541.0,83.0,eurostat_pli,ses_interpolated
GR,Greece,2021,1276,1562.0,81.7,eurostat_pli,ses_interpolated
GR,Greece,2022,1274,1563.0,81.5,eurostat_pli,ses_survey
GR,Greece,2023,1327,1638.0,81.0,eurostat_pli,mean_growth_projected
GR,Greece,2024,1402,1724.0,81.3,eurostat_pli,mean_growth_projected
GR,Greece,2025,1456,1771.0,82.2,imf_derived,mean_growth_projected
GR,Greece,2026,1696,2053.0,82.6,imf_derived,mean_growth_projected
GR,Greece,2027,1769,2139.0,82.7,imf_derived,mean_growth_projected
GR,Greece,2028,1838,2218.0,82.9,imf_derived,mean_growth_projected
GR,Greece,2029,1908,2304.0,82.8,imf_derived,mean_growth_projected
GR,Greece,2030,1981,2397.0,82.6,imf_derived,mean_growth_projected
GR,Greece,2031,2061,2495.0,82.6,imf_derived,mean_growth_projected
HR,Croatia,1995,307,546.0,56.2,eurostat_pli,mean_growth_backcast
HR,Croatia,1996,349,619.0,56.4,eurostat_pli,mean_growth_backcast
HR,Croatia,1997,396,673.0,58.8,eurostat_pli,mean_growth_backcast
HR,Croatia,1998,452,735.0,61.5,eurostat_pli,mean_growth_backcast
HR,Croatia,1999,460,777.0,59.2,eurostat_pli,mean_growth_backcast
HR,Croatia,2000,497,834.0,59.6,eurostat_pli,mean_growth_backcast
HR,Croatia,2001,517,827.0,62.5,eurostat_pli,mean_growth_backcast
HR,Croatia,2002,586,918.0,63.8,eurostat_pli,mean_growth_backcast
HR,Croatia,2003,621,969.0,64.1,eurostat_pli,mean_growth_backcast
HR,Croatia,2004,656,1003.0,65.4,eurostat_pli,mean_growth_backcast
HR,Croatia,2005,701,1039.0,67.5,eurostat_pli,mean_growth_backcast
HR,Croatia,2006,729,1085.0,67.2,eurostat_pli,mean_growth_backcast
HR,Croatia,2007,766,1148.0,66.7,eurostat_pli,mean_growth_backcast
HR,Croatia,2008,812,1175.0,69.1,eurostat_pli,mean_growth_backcast
HR,Croatia,2009,800,1154.0,69.3,eurostat_pli,mean_growth_backcast
HR,Croatia,2010,823,1172.0,70.2,eurostat_pli,ses_survey
HR,Croatia,2011,842,1244.0,67.7,eurostat_pli,ses_interpolated
HR,Croatia,2012,861,1305.0,66.0,eurostat_pli,ses_interpolated
HR,Croatia,2013,880,1346.0,65.4,eurostat_pli,ses_interpolated
HR,Croatia,2014,899,1387.0,64.8,eurostat_pli,ses_survey
HR,Croatia,2015,925,1441.0,64.2,eurostat_pli,ses_interpolated
HR,Croatia,2016,950,1471.0,64.6,eurostat_pli,ses_interpolated
HR,Croatia,2017,976,1504.0,64.9,eurostat_pli,ses_interpolated
HR,Croatia,2018,1002,1523.0,65.8,eurostat_pli,ses_survey
HR,Croatia,2019,1044,1589.0,65.7,eurostat_pli,ses_interpolated
HR,Croatia,2020,1087,1693.0,64.2,eurostat_pli,ses_interpolated
HR,Croatia,2021,1130,1768.0,63.9,eurostat_pli,ses_interpolated
HR,Croatia,2022,1172,1757.0,66.7,eurostat_pli,ses_survey
HR,Croatia,2023,1332,1947.0,68.4,eurostat_pli,mean_growth_projected
HR,Croatia,2024,1445,2027.0,71.3,eurostat_pli,mean_growth_projected
HR,Croatia,2025,1638,2256.0,72.6,imf_derived,mean_growth_projected
HR,Croatia,2026,1818,2511.0,72.4,imf_derived,mean_growth_projected
HR,Croatia,2027,1909,2627.0,72.7,imf_derived,mean_growth_projected
HR,Croatia,2028,1991,2743.0,72.6,imf_derived,mean_growth_projected
HR,Croatia,2029,2080,2866.0,72.6,imf_derived,mean_growth_projected
HR,Croatia,2030,2174,2995.0,72.6,imf_derived,mean_growth_projected
HR,Croatia,2031,2273,3131.0,72.6,imf_derived,mean_growth_projected
HU,Hungary,1995,179,401.0,44.6,eurostat_pli,mean_growth_backcast
HU,Hungary,1996,187,416.0,45.0,eurostat_pli,mean_growth_backcast
HU,Hungary,1997,207,420.0,49.3,eurostat_pli,mean_growth_backcast
HU,Hungary,1998,211,431.0,48.9,eurostat_pli,mean_growth_backcast
HU,Hungary,1999,221,446.0,49.5,eurostat_pli,mean_growth_backcast
HU,Hungary,2000,251,492.0,51.0,eurostat_pli,mean_growth_backcast
HU,Hungary,2001,301,558.0,53.9,eurostat_pli,mean_growth_backcast
HU,Hungary,2002,354,597.0,59.3,eurostat_pli,ses_survey
HU,Hungary,2003,387,660.0,58.6,eurostat_pli,ses_interpolated
HU,Hungary,2004,420,673.0,62.4,eurostat_pli,ses_interpolated
HU,Hungary,2005,452,702.0,64.4,eurostat_pli,ses_interpolated
HU,Hungary,2006,485,775.0,62.6,eurostat_pli,ses_survey
HU,Hungary,2007,506,750.0,67.5,eurostat_pli,ses_interpolated
HU,Hungary,2008,527,785.0,67.1,eurostat_pli,ses_interpolated
HU,Hungary,2009,548,909.0,60.3,eurostat_pli,ses_interpolated
HU,Hungary,2010,569,939.0,60.6,eurostat_pli,ses_survey
HU,Hungary,2011,580,972.0,59.7,eurostat_pli,ses_interpolated
HU,Hungary,2012,592,1007.0,58.8,eurostat_pli,ses_interpolated
HU,Hungary,2013,604,1036.0,58.3,eurostat_pli,ses_interpolated
HU,Hungary,2014,615,1051.0,58.5,eurostat_pli,ses_survey
HU,Hungary,2015,668,1123.0,59.5,eurostat_pli,ses_interpolated
HU,Hungary,2016,720,1180.0,61.0,eurostat_pli,ses_interpolated
HU,Hungary,2017,772,1204.0,64.1,eurostat_pli,ses_interpolated
HU,Hungary,2018,825,1283.0,64.3,eurostat_pli,ses_survey
HU,Hungary,2019,870,1326.0,65.6,eurostat_pli,ses_interpolated
HU,Hungary,2020,915,1448.0,63.2,eurostat_pli,ses_interpolated
HU,Hungary,2021,960,1479.0,64.9,eurostat_pli,ses_interpolated
HU,Hungary,2022,1005,1575.0,63.8,eurostat_pli,ses_survey
HU,Hungary,2023,1188,1695.0,70.1,eurostat_pli,mean_growth_projected
HU,Hungary,2024,1291,1821.0,70.9,eurostat_pli,mean_growth_projected
HU,Hungary,2025,1400,1912.0,73.2,imf_derived,mean_growth_projected
HU,Hungary,2026,1474,1998.0,73.8,imf_derived,mean_growth_projected
HU,Hungary,2027,1550,2090.0,74.2,imf_derived,mean_growth_projected
HU,Hungary,2028,1629,2184.0,74.6,imf_derived,mean_growth_projected
HU,Hungary,2029,1717,2293.0,74.9,imf_derived,mean_growth_projected
HU,Hungary,2030,1809,2408.0,75.1,imf_derived,mean_growth_projected
HU,Hungary,2031,1906,2529.0,75.4,imf_derived,mean_growth_projected
IE,Ireland,1995,1520,1645.0,92.4,eurostat_pli,mean_growth_backcast
IE,Ireland,1996,1671,1766.0,94.6,eurostat_pli,mean_growth_backcast
IE,Ireland,1997,1936,1842.0,105.1,eurostat_pli,mean_growth_backcast
IE,Ireland,1998,1988,1913.0,103.9,eurostat_pli,mean_growth_backcast
IE,Ireland,1999,2081,1902.0,109.4,eurostat_pli,mean_growth_backcast
IE,Ireland,2000,2243,1974.0,113.6,eurostat_pli,mean_growth_backcast
IE,Ireland,2001,2417,2064.0,117.1,eurostat_pli,mean_growth_backcast
IE,Ireland,2002,2549,2128.0,119.8,eurostat_pli,ses_survey
IE,Ireland,2003,2656,2172.0,122.3,eurostat_pli,ses_interpolated
IE,Ireland,2004,2764,2279.0,121.3,eurostat_pli,ses_interpolated
IE,Ireland,2005,2872,2326.0,123.5,eurostat_pli,ses_interpolated
IE,Ireland,2006,2979,2422.0,123.0,eurostat_pli,ses_survey
IE,Ireland,2007,3006,2478.0,121.3,eurostat_pli,ses_interpolated
IE,Ireland,2008,3032,2491.0,121.7,eurostat_pli,ses_interpolated
IE,Ireland,2009,3058,2563.0,119.3,eurostat_pli,ses_interpolated
IE,Ireland,2010,3085,2750.0,112.2,eurostat_pli,ses_survey
IE,Ireland,2011,3173,2843.0,111.6,eurostat_pli,ses_interpolated
IE,Ireland,2012,3261,2925.0,111.5,eurostat_pli,ses_interpolated
IE,Ireland,2013,3349,2980.0,112.4,eurostat_pli,ses_interpolated
IE,Ireland,2014,3437,3007.0,114.3,eurostat_pli,ses_survey
IE,Ireland,2015,3390,3011.0,112.6,eurostat_pli,ses_interpolated
IE,Ireland,2016,3343,2925.0,114.3,eurostat_pli,ses_interpolated
IE,Ireland,2017,3296,2849.0,115.7,eurostat_pli,ses_interpolated
IE,Ireland,2018,3249,2782.0,116.8,eurostat_pli,ses_survey
IE,Ireland,2019,3334,2731.0,122.1,eurostat_pli,ses_interpolated
IE,Ireland,2020,3418,2815.0,121.4,eurostat_pli,ses_interpolated
IE,Ireland,2021,3503,2971.0,117.9,eurostat_pli,ses_interpolated
IE,Ireland,2022,3588,3064.0,117.1,eurostat_pli,ses_survey
IE,Ireland,2023,3725,3141.0,118.6,eurostat_pli,mean_growth_projected
IE,Ireland,2024,3951,3337.0,118.4,eurostat_pli,mean_growth_projected
IE,Ireland,2025,4148,3542.0,117.1,imf_derived,mean_growth_projected
IE,Ireland,2026,4668,4039.0,115.6,imf_derived,mean_growth_projected
IE,Ireland,2027,4799,4186.0,114.6,imf_derived,mean_growth_projected
IE,Ireland,2028,4931,4337.0,113.7,imf_derived,mean_growth_projected
IE,Ireland,2029,5044,4497.0,112.2,imf_derived,mean_growth_projected
IE,Ireland,2030,5169,4666.0,110.8,imf_derived,mean_growth_projected
IE,Ireland,2031,5301,4838.0,109.6,imf_derived,mean_growth_projected
IS,Iceland,1995,1565,1543.0,101.4,eurostat_pli,mean_growth_backcast
IS,Iceland,1996,1733,1678.0,103.3,eurostat_pli,mean_growth_backcast
IS,Iceland,1997,1860,1699.0,109.5,eurostat_pli,mean_growth_backcast
IS,Iceland,1998,2109,1824.0,115.6,eurostat_pli,mean_growth_backcast
IS,Iceland,1999,2372,1930.0,122.9,eurostat_pli,mean_growth_backcast
IS,Iceland,2000,2684,1910.0,140.5,eurostat_pli,mean_growth_backcast
IS,Iceland,2001,2428,1990.0,122.0,eurostat_pli,mean_growth_backcast
IS,Iceland,2002,2652,2057.0,128.9,eurostat_pli,mean_growth_backcast
IS,Iceland,2003,2741,2107.0,130.1,eurostat_pli,mean_growth_backcast
IS,Iceland,2004,2944,2247.0,131.0,eurostat_pli,mean_growth_backcast
IS,Iceland,2005,3320,2219.0,149.6,eurostat_pli,mean_growth_backcast
IS,Iceland,2006,3314,2275.0,145.7,eurostat_pli,ses_survey
IS,Iceland,2007,3040,1960.0,155.1,eurostat_pli,ses_interpolated
IS,Iceland,2008,2765,2695.0,102.6,eurostat_pli,ses_interpolated
IS,Iceland,2009,2490,2663.0,93.5,eurostat_pli,ses_interpolated
IS,Iceland,2010,2216,2044.0,108.4,eurostat_pli,ses_survey
IS,Iceland,2011,2396,2132.0,112.4,eurostat_pli,ses_interpolated
IS,Iceland,2012,2575,2231.0,115.4,eurostat_pli,ses_interpolated
IS,Iceland,2013,2754,2356.0,116.9,eurostat_pli,ses_interpolated
IS,Iceland,2014,2934,2351.0,124.8,eurostat_pli,ses_survey
IS,Iceland,2015,3352,2483.0,135.0,eurostat_pli,ses_interpolated
IS,Iceland,2016,3770,2498.0,150.9,eurostat_pli,ses_interpolated
IS,Iceland,2017,4189,2508.0,167.0,eurostat_pli,ses_interpolated
IS,Iceland,2018,4607,2833.0,162.6,eurostat_pli,ses_survey
IS,Iceland,2019,4696,3024.0,155.3,eurostat_pli,ses_interpolated
IS,Iceland,2020,4786,3298.0,145.1,eurostat_pli,ses_interpolated
IS,Iceland,2021,4876,3275.0,148.9,eurostat_pli,ses_interpolated
IS,Iceland,2022,4965,3199.0,155.2,eurostat_pli,ses_survey
IS,Iceland,2023,5112,3438.0,148.7,eurostat_pli,mean_growth_projected
IS,Iceland,2024,5347,3497.0,152.9,eurostat_pli,mean_growth_projected
IS,Iceland,2025,5858,3486.0,168.0,imf_derived,mean_growth_projected
IS,Iceland,2026,6577,3769.0,174.5,imf_derived,mean_growth_projected
IS,Iceland,2027,6761,3854.0,175.4,imf_derived,mean_growth_projected
IS,Iceland,2028,6926,3938.0,175.9,imf_derived,mean_growth_projected
IS,Iceland,2029,7108,4039.0,176.0,imf_derived,mean_growth_projected
IS,Iceland,2030,7296,4146.0,176.0,imf_derived,mean_growth_projected
IS,Iceland,2031,7488,4253.0,176.1,imf_derived,mean_growth_projected
IT,Italy,1995,1200,1423.0,84.3,eurostat_pli,mean_growth_backcast
IT,Italy,1996,1372,1474.0,93.1,eurostat_pli,mean_growth_backcast
IT,Italy,1997,1449,1502.0,96.5,eurostat_pli,mean_growth_backcast
IT,Italy,1998,1472,1537.0,95.8,eurostat_pli,mean_growth_backcast
IT,Italy,1999,1514,1569.0,96.5,eurostat_pli,mean_growth_backcast
IT,Italy,2000,1558,1608.0,96.9,eurostat_pli,mean_growth_backcast
IT,Italy,2001,1611,1634.0,98.6,eurostat_pli,mean_growth_backcast
IT,Italy,2002,1645,1638.0,100.4,eurostat_pli,mean_growth_backcast
IT,Italy,2003,1683,1658.0,101.5,eurostat_pli,mean_growth_backcast
IT,Italy,2004,1744,1672.0,104.3,eurostat_pli,mean_growth_backcast
IT,Italy,2005,1797,1721.0,104.4,eurostat_pli,mean_growth_backcast
IT,Italy,2006,1852,1789.0,103.5,eurostat_pli,ses_survey
IT,Italy,2007,1897,1851.0,102.5,eurostat_pli,ses_interpolated
IT,Italy,2008,1942,1923.0,101.0,eurostat_pli,ses_interpolated
IT,Italy,2009,1988,1947.0,102.1,eurostat_pli,ses_interpolated
IT,Italy,2010,2033,1991.0,102.1,eurostat_pli,ses_survey
IT,Italy,2011,2069,2032.0,101.8,eurostat_pli,ses_interpolated
IT,Italy,2012,2106,2079.0,101.3,eurostat_pli,ses_interpolated
IT,Italy,2013,2142,2098.0,102.1,eurostat_pli,ses_interpolated
IT,Italy,2014,2178,2110.0,103.2,eurostat_pli,ses_survey
IT,Italy,2015,2189,2131.0,102.7,eurostat_pli,ses_interpolated
IT,Italy,2016,2200,2183.0,100.8,eurostat_pli,ses_interpolated
IT,Italy,2017,2211,2202.0,100.4,eurostat_pli,ses_interpolated
IT,Italy,2018,2222,2211.0,100.5,eurostat_pli,ses_survey
IT,Italy,2019,2231,2242.0,99.5,eurostat_pli,ses_interpolated
IT,Italy,2020,2240,2263.0,99.0,eurostat_pli,ses_interpolated
IT,Italy,2021,2250,2296.0,98.0,eurostat_pli,ses_interpolated
IT,Italy,2022,2259,2353.0,96.0,eurostat_pli,ses_survey
IT,Italy,2023,2323,2415.0,96.2,eurostat_pli,mean_growth_projected
IT,Italy,2024,2402,2510.0,95.7,eurostat_pli,mean_growth_projected
IT,Italy,2025,2469,2650.0,93.2,imf_derived,mean_growth_projected
IT,Italy,2026,2710,2919.0,92.8,imf_derived,mean_growth_projected
IT,Italy,2027,2780,3003.0,92.6,imf_derived,mean_growth_projected
IT,Italy,2028,2865,3091.0,92.7,imf_derived,mean_growth_projected
IT,Italy,2029,2947,3188.0,92.4,imf_derived,mean_growth_projected
IT,Italy,2030,3033,3289.0,92.2,imf_derived,mean_growth_projected
IT,Italy,2031,3122,3394.0,92.0,imf_derived,mean_growth_projected
KZ,Kazakhstan,2015,353,607.0,58.1,imf_derived,mean_growth_backcast
KZ,Kazakhstan,2016,260,611.0,42.5,imf_derived,mean_growth_backcast
KZ,Kazakhstan,2017,283,589.0,48.1,imf_derived,mean_growth_backcast
KZ,Kazakhstan,2018,276,585.0,47.2,imf_derived,mean_growth_backcast
KZ,Kazakhstan,2019,301,665.0,45.3,imf_derived,mean_growth_backcast
KZ,Kazakhstan,2020,312,752.0,41.5,imf_derived,mean_growth_backcast
KZ,Kazakhstan,2021,343,849.0,40.4,imf_derived,mean_growth_backcast
KZ,Kazakhstan,2022,441,927.0,47.6,imf_derived,mean_growth_backcast
KZ,Kazakhstan,2023,510,1059.0,48.1,imf_derived,national_office
KZ,Kazakhstan,2024,563,1139.0,49.4,imf_derived,national_office
KZ,Kazakhstan,2025,539,1202.0,44.8,imf_derived,national_office
KZ,Kazakhstan,2026,650,1366.0,47.6,imf_derived,mean_growth_projected
KZ,Kazakhstan,2027,689,1443.0,47.7,imf_derived,mean_growth_projected
KZ,Kazakhstan,2028,726,1505.0,48.3,imf_derived,mean_growth_projected
KZ,Kazakhstan,2029,768,1575.0,48.7,imf_derived,mean_growth_projected
KZ,Kazakhstan,2030,812,1653.0,49.1,imf_derived,mean_growth_projected
KZ,Kazakhstan,2031,861,1734.0,49.7,imf_derived,mean_growth_projected
LT,Lithuania,1995,81,285.0,28.4,eurostat_pli,mean_growth_backcast
LT,Lithuania,1996,110,324.0,33.9,eurostat_pli,mean_growth_backcast
LT,Lithuania,1997,149,353.0,42.2,eurostat_pli,mean_growth_backcast
LT,Lithuania,1998,175,400.0,43.7,eurostat_pli,mean_growth_backcast
LT,Lithuania,1999,189,423.0,44.7,eurostat_pli,mean_growth_backcast
LT,Lithuania,2000,215,423.0,50.8,eurostat_pli,mean_growth_backcast
LT,Lithuania,2001,239,474.0,50.4,eurostat_pli,mean_growth_backcast
LT,Lithuania,2002,262,512.0,51.2,eurostat_pli,ses_survey
LT,Lithuania,2003,292,593.0,49.2,eurostat_pli,ses_interpolated
LT,Lithuania,2004,322,635.0,50.7,eurostat_pli,ses_interpolated
LT,Lithuania,2005,351,661.0,53.1,eurostat_pli,ses_interpolated
LT,Lithuania,2006,381,679.0,56.1,eurostat_pli,ses_survey
LT,Lithuania,2007,402,676.0,59.5,eurostat_pli,ses_interpolated
LT,Lithuania,2008,423,666.0,63.5,eurostat_pli,ses_interpolated
LT,Lithuania,2009,444,715.0,62.1,eurostat_pli,ses_interpolated
LT,Lithuania,2010,465,782.0,59.5,eurostat_pli,ses_survey
LT,Lithuania,2011,492,812.0,60.6,eurostat_pli,ses_interpolated
LT,Lithuania,2012,518,845.0,61.3,eurostat_pli,ses_interpolated
LT,Lithuania,2013,544,886.0,61.4,eurostat_pli,ses_interpolated
LT,Lithuania,2014,571,924.0,61.8,eurostat_pli,ses_survey
LT,Lithuania,2015,630,1016.0,62.0,eurostat_pli,ses_interpolated
LT,Lithuania,2016,688,1090.0,63.1,eurostat_pli,ses_interpolated
LT,Lithuania,2017,746,1157.0,64.5,eurostat_pli,ses_interpolated
LT,Lithuania,2018,805,1222.0,65.9,eurostat_pli,ses_survey
LT,Lithuania,2019,976,1470.0,66.4,eurostat_pli,ses_interpolated
LT,Lithuania,2020,1148,1691.0,67.9,eurostat_pli,ses_interpolated
LT,Lithuania,2021,1319,1912.0,69.0,eurostat_pli,ses_interpolated
LT,Lithuania,2022,1490,1979.0,75.3,eurostat_pli,ses_survey
LT,Lithuania,2023,1637,2104.0,77.8,eurostat_pli,ses_interpolated
LT,Lithuania,2024,1783,2283.0,78.1,eurostat_pli,ses_interpolated
LT,Lithuania,2025,1930,2484.0,77.7,imf_derived,national_office
LT,Lithuania,2026,2070,2634.0,78.6,imf_derived,mean_growth_projected
LT,Lithuania,2027,2157,2752.0,78.4,imf_derived,mean_growth_projected
LT,Lithuania,2028,2280,2885.0,79.0,imf_derived,mean_growth_projected
LT,Lithuania,2029,2396,3027.0,79.2,imf_derived,mean_growth_projected
LT,Lithuania,2030,2531,3180.0,79.6,imf_derived,mean_growth_projected
LT,Lithuania,2031,2659,3342.0,79.6,imf_derived,mean_growth_projected
LU,Luxembourg,1995,1993,1640.0,121.5,eurostat_pli,mean_growth_backcast
LU,Luxembourg,1996,2026,1715.0,118.1,eurostat_pli,mean_growth_backcast
LU,Luxembourg,1997,2025,1749.0,115.8,eurostat_pli,mean_growth_backcast
LU,Luxembourg,1998,2042,1774.0,115.1,eurostat_pli,mean_growth_backcast
LU,Luxembourg,1999,2168,1892.0,114.6,eurostat_pli,mean_growth_backcast
LU,Luxembourg,2000,2294,1995.0,115.0,eurostat_pli,mean_growth_backcast
LU,Luxembourg,2001,2357,2025.0,116.4,eurostat_pli,mean_growth_backcast
LU,Luxembourg,2002,2454,2103.0,116.7,eurostat_pli,mean_growth_backcast
LU,Luxembourg,2003,2479,2110.0,117.5,eurostat_pli,mean_growth_backcast
LU,Luxembourg,2004,2571,2209.0,116.4,eurostat_pli,mean_growth_backcast
LU,Luxembourg,2005,2658,2301.0,115.5,eurostat_pli,mean_growth_backcast
LU,Luxembourg,2006,2782,2413.0,115.3,eurostat_pli,ses_survey
LU,Luxembourg,2007,2854,2446.0,116.7,eurostat_pli,ses_interpolated
LU,Luxembourg,2008,2926,2522.0,116.0,eurostat_pli,ses_interpolated
LU,Luxembourg,2009,2997,2506.0,119.6,eurostat_pli,ses_interpolated
LU,Luxembourg,2010,3069,2509.0,122.3,eurostat_pli,ses_survey
LU,Luxembourg,2011,3164,2604.0,121.5,eurostat_pli,ses_interpolated
LU,Luxembourg,2012,3260,2655.0,122.8,eurostat_pli,ses_interpolated
LU,Luxembourg,2013,3356,2706.0,124.0,eurostat_pli,ses_interpolated
LU,Luxembourg,2014,3451,2797.0,123.4,eurostat_pli,ses_survey
LU,Luxembourg,2015,3506,2860.0,122.6,eurostat_pli,ses_interpolated
LU,Luxembourg,2016,3561,2905.0,122.6,eurostat_pli,ses_interpolated
LU,Luxembourg,2017,3616,2928.0,123.5,eurostat_pli,ses_interpolated
LU,Luxembourg,2018,3671,2932.0,125.2,eurostat_pli,ses_survey
LU,Luxembourg,2019,3787,2970.0,127.5,eurostat_pli,ses_interpolated
LU,Luxembourg,2020,3903,2975.0,131.2,eurostat_pli,ses_interpolated
LU,Luxembourg,2021,4019,3073.0,130.8,eurostat_pli,ses_interpolated
LU,Luxembourg,2022,4135,3164.0,130.7,eurostat_pli,ses_survey
LU,Luxembourg,2023,4442,3378.0,131.5,eurostat_pli,mean_growth_projected
LU,Luxembourg,2024,4604,3488.0,132.0,eurostat_pli,mean_growth_projected
LU,Luxembourg,2025,4768,3597.0,132.6,imf_derived,mean_growth_projected
LU,Luxembourg,2026,5028,3783.0,132.9,imf_derived,mean_growth_projected
LU,Luxembourg,2027,5111,3857.0,132.5,imf_derived,mean_growth_projected
LU,Luxembourg,2028,5216,3935.0,132.6,imf_derived,mean_growth_projected
LU,Luxembourg,2029,5327,4026.0,132.3,imf_derived,mean_growth_projected
LU,Luxembourg,2030,5439,4113.0,132.2,imf_derived,mean_growth_projected
LU,Luxembourg,2031,5553,4207.0,132.0,imf_derived,mean_growth_projected
LV,Latvia,1996,107,275.0,38.9,eurostat_pli,mean_growth_backcast
LV,Latvia,1997,127,291.0,43.6,eurostat_pli,mean_growth_backcast
LV,Latvia,1998,138,305.0,45.2,eurostat_pli,mean_growth_backcast
LV,Latvia,1999,156,328.0,47.6,eurostat_pli,mean_growth_backcast
LV,Latvia,2000,190,348.0,54.6,eurostat_pli,mean_growth_backcast
LV,Latvia,2001,203,379.0,53.6,eurostat_pli,mean_growth_backcast
LV,Latvia,2002,204,383.0,53.3,eurostat_pli,mean_growth_backcast
LV,Latvia,2003,210,416.0,50.5,eurostat_pli,mean_growth_backcast
LV,Latvia,2004,234,453.0,51.6,eurostat_pli,mean_growth_backcast
LV,Latvia,2005,287,530.0,54.1,eurostat_pli,mean_growth_backcast
LV,Latvia,2006,352,567.0,62.1,eurostat_pli,ses_survey
LV,Latvia,2007,394,548.0,71.9,eurostat_pli,ses_interpolated
LV,Latvia,2008,437,589.0,74.2,eurostat_pli,ses_interpolated
LV,Latvia,2009,480,699.0,68.7,eurostat_pli,ses_interpolated
LV,Latvia,2010,522,818.0,63.8,eurostat_pli,ses_survey
LV,Latvia,2011,554,832.0,66.6,eurostat_pli,ses_interpolated
LV,Latvia,2012,586,848.0,69.1,eurostat_pli,ses_interpolated
LV,Latvia,2013,618,892.0,69.3,eurostat_pli,ses_interpolated
LV,Latvia,2014,650,937.0,69.4,eurostat_pli,ses_survey
LV,Latvia,2015,718,1038.0,69.2,eurostat_pli,ses_interpolated
LV,Latvia,2016,785,1125.0,69.8,eurostat_pli,ses_interpolated
LV,Latvia,2017,852,1209.0,70.5,eurostat_pli,ses_interpolated
LV,Latvia,2018,920,1272.0,72.3,eurostat_pli,ses_survey
LV,Latvia,2019,990,1341.0,73.8,eurostat_pli,ses_interpolated
LV,Latvia,2020,1060,1442.0,73.5,eurostat_pli,ses_interpolated
LV,Latvia,2021,1130,1552.0,72.8,eurostat_pli,ses_interpolated
LV,Latvia,2022,1200,1565.0,76.7,eurostat_pli,ses_survey
LV,Latvia,2023,1264,1635.0,77.3,eurostat_pli,mean_growth_projected
LV,Latvia,2024,1392,1805.0,77.1,eurostat_pli,mean_growth_projected
LV,Latvia,2025,1511,1838.0,82.2,imf_derived,mean_growth_projected
LV,Latvia,2026,1603,1937.0,82.8,imf_derived,mean_growth_projected
LV,Latvia,2027,1698,2031.0,83.6,imf_derived,mean_growth_projected
LV,Latvia,2028,1793,2125.0,84.4,imf_derived,mean_growth_projected
LV,Latvia,2029,1886,2228.0,84.7,imf_derived,mean_growth_projected
LV,Latvia,2030,1982,2334.0,84.9,imf_derived,mean_growth_projected
LV,Latvia,2031,2085,2448.0,85.2,imf_derived,mean_growth_projected
MD,Moldova,2015,246,669.0,36.8,imf_derived,ratio_estimate
MD,Moldova,2016,260,727.0,35.8,imf_derived,ratio_estimate
MD,Moldova,2017,309,781.0,39.5,imf_derived,ratio_estimate
MD,Moldova,2018,391,894.0,43.8,imf_derived,ratio_estimate
MD,Moldova,2019,393,871.0,45.1,imf_derived,ratio_estimate
MD,Moldova,2020,406,915.0,44.4,imf_derived,ratio_estimate
MD,Moldova,2021,435,970.0,44.9,imf_derived,ratio_estimate
MD,Moldova,2022,513,969.0,53.0,imf_derived,ratio_estimate
MD,Moldova,2023,598,1084.0,55.2,imf_derived,ratio_estimate
MD,Moldova,2024,713,1229.0,58.0,imf_derived,ratio_estimate
MD,Moldova,2025,749,1272.0,58.9,imf_derived,ratio_estimate
MD,Moldova,2026,816,1408.0,58.0,imf_derived,ratio_estimate
MD,Moldova,2027,901,1513.0,59.5,imf_derived,ratio_estimate
MD,Moldova,2028,994,1627.0,61.1,imf_derived,ratio_estimate
MD,Moldova,2029,1096,1751.0,62.6,imf_derived,ratio_estimate
MD,Moldova,2030,1209,1888.0,64.0,imf_derived,ratio_estimate
MD,Moldova,2031,1339,2031.0,65.9,imf_derived,ratio_estimate
ME,Montenegro,2006,397,936.0,42.4,eurostat_pli,mean_growth_backcast
ME,Montenegro,2007,437,984.0,44.4,eurostat_pli,mean_growth_backcast
ME,Montenegro,2008,517,1102.0,46.9,eurostat_pli,mean_growth_backcast
ME,Montenegro,2009,522,1061.0,49.2,eurostat_pli,mean_growth_backcast
ME,Montenegro,2010,621,1270.0,48.9,eurostat_pli,mean_growth_backcast
ME,Montenegro,2011,641,1314.0,48.8,eurostat_pli,mean_growth_backcast
ME,Montenegro,2012,619,1236.0,50.1,eurostat_pli,mean_growth_backcast
ME,Montenegro,2013,562,1115.0,50.4,eurostat_pli,mean_growth_backcast
ME,Montenegro,2014,608,1204.0,50.5,eurostat_pli,ses_survey
ME,Montenegro,2015,635,1270.0,50.0,eurostat_pli,mean_growth_projected
ME,Montenegro,2016,683,1358.0,50.3,eurostat_pli,mean_growth_projected
ME,Montenegro,2017,716,1401.0,51.1,eurostat_pli,mean_growth_projected
ME,Montenegro,2018,742,1444.0,51.4,eurostat_pli,mean_growth_projected
ME,Montenegro,2019,767,1513.0,50.7,eurostat_pli,mean_growth_projected
ME,Montenegro,2020,843,1679.0,50.2,eurostat_pli,mean_growth_projected
ME,Montenegro,2021,833,1599.0,52.1,eurostat_pli,mean_growth_projected
ME,Montenegro,2022,849,1546.0,54.9,eurostat_pli,mean_growth_projected
ME,Montenegro,2023,949,1686.0,56.3,eurostat_pli,mean_growth_projected
ME,Montenegro,2024,1044,1861.0,56.1,eurostat_pli,mean_growth_projected
ME,Montenegro,2025,1150,1954.0,58.9,imf_derived,mean_growth_projected
ME,Montenegro,2026,1309,2215.0,59.1,imf_derived,mean_growth_projected
ME,Montenegro,2027,1382,2321.0,59.5,imf_derived,mean_growth_projected
ME,Montenegro,2028,1455,2444.0,59.5,imf_derived,mean_growth_projected
ME,Montenegro,2029,1532,2564.0,59.7,imf_derived,mean_growth_projected
ME,Montenegro,2030,1611,2701.0,59.7,imf_derived,mean_growth_projected
ME,Montenegro,2031,1695,2846.0,59.6,imf_derived,mean_growth_projected
MK,North Macedonia,2010,422,1050.0,40.2,eurostat_pli,ses_survey
MK,North Macedonia,2011,418,993.0,42.1,eurostat_pli,ses_interpolated
MK,North Macedonia,2012,414,990.0,41.8,eurostat_pli,ses_interpolated
MK,North Macedonia,2013,411,956.0,43.0,eurostat_pli,ses_interpolated
MK,North Macedonia,2014,407,947.0,43.0,eurostat_pli,ses_survey
MK,North Macedonia,2015,426,970.0,43.9,eurostat_pli,ses_interpolated
MK,North Macedonia,2016,446,1007.0,44.3,eurostat_pli,ses_interpolated
MK,North Macedonia,2017,466,1038.0,44.9,eurostat_pli,ses_interpolated
MK,North Macedonia,2018,485,1068.0,45.4,eurostat_pli,ses_survey
MK,North Macedonia,2019,530,1162.0,45.6,eurostat_pli,ses_interpolated
MK,North Macedonia,2020,574,1251.0,45.9,eurostat_pli,ses_interpolated
MK,North Macedonia,2021,618,1355.0,45.6,eurostat_pli,ses_interpolated
MK,North Macedonia,2022,663,1384.0,47.9,eurostat_pli,ses_survey
MK,North Macedonia,2023,764,1516.0,50.4,eurostat_pli,mean_growth_projected
MK,North Macedonia,2024,862,1700.0,50.7,eurostat_pli,mean_growth_projected
MK,North Macedonia,2025,945,1950.0,48.5,imf_derived,mean_growth_projected
MK,North Macedonia,2026,1019,2060.0,49.5,imf_derived,mean_growth_projected
MK,North Macedonia,2027,1097,2183.0,50.3,imf_derived,mean_growth_projected
MK,North Macedonia,2028,1172,2302.0,50.9,imf_derived,mean_growth_projected
MK,North Macedonia,2029,1245,2437.0,51.1,imf_derived,mean_growth_projected
MK,North Macedonia,2030,1319,2585.0,51.0,imf_derived,mean_growth_projected
MK,North Macedonia,2031,1393,2737.0,50.9,imf_derived,mean_growth_projected
MT,Malta,1995,769,1194.0,64.4,eurostat_pli,mean_growth_backcast
MT,Malta,1996,810,1270.0,63.8,eurostat_pli,mean_growth_backcast
MT,Malta,1997,859,1273.0,67.5,eurostat_pli,mean_growth_backcast
MT,Malta,1998,906,1315.0,68.9,eurostat_pli,mean_growth_backcast
MT,Malta,1999,954,1355.0,70.4,eurostat_pli,mean_growth_backcast
MT,Malta,2000,1027,1384.0,74.2,eurostat_pli,mean_growth_backcast
MT,Malta,2001,1089,1437.0,75.8,eurostat_pli,mean_growth_backcast
MT,Malta,2002,1105,1483.0,74.5,eurostat_pli,mean_growth_backcast
MT,Malta,2003,1098,1560.0,70.4,eurostat_pli,mean_growth_backcast
MT,Malta,2004,1120,1612.0,69.5,eurostat_pli,mean_growth_backcast
MT,Malta,2005,1130,1619.0,69.8,eurostat_pli,mean_growth_backcast
MT,Malta,2006,1190,1655.0,71.9,eurostat_pli,ses_survey
MT,Malta,2007,1240,1725.0,71.9,eurostat_pli,ses_interpolated
MT,Malta,2008,1290,1753.0,73.6,eurostat_pli,ses_interpolated
MT,Malta,2009,1341,1779.0,75.4,eurostat_pli,ses_interpolated
MT,Malta,2010,1391,1840.0,75.6,eurostat_pli,ses_survey
MT,Malta,2011,1432,1860.0,77.0,eurostat_pli,ses_interpolated
MT,Malta,2012,1472,1875.0,78.5,eurostat_pli,ses_interpolated
MT,Malta,2013,1512,1890.0,80.0,eurostat_pli,ses_interpolated
MT,Malta,2014,1553,1899.0,81.8,eurostat_pli,ses_survey
MT,Malta,2015,1624,1947.0,83.4,eurostat_pli,ses_interpolated
MT,Malta,2016,1694,2019.0,83.9,eurostat_pli,ses_interpolated
MT,Malta,2017,1764,2066.0,85.4,eurostat_pli,ses_interpolated
MT,Malta,2018,1835,2121.0,86.5,eurostat_pli,ses_survey
MT,Malta,2019,1826,2106.0,86.7,eurostat_pli,ses_interpolated
MT,Malta,2020,1818,2082.0,87.3,eurostat_pli,ses_interpolated
MT,Malta,2021,1810,2038.0,88.8,eurostat_pli,ses_interpolated
MT,Malta,2022,1801,1986.0,90.7,eurostat_pli,ses_survey
MT,Malta,2023,1847,2034.0,90.8,eurostat_pli,mean_growth_projected
MT,Malta,2024,1991,2188.0,91.0,eurostat_pli,mean_growth_projected
MT,Malta,2025,2078,2423.0,85.7,imf_derived,mean_growth_projected
MT,Malta,2026,2397,2812.0,85.2,imf_derived,mean_growth_projected
MT,Malta,2027,2488,2932.0,84.9,imf_derived,mean_growth_projected
MT,Malta,2028,2586,3053.0,84.7,imf_derived,mean_growth_projected
MT,Malta,2029,2696,3190.0,84.5,imf_derived,mean_growth_projected
MT,Malta,2030,2816,3334.0,84.5,imf_derived,mean_growth_projected
MT,Malta,2031,2943,3492.0,84.3,imf_derived,mean_growth_projected
NL,Netherlands,1995,2092,1835.0,114.0,eurostat_pli,mean_growth_backcast
NL,Netherlands,1996,2080,1891.0,110.0,eurostat_pli,mean_growth_backcast
NL,Netherlands,1997,2075,1916.0,108.3,eurostat_pli,mean_growth_backcast
NL,Netherlands,1998,2018,1867.0,108.1,eurostat_pli,mean_growth_backcast
NL,Netherlands,1999,2107,1942.0,108.5,eurostat_pli,mean_growth_backcast
NL,Netherlands,2000,2200,2052.0,107.2,eurostat_pli,mean_growth_backcast
NL,Netherlands,2001,2299,2103.0,109.3,eurostat_pli,mean_growth_backcast
NL,Netherlands,2002,2371,2157.0,109.9,eurostat_pli,ses_survey
NL,Netherlands,2003,2371,2104.0,112.7,eurostat_pli,ses_interpolated
NL,Netherlands,2004,2371,2134.0,111.1,eurostat_pli,ses_interpolated
NL,Netherlands,2005,2371,2165.0,109.5,eurostat_pli,ses_interpolated
NL,Netherlands,2006,2371,2161.0,109.7,eurostat_pli,ses_survey
NL,Netherlands,2007,2494,2290.0,108.9,eurostat_pli,ses_interpolated
NL,Netherlands,2008,2616,2396.0,109.2,eurostat_pli,ses_interpolated
NL,Netherlands,2009,2738,2438.0,112.3,eurostat_pli,ses_interpolated
NL,Netherlands,2010,2861,2536.0,112.8,eurostat_pli,ses_survey
NL,Netherlands,2011,2906,2590.0,112.2,eurostat_pli,ses_interpolated
NL,Netherlands,2012,2952,2645.0,111.6,eurostat_pli,ses_interpolated
NL,Netherlands,2013,2997,2710.0,110.6,eurostat_pli,ses_interpolated
NL,Netherlands,2014,3042,2697.0,112.8,eurostat_pli,ses_survey
NL,Netherlands,2015,3086,2741.0,112.6,eurostat_pli,ses_interpolated
NL,Netherlands,2016,3131,2734.0,114.5,eurostat_pli,ses_interpolated
NL,Netherlands,2017,3176,2788.0,113.9,eurostat_pli,ses_interpolated
NL,Netherlands,2018,3220,2810.0,114.6,eurostat_pli,ses_survey
NL,Netherlands,2019,3332,2824.0,118.0,eurostat_pli,ses_interpolated
NL,Netherlands,2020,3444,2941.0,117.1,eurostat_pli,ses_interpolated
NL,Netherlands,2021,3555,3057.0,116.3,eurostat_pli,ses_interpolated
NL,Netherlands,2022,3667,3158.0,116.1,eurostat_pli,ses_survey
NL,Netherlands,2023,3907,3322.0,117.6,eurostat_pli,mean_growth_projected
NL,Netherlands,2024,4150,3541.0,117.2,eurostat_pli,mean_growth_projected
NL,Netherlands,2025,4352,3649.0,119.3,imf_derived,mean_growth_projected
NL,Netherlands,2026,4756,3982.0,119.4,imf_derived,mean_growth_projected
NL,Netherlands,2027,4900,4109.0,119.3,imf_derived,mean_growth_projected
NL,Netherlands,2028,5044,4225.0,119.4,imf_derived,mean_growth_projected
NL,Netherlands,2029,5192,4356.0,119.2,imf_derived,mean_growth_projected
NL,Netherlands,2030,5337,4490.0,118.9,imf_derived,mean_growth_projected
NL,Netherlands,2031,5485,4622.0,118.7,imf_derived,mean_growth_projected
NO,Norway,1995,2182,1669.0,130.7,eurostat_pli,mean_growth_backcast
NO,Norway,1996,2301,1781.0,129.2,eurostat_pli,mean_growth_backcast
NO,Norway,1997,2467,1827.0,135.0,eurostat_pli,mean_growth_backcast
NO,Norway,1998,2486,1880.0,132.2,eurostat_pli,mean_growth_backcast
NO,Norway,1999,2664,1993.0,133.7,eurostat_pli,mean_growth_backcast
NO,Norway,2000,2848,2113.0,134.8,eurostat_pli,mean_growth_backcast
NO,Norway,2001,3014,2189.0,137.7,eurostat_pli,mean_growth_backcast
NO,Norway,2002,3387,2303.0,147.1,eurostat_pli,mean_growth_backcast
NO,Norway,2003,3301,2360.0,139.9,eurostat_pli,mean_growth_backcast
NO,Norway,2004,3286,2463.0,133.4,eurostat_pli,mean_growth_backcast
NO,Norway,2005,3571,2601.0,137.3,eurostat_pli,mean_growth_backcast
NO,Norway,2006,3733,2721.0,137.2,eurostat_pli,ses_survey
NO,Norway,2007,3904,2771.0,140.9,eurostat_pli,ses_interpolated
NO,Norway,2008,4076,2937.0,138.8,eurostat_pli,ses_interpolated
NO,Norway,2009,4248,3083.0,137.8,eurostat_pli,ses_interpolated
NO,Norway,2010,4419,2925.0,151.1,eurostat_pli,ses_survey
NO,Norway,2011,4519,2889.0,156.4,eurostat_pli,ses_interpolated
NO,Norway,2012,4618,2821.0,163.7,eurostat_pli,ses_interpolated
NO,Norway,2013,4718,2945.0,160.2,eurostat_pli,ses_interpolated
NO,Norway,2014,4818,3110.0,154.9,eurostat_pli,ses_survey
NO,Norway,2015,4774,3092.0,154.4,eurostat_pli,ses_interpolated
NO,Norway,2016,4731,3040.0,155.6,eurostat_pli,ses_interpolated
NO,Norway,2017,4688,3080.0,152.2,eurostat_pli,ses_interpolated
NO,Norway,2018,4644,3153.0,147.3,eurostat_pli,ses_survey
NO,Norway,2019,4734,3199.0,148.0,eurostat_pli,ses_interpolated
NO,Norway,2020,4824,3446.0,140.0,eurostat_pli,ses_interpolated
NO,Norway,2021,4915,3546.0,138.6,eurostat_pli,ses_interpolated
NO,Norway,2022,5005,3716.0,134.7,eurostat_pli,ses_survey
NO,Norway,2023,4651,3745.0,124.2,eurostat_pli,mean_growth_projected
NO,Norway,2024,4813,3869.0,124.4,eurostat_pli,mean_growth_projected
NO,Norway,2025,5004,4319.0,115.9,imf_derived,mean_growth_projected
NO,Norway,2026,5213,4336.0,120.2,imf_derived,mean_growth_projected
NO,Norway,2027,5214,4458.0,116.9,imf_derived,mean_growth_projected
NO,Norway,2028,5186,4561.0,113.7,imf_derived,mean_growth_projected
NO,Norway,2029,5164,4676.0,110.4,imf_derived,mean_growth_projected
NO,Norway,2030,5161,4799.0,107.5,imf_derived,mean_growth_projected
NO,Norway,2031,5171,4923.0,105.0,imf_derived,mean_growth_projected
PL,Poland,1995,233,532.0,43.8,eurostat_pli,mean_growth_backcast
PL,Poland,1996,276,592.0,46.6,eurostat_pli,mean_growth_backcast
PL,Poland,1997,306,628.0,48.7,eurostat_pli,mean_growth_backcast
PL,Poland,1998,330,650.0,50.8,eurostat_pli,mean_growth_backcast
PL,Poland,1999,350,711.0,49.2,eurostat_pli,mean_growth_backcast
PL,Poland,2000,409,744.0,55.0,eurostat_pli,mean_growth_backcast
PL,Poland,2001,490,811.0,60.4,eurostat_pli,mean_growth_backcast
PL,Poland,2002,467,821.0,56.9,eurostat_pli,ses_survey
PL,Poland,2003,488,978.0,49.9,eurostat_pli,ses_interpolated
PL,Poland,2004,509,1028.0,49.5,eurostat_pli,ses_interpolated
PL,Poland,2005,530,935.0,56.7,eurostat_pli,ses_interpolated
PL,Poland,2006,551,923.0,59.7,eurostat_pli,ses_survey
PL,Poland,2007,582,939.0,62.0,eurostat_pli,ses_interpolated
PL,Poland,2008,613,907.0,67.6,eurostat_pli,ses_interpolated
PL,Poland,2009,644,1126.0,57.2,eurostat_pli,ses_interpolated
PL,Poland,2010,675,1131.0,59.7,eurostat_pli,ses_survey
PL,Poland,2011,704,1199.0,58.7,eurostat_pli,ses_interpolated
PL,Poland,2012,732,1260.0,58.1,eurostat_pli,ses_interpolated
PL,Poland,2013,760,1306.0,58.2,eurostat_pli,ses_interpolated
PL,Poland,2014,789,1340.0,58.9,eurostat_pli,ses_survey
PL,Poland,2015,820,1397.0,58.7,eurostat_pli,ses_interpolated
PL,Poland,2016,850,1486.0,57.2,eurostat_pli,ses_interpolated
PL,Poland,2017,880,1477.0,59.6,eurostat_pli,ses_interpolated
PL,Poland,2018,911,1506.0,60.5,eurostat_pli,ses_survey
PL,Poland,2019,971,1597.0,60.8,eurostat_pli,ses_interpolated
PL,Poland,2020,1030,1722.0,59.8,eurostat_pli,ses_interpolated
PL,Poland,2021,1090,1811.0,60.2,eurostat_pli,ses_interpolated
PL,Poland,2022,1150,1849.0,62.2,eurostat_pli,ses_survey
PL,Poland,2023,1371,2028.0,67.6,eurostat_pli,ses_interpolated
PL,Poland,2024,1592,2214.0,71.9,eurostat_pli,national_office
PL,Poland,2025,1713,2463.0,69.6,imf_derived,national_office
PL,Poland,2026,1832,2665.0,68.7,imf_derived,mean_growth_projected
PL,Poland,2027,1917,2795.0,68.6,imf_derived,mean_growth_projected
PL,Poland,2028,2025,2930.0,69.1,imf_derived,mean_growth_projected
PL,Poland,2029,2142,3075.0,69.6,imf_derived,mean_growth_projected
PL,Poland,2030,2260,3228.0,70.0,imf_derived,mean_growth_projected
PL,Poland,2031,2384,3388.0,70.4,imf_derived,mean_growth_projected
PT,Portugal,1995,520,691.0,75.2,eurostat_pli,mean_growth_backcast
PT,Portugal,1996,555,731.0,75.9,eurostat_pli,mean_growth_backcast
PT,Portugal,1997,576,744.0,77.4,eurostat_pli,mean_growth_backcast
PT,Portugal,1998,596,759.0,78.5,eurostat_pli,mean_growth_backcast
PT,Portugal,1999,638,807.0,79.1,eurostat_pli,mean_growth_backcast
PT,Portugal,2000,672,844.0,79.6,eurostat_pli,mean_growth_backcast
PT,Portugal,2001,703,868.0,81.0,eurostat_pli,mean_growth_backcast
PT,Portugal,2002,726,885.0,82.0,eurostat_pli,mean_growth_backcast
PT,Portugal,2003,750,919.0,81.6,eurostat_pli,mean_growth_backcast
PT,Portugal,2004,769,930.0,82.7,eurostat_pli,mean_growth_backcast
PT,Portugal,2005,794,979.0,81.1,eurostat_pli,mean_growth_backcast
PT,Portugal,2006,806,1001.0,80.5,eurostat_pli,ses_survey
PT,Portugal,2007,826,1009.0,81.9,eurostat_pli,ses_interpolated
PT,Portugal,2008,847,1033.0,82.0,eurostat_pli,ses_interpolated
PT,Portugal,2009,868,1045.0,83.1,eurostat_pli,ses_interpolated
PT,Portugal,2010,888,1079.0,82.3,eurostat_pli,ses_survey
PT,Portugal,2011,891,1066.0,83.6,eurostat_pli,ses_interpolated
PT,Portugal,2012,894,1090.0,82.0,eurostat_pli,ses_interpolated
PT,Portugal,2013,898,1110.0,80.9,eurostat_pli,ses_interpolated
PT,Portugal,2014,901,1115.0,80.8,eurostat_pli,ses_survey
PT,Portugal,2015,912,1120.0,81.4,eurostat_pli,ses_interpolated
PT,Portugal,2016,922,1120.0,82.3,eurostat_pli,ses_interpolated
PT,Portugal,2017,933,1113.0,83.8,eurostat_pli,ses_interpolated
PT,Portugal,2018,944,1121.0,84.2,eurostat_pli,ses_survey
PT,Portugal,2019,983,1161.0,84.7,eurostat_pli,ses_interpolated
PT,Portugal,2020,1022,1202.0,85.0,eurostat_pli,ses_interpolated
PT,Portugal,2021,1060,1251.0,84.7,eurostat_pli,ses_interpolated
PT,Portugal,2022,1099,1313.0,83.7,eurostat_pli,ses_survey
PT,Portugal,2023,1203,1462.0,82.3,eurostat_pli,mean_growth_projected
PT,Portugal,2024,1288,1561.0,82.5,eurostat_pli,mean_growth_projected
PT,Portugal,2025,1346,1537.0,87.6,imf_derived,mean_growth_projected
PT,Portugal,2026,1498,1702.0,88.0,imf_derived,mean_growth_projected
PT,Portugal,2027,1564,1778.0,87.9,imf_derived,mean_growth_projected
PT,Portugal,2028,1632,1847.0,88.4,imf_derived,mean_growth_projected
PT,Portugal,2029,1700,1925.0,88.3,imf_derived,mean_growth_projected
PT,Portugal,2030,1767,2002.0,88.3,imf_derived,mean_growth_projected
PT,Portugal,2031,1835,2084.0,88.1,imf_derived,mean_growth_projected
RO,Romania,1995,74,267.0,27.7,eurostat_pli,mean_growth_backcast
RO,Romania,1996,77,292.0,26.4,eurostat_pli,mean_growth_backcast
RO,Romania,1997,69,230.0,30.0,eurostat_pli,mean_growth_backcast
RO,Romania,1998,106,297.0,35.7,eurostat_pli,mean_growth_backcast
RO,Romania,1999,86,268.0,32.1,eurostat_pli,mean_growth_backcast
RO,Romania,2000,124,333.0,37.2,eurostat_pli,mean_growth_backcast
RO,Romania,2001,154,407.0,37.8,eurostat_pli,mean_growth_backcast
RO,Romania,2002,151,395.0,38.2,eurostat_pli,ses_survey
RO,Romania,2003,176,461.0,38.2,eurostat_pli,ses_interpolated
RO,Romania,2004,202,527.0,38.3,eurostat_pli,ses_interpolated
RO,Romania,2005,227,481.0,47.2,eurostat_pli,ses_interpolated
RO,Romania,2006,252,505.0,49.9,eurostat_pli,ses_survey
RO,Romania,2007,272,481.0,56.5,eurostat_pli,ses_interpolated
RO,Romania,2008,293,535.0,54.8,eurostat_pli,ses_interpolated
RO,Romania,2009,314,642.0,48.9,eurostat_pli,ses_interpolated
RO,Romania,2010,334,693.0,48.2,eurostat_pli,ses_survey
RO,Romania,2011,347,707.0,49.1,eurostat_pli,ses_interpolated
RO,Romania,2012,360,758.0,47.5,eurostat_pli,ses_interpolated
RO,Romania,2013,372,738.0,50.4,eurostat_pli,ses_interpolated
RO,Romania,2014,385,753.0,51.1,eurostat_pli,ses_survey
RO,Romania,2015,464,892.0,52.0,eurostat_pli,ses_interpolated
RO,Romania,2016,544,1062.0,51.2,eurostat_pli,ses_interpolated
RO,Romania,2017,623,1212.0,51.4,eurostat_pli,ses_interpolated
RO,Romania,2018,702,1330.0,52.8,eurostat_pli,ses_survey
RO,Romania,2019,765,1443.0,53.0,eurostat_pli,ses_interpolated
RO,Romania,2020,828,1586.0,52.2,eurostat_pli,ses_interpolated
RO,Romania,2021,890,1692.0,52.6,eurostat_pli,ses_interpolated
RO,Romania,2022,953,1705.0,55.9,eurostat_pli,ses_survey
RO,Romania,2023,1145,1998.0,57.3,eurostat_pli,mean_growth_projected
RO,Romania,2024,1336,2238.0,59.7,eurostat_pli,mean_growth_projected
RO,Romania,2025,1363,2136.0,63.8,imf_derived,mean_growth_projected
RO,Romania,2026,1552,2338.0,66.4,imf_derived,mean_growth_projected
RO,Romania,2027,1662,2467.0,67.4,imf_derived,mean_growth_projected
RO,Romania,2028,1790,2599.0,68.9,imf_derived,mean_growth_projected
RO,Romania,2029,1909,2751.0,69.4,imf_derived,mean_growth_projected
RO,Romania,2030,2037,2918.0,69.8,imf_derived,mean_growth_projected
RO,Romania,2031,2166,3095.0,70.0,imf_derived,mean_growth_projected
RS,Serbia,1995,209,,,,mean_growth_backcast
RS,Serbia,1996,142,,,,mean_growth_backcast
RS,Serbia,1997,168,286.0,58.8,imf_derived,mean_growth_backcast
RS,Serbia,1998,134,298.0,45.0,imf_derived,mean_growth_backcast
RS,Serbia,1999,140,423.0,33.1,imf_derived,mean_growth_backcast
RS,Serbia,2000,206,1035.0,19.9,eurostat_pli,mean_growth_backcast
RS,Serbia,2001,120,333.0,36.0,eurostat_pli,mean_growth_backcast
RS,Serbia,2002,180,440.0,40.9,eurostat_pli,mean_growth_backcast
RS,Serbia,2003,210,496.0,42.3,eurostat_pli,mean_growth_backcast
RS,Serbia,2004,232,571.0,40.6,eurostat_pli,mean_growth_backcast
RS,Serbia,2005,252,633.0,39.8,eurostat_pli,mean_growth_backcast
RS,Serbia,2006,309,717.0,43.1,eurostat_pli,mean_growth_backcast
RS,Serbia,2007,397,824.0,48.2,eurostat_pli,mean_growth_backcast
RS,Serbia,2008,460,927.0,49.6,eurostat_pli,mean_growth_backcast
RS,Serbia,2009,434,925.0,46.9,eurostat_pli,mean_growth_backcast
RS,Serbia,2010,425,951.0,44.7,eurostat_pli,mean_growth_backcast
RS,Serbia,2011,477,998.0,47.8,eurostat_pli,mean_growth_backcast
RS,Serbia,2012,467,1026.0,45.5,eurostat_pli,mean_growth_backcast
RS,Serbia,2013,494,1025.0,48.2,eurostat_pli,mean_growth_backcast
RS,Serbia,2014,482,1019.0,47.3,eurostat_pli,ses_survey
RS,Serbia,2015,490,1045.0,46.9,eurostat_pli,ses_interpolated
RS,Serbia,2016,498,1053.0,47.3,eurostat_pli,ses_interpolated
RS,Serbia,2017,507,1035.0,49.0,eurostat_pli,ses_interpolated
RS,Serbia,2018,515,1008.0,51.1,eurostat_pli,ses_survey
RS,Serbia,2019,576,1114.0,51.7,eurostat_pli,ses_interpolated
RS,Serbia,2020,636,1202.0,52.9,eurostat_pli,ses_interpolated
RS,Serbia,2021,697,1272.0,54.8,eurostat_pli,ses_interpolated
RS,Serbia,2022,758,1309.0,57.9,eurostat_pli,ses_survey
RS,Serbia,2023,869,1427.0,60.9,eurostat_pli,mean_growth_projected
RS,Serbia,2024,997,1624.0,61.4,eurostat_pli,mean_growth_projected
RS,Serbia,2025,1118,1750.0,63.9,imf_derived,mean_growth_projected
RS,Serbia,2026,1218,1876.0,64.9,imf_derived,mean_growth_projected
RS,Serbia,2027,1337,2001.0,66.8,imf_derived,mean_growth_projected
RS,Serbia,2028,1437,2128.0,67.5,imf_derived,mean_growth_projected
RS,Serbia,2029,1544,2266.0,68.1,imf_derived,mean_growth_projected
RS,Serbia,2030,1660,2417.0,68.7,imf_derived,mean_growth_projected
RS,Serbia,2031,1785,2578.0,69.2,imf_derived,mean_growth_projected
RU,Russia,2000,53,197.0,26.9,imf_derived,mean_growth_backcast
RU,Russia,2001,78,257.0,30.4,imf_derived,mean_growth_backcast
RU,Russia,2002,93,307.0,30.3,imf_derived,mean_growth_backcast
RU,Russia,2003,101,355.0,28.4,imf_derived,mean_growth_backcast
RU,Russia,2004,120,373.0,32.1,imf_derived,mean_growth_backcast
RU,Russia,2005,155,402.0,38.5,imf_derived,national_office
RU,Russia,2006,204,447.0,45.7,imf_derived,national_interpolated
RU,Russia,2007,253,512.0,49.4,imf_derived,national_office
RU,Russia,2008,276,500.0,55.2,imf_derived,national_interpolated
RU,Russia,2009,299,646.0,46.3,imf_derived,national_office
RU,Russia,2010,346,606.0,57.1,imf_derived,national_interpolated
RU,Russia,2011,393,610.0,64.5,imf_derived,national_office
RU,Russia,2012,448,628.0,71.3,imf_derived,national_interpolated
RU,Russia,2013,503,719.0,70.0,imf_derived,national_office
RU,Russia,2014,434,712.0,61.0,imf_derived,national_interpolated
RU,Russia,2015,365,746.0,48.9,imf_derived,national_office
RU,Russia,2016,398,871.0,45.7,imf_derived,national_interpolated
RU,Russia,2017,430,807.0,53.3,imf_derived,national_office
RU,Russia,2018,425,865.0,49.1,imf_derived,national_interpolated
RU,Russia,2019,421,828.0,50.9,imf_derived,national_office
RU,Russia,2020,403,918.0,43.9,imf_derived,national_interpolated
RU,Russia,2021,385,898.0,42.9,imf_derived,national_office
RU,Russia,2022,477,823.0,58.0,imf_derived,national_interpolated
RU,Russia,2023,569,1258.0,45.2,imf_derived,national_office
RU,Russia,2024,573,1278.0,44.8,imf_derived,national_office
RU,Russia,2025,794,1623.0,48.9,imf_derived,national_office
RU,Russia,2026,763,1647.0,46.3,imf_derived,mean_growth_projected
RU,Russia,2027,730,1708.0,42.7,imf_derived,mean_growth_projected
RU,Russia,2028,737,1763.0,41.8,imf_derived,mean_growth_projected
RU,Russia,2029,744,1824.0,40.8,imf_derived,mean_growth_projected
RU,Russia,2030,753,1889.0,39.9,imf_derived,mean_growth_projected
RU,Russia,2031,762,1956.0,39.0,imf_derived,mean_growth_projected
SE,Sweden,1995,1689,1412.0,119.6,eurostat_pli,mean_growth_backcast
SE,Sweden,1996,1977,1542.0,128.2,eurostat_pli,mean_growth_backcast
SE,Sweden,1997,2053,1593.0,128.9,eurostat_pli,mean_growth_backcast
SE,Sweden,1998,2066,1631.0,126.7,eurostat_pli,mean_growth_backcast
SE,Sweden,1999,2166,1714.0,126.4,eurostat_pli,mean_growth_backcast
SE,Sweden,2000,2363,1809.0,130.6,eurostat_pli,mean_growth_backcast
SE,Sweden,2001,2227,1815.0,122.7,eurostat_pli,mean_growth_backcast
SE,Sweden,2002,2316,1848.0,125.3,eurostat_pli,ses_survey
SE,Sweden,2003,2377,1878.0,126.6,eurostat_pli,ses_interpolated
SE,Sweden,2004,2438,1955.0,124.7,eurostat_pli,ses_interpolated
SE,Sweden,2005,2500,2005.0,124.7,eurostat_pli,ses_interpolated
SE,Sweden,2006,2561,2069.0,123.8,eurostat_pli,ses_survey
SE,Sweden,2007,2635,2169.0,121.5,eurostat_pli,ses_interpolated
SE,Sweden,2008,2709,2302.0,117.7,eurostat_pli,ses_interpolated
SE,Sweden,2009,2783,2503.0,111.2,eurostat_pli,ses_interpolated
SE,Sweden,2010,2857,2286.0,125.0,eurostat_pli,ses_survey
SE,Sweden,2011,2978,2266.0,131.4,eurostat_pli,ses_interpolated
SE,Sweden,2012,3098,2302.0,134.6,eurostat_pli,ses_interpolated
SE,Sweden,2013,3218,2337.0,137.7,eurostat_pli,ses_interpolated
SE,Sweden,2014,3339,2496.0,133.8,eurostat_pli,ses_survey
SE,Sweden,2015,3324,2524.0,131.7,eurostat_pli,ses_interpolated
SE,Sweden,2016,3309,2468.0,134.1,eurostat_pli,ses_interpolated
SE,Sweden,2017,3294,2462.0,133.8,eurostat_pli,ses_interpolated
SE,Sweden,2018,3279,2572.0,127.5,eurostat_pli,ses_survey
SE,Sweden,2019,3325,2666.0,124.7,eurostat_pli,ses_interpolated
SE,Sweden,2020,3371,2675.0,126.0,eurostat_pli,ses_interpolated
SE,Sweden,2021,3417,2645.0,129.2,eurostat_pli,ses_interpolated
SE,Sweden,2022,3463,2738.0,126.5,eurostat_pli,ses_survey
SE,Sweden,2023,3328,2828.0,117.7,eurostat_pli,mean_growth_projected
SE,Sweden,2024,3452,2935.0,117.6,eurostat_pli,mean_growth_projected
SE,Sweden,2025,3685,3185.0,115.7,imf_derived,mean_growth_projected
SE,Sweden,2026,4151,3451.0,120.3,imf_derived,mean_growth_projected
SE,Sweden,2027,4306,3570.0,120.6,imf_derived,mean_growth_projected
SE,Sweden,2028,4491,3691.0,121.7,imf_derived,mean_growth_projected
SE,Sweden,2029,4658,3816.0,122.1,imf_derived,mean_growth_projected
SE,Sweden,2030,4838,3950.0,122.5,imf_derived,mean_growth_projected
SE,Sweden,2031,5016,4084.0,122.8,imf_derived,mean_growth_projected
SI,Slovenia,1995,574,797.0,72.0,eurostat_pli,mean_growth_backcast
SI,Slovenia,1996,604,859.0,70.3,eurostat_pli,mean_growth_backcast
SI,Slovenia,1997,655,908.0,72.1,eurostat_pli,mean_growth_backcast
SI,Slovenia,1998,692,926.0,74.7,eurostat_pli,mean_growth_backcast
SI,Slovenia,1999,717,956.0,75.0,eurostat_pli,mean_growth_backcast
SI,Slovenia,2000,742,1010.0,73.5,eurostat_pli,mean_growth_backcast
SI,Slovenia,2001,786,1056.0,74.4,eurostat_pli,mean_growth_backcast
SI,Slovenia,2002,816,1082.0,75.4,eurostat_pli,ses_survey
SI,Slovenia,2003,858,1130.0,75.9,eurostat_pli,ses_interpolated
SI,Slovenia,2004,900,1206.0,74.6,eurostat_pli,ses_interpolated
SI,Slovenia,2005,941,1263.0,74.5,eurostat_pli,ses_interpolated
SI,Slovenia,2006,983,1282.0,76.7,eurostat_pli,ses_survey
SI,Slovenia,2007,1039,1302.0,79.8,eurostat_pli,ses_interpolated
SI,Slovenia,2008,1094,1339.0,81.7,eurostat_pli,ses_interpolated
SI,Slovenia,2009,1150,1345.0,85.5,eurostat_pli,ses_interpolated
SI,Slovenia,2010,1206,1431.0,84.3,eurostat_pli,ses_survey
SI,Slovenia,2011,1233,1473.0,83.7,eurostat_pli,ses_interpolated
SI,Slovenia,2012,1260,1533.0,82.2,eurostat_pli,ses_interpolated
SI,Slovenia,2013,1287,1573.0,81.8,eurostat_pli,ses_interpolated
SI,Slovenia,2014,1314,1593.0,82.5,eurostat_pli,ses_survey
SI,Slovenia,2015,1347,1627.0,82.8,eurostat_pli,ses_interpolated
SI,Slovenia,2016,1380,1661.0,83.1,eurostat_pli,ses_interpolated
SI,Slovenia,2017,1414,1704.0,83.0,eurostat_pli,ses_interpolated
SI,Slovenia,2018,1447,1729.0,83.7,eurostat_pli,ses_survey
SI,Slovenia,2019,1524,1821.0,83.7,eurostat_pli,ses_interpolated
SI,Slovenia,2020,1600,1921.0,83.3,eurostat_pli,ses_interpolated
SI,Slovenia,2021,1677,1989.0,84.3,eurostat_pli,ses_interpolated
SI,Slovenia,2022,1754,2083.0,84.2,eurostat_pli,ses_survey
SI,Slovenia,2023,1925,2233.0,86.2,eurostat_pli,mean_growth_projected
SI,Slovenia,2024,2038,2334.0,87.3,eurostat_pli,mean_growth_projected
SI,Slovenia,2025,2198,2492.0,88.2,imf_derived,mean_growth_projected
SI,Slovenia,2026,2352,2677.0,87.9,imf_derived,mean_growth_projected
SI,Slovenia,2027,2442,2792.0,87.5,imf_derived,mean_growth_projected
SI,Slovenia,2028,2546,2906.0,87.6,imf_derived,mean_growth_projected
SI,Slovenia,2029,2657,3029.0,87.7,imf_derived,mean_growth_projected
SI,Slovenia,2030,2771,3161.0,87.7,imf_derived,mean_growth_projected
SI,Slovenia,2031,2889,3298.0,87.6,imf_derived,mean_growth_projected
SK,Slovakia,1995,154,393.0,39.2,eurostat_pli,mean_growth_backcast
SK,Slovakia,1996,174,437.0,39.8,eurostat_pli,mean_growth_backcast
SK,Slovakia,1997,210,493.0,42.6,eurostat_pli,mean_growth_backcast
SK,Slovakia,1998,222,520.0,42.7,eurostat_pli,mean_growth_backcast
SK,Slovakia,1999,213,527.0,40.4,eurostat_pli,mean_growth_backcast
SK,Slovakia,2000,249,566.0,44.0,eurostat_pli,mean_growth_backcast
SK,Slovakia,2001,258,596.0,43.3,eurostat_pli,mean_growth_backcast
SK,Slovakia,2002,284,633.0,44.9,eurostat_pli,ses_survey
SK,Slovakia,2003,322,669.0,48.1,eurostat_pli,ses_interpolated
SK,Slovakia,2004,360,692.0,52.0,eurostat_pli,ses_interpolated
SK,Slovakia,2005,398,740.0,53.8,eurostat_pli,ses_interpolated
SK,Slovakia,2006,436,773.0,56.4,eurostat_pli,ses_survey
SK,Slovakia,2007,490,784.0,62.5,eurostat_pli,ses_interpolated
SK,Slovakia,2008,544,816.0,66.7,eurostat_pli,ses_interpolated
SK,Slovakia,2009,599,877.0,68.3,eurostat_pli,ses_interpolated
SK,Slovakia,2010,653,985.0,66.3,eurostat_pli,ses_survey
SK,Slovakia,2011,684,1006.0,68.0,eurostat_pli,ses_interpolated
SK,Slovakia,2012,716,1048.0,68.3,eurostat_pli,ses_interpolated
SK,Slovakia,2013,748,1100.0,68.0,eurostat_pli,ses_interpolated
SK,Slovakia,2014,779,1151.0,67.7,eurostat_pli,ses_survey
SK,Slovakia,2015,833,1218.0,68.4,eurostat_pli,ses_interpolated
SK,Slovakia,2016,888,1227.0,72.4,eurostat_pli,ses_interpolated
SK,Slovakia,2017,942,1253.0,75.2,eurostat_pli,ses_interpolated
SK,Slovakia,2018,996,1284.0,77.6,eurostat_pli,ses_survey
SK,Slovakia,2019,1067,1361.0,78.4,eurostat_pli,ses_interpolated
SK,Slovakia,2020,1138,1486.0,76.6,eurostat_pli,ses_interpolated
SK,Slovakia,2021,1210,1582.0,76.5,eurostat_pli,ses_interpolated
SK,Slovakia,2022,1281,1628.0,78.7,eurostat_pli,ses_survey
SK,Slovakia,2023,1409,1761.0,80.0,eurostat_pli,mean_growth_projected
SK,Slovakia,2024,1498,1868.0,80.2,eurostat_pli,mean_growth_projected
SK,Slovakia,2025,1584,1938.0,81.7,imf_derived,mean_growth_projected
SK,Slovakia,2026,1748,2108.0,82.9,imf_derived,mean_growth_projected
SK,Slovakia,2027,1837,2197.0,83.6,imf_derived,mean_growth_projected
SK,Slovakia,2028,1939,2306.0,84.1,imf_derived,mean_growth_projected
SK,Slovakia,2029,2038,2416.0,84.3,imf_derived,mean_growth_projected
SK,Slovakia,2030,2131,2537.0,84.0,imf_derived,mean_growth_projected
SK,Slovakia,2031,2218,2646.0,83.8,imf_derived,mean_growth_projected
SM,San Marino,2025,2271,2124.0,106.9,imf_derived,ratio_estimate
TR,Turkey,2004,308,564.0,54.6,eurostat_pli,mean_growth_backcast
TR,Turkey,2005,368,605.0,60.8,eurostat_pli,mean_growth_backcast
TR,Turkey,2006,339,579.0,58.5,eurostat_pli,ses_survey
TR,Turkey,2007,366,607.0,60.3,eurostat_pli,ses_interpolated
TR,Turkey,2008,394,662.0,59.5,eurostat_pli,ses_interpolated
TR,Turkey,2009,422,762.0,55.4,eurostat_pli,ses_interpolated
TR,Turkey,2010,449,737.0,60.9,eurostat_pli,ses_survey
TR,Turkey,2011,458,825.0,55.5,eurostat_pli,ses_interpolated
TR,Turkey,2012,466,781.0,59.7,eurostat_pli,ses_interpolated
TR,Turkey,2013,474,810.0,58.5,eurostat_pli,ses_interpolated
TR,Turkey,2014,483,911.0,53.0,eurostat_pli,ses_survey
TR,Turkey,2015,488,914.0,53.4,eurostat_pli,ses_interpolated
TR,Turkey,2016,494,925.0,53.4,eurostat_pli,ses_interpolated
TR,Turkey,2017,500,1022.0,48.9,eurostat_pli,ses_interpolated
TR,Turkey,2018,505,1197.0,42.2,eurostat_pli,ses_survey
TR,Turkey,2019,572,1288.0,44.4,eurostat_pli,mean_growth_projected
TR,Turkey,2020,533,1300.0,41.0,eurostat_pli,mean_growth_projected
TR,Turkey,2021,487,1188.0,41.0,eurostat_pli,mean_growth_projected
TR,Turkey,2022,509,1229.0,41.4,eurostat_pli,mean_growth_projected
TR,Turkey,2023,709,1611.0,44.0,eurostat_pli,mean_growth_projected
TR,Turkey,2024,892,1752.0,50.9,eurostat_pli,mean_growth_projected
TR,Turkey,2025,1039,1800.0,57.7,imf_derived,mean_growth_projected
TR,Turkey,2026,1062,1987.0,53.5,imf_derived,mean_growth_projected
TR,Turkey,2027,1050,2091.0,50.2,imf_derived,mean_growth_projected
TR,Turkey,2028,1117,2203.0,50.7,imf_derived,mean_growth_projected
TR,Turkey,2029,1177,2331.0,50.5,imf_derived,mean_growth_projected
TR,Turkey,2030,1230,2469.0,49.8,imf_derived,mean_growth_projected
TR,Turkey,2031,1282,2609.0,49.1,imf_derived,mean_growth_projected
UA,Ukraine,1999,35,211.0,16.6,imf_derived,ratio_estimate
UA,Ukraine,2000,41,222.0,18.5,imf_derived,ratio_estimate
UA,Ukraine,2002,65,318.0,20.4,imf_derived,ratio_estimate
UA,Ukraine,2003,67,376.0,17.8,imf_derived,ratio_estimate
UA,Ukraine,2004,77,424.0,18.2,imf_derived,ratio_estimate
UA,Ukraine,2005,109,471.0,23.1,imf_derived,ratio_estimate
UA,Ukraine,2006,142,533.0,26.6,imf_derived,ratio_estimate
UA,Ukraine,2007,168,575.0,29.2,imf_derived,ratio_estimate
UA,Ukraine,2008,202,606.0,33.3,imf_derived,ratio_estimate
UA,Ukraine,2009,151,566.0,26.7,imf_derived,ratio_estimate
UA,Ukraine,2010,184,599.0,30.7,imf_derived,ratio_estimate
UA,Ukraine,2011,205,627.0,32.7,imf_derived,ratio_estimate
UA,Ukraine,2012,255,673.0,37.9,imf_derived,ratio_estimate
UA,Ukraine,2013,266,704.0,37.8,imf_derived,ratio_estimate
UA,Ukraine,2014,191,663.0,28.8,imf_derived,ratio_estimate
UA,Ukraine,2015,149,577.0,25.8,imf_derived,ratio_estimate
UA,Ukraine,2016,158,616.0,25.7,imf_derived,ratio_estimate
UA,Ukraine,2017,205,705.0,29.1,imf_derived,ratio_estimate
UA,Ukraine,2018,238,782.0,30.4,imf_derived,ratio_estimate
UA,Ukraine,2019,314,898.0,35.0,imf_derived,ratio_estimate
UA,Ukraine,2020,325,992.0,32.7,imf_derived,ratio_estimate
UA,Ukraine,2021,375,1051.0,35.7,imf_derived,ratio_estimate
UA,Ukraine,2022,334,774.0,43.1,imf_derived,ratio_estimate
UA,Ukraine,2023,442,1055.0,41.9,imf_derived,ratio_estimate
UA,Ukraine,2024,464,1122.0,41.4,imf_derived,ratio_estimate
UA,Ukraine,2025,483,1145.0,42.2,imf_derived,ratio_estimate
UA,Ukraine,2026,575,1409.0,40.8,imf_derived,ratio_estimate
UA,Ukraine,2027,601,1471.0,40.8,imf_derived,ratio_estimate
UA,Ukraine,2028,620,1533.0,40.5,imf_derived,ratio_estimate
UA,Ukraine,2029,640,1616.0,39.6,imf_derived,ratio_estimate
UA,Ukraine,2030,676,1720.0,39.3,imf_derived,ratio_estimate
UA,Ukraine,2031,721,1833.0,39.3,imf_derived,ratio_estimate
XK,Kosovo,2025,616,1163.0,53.0,imf_derived,ratio_estimate
