iso2,country,year,wage_monthly_eur,wage_monthly_usd,wage_monthly_local,currency,source,wage_oecd_eur,wage_d11emp_eur,gdp_pc_eur,is_forecast
DE,Germany,1991,1832.0,,1832.0,EUR,national_office,,,18980,0
DE,Germany,1992,2003.0,,2003.0,EUR,national_office,,,20560,0
DE,Germany,1993,2103.0,,2103.0,EUR,national_office,,,21930,0
DE,Germany,1994,2185.0,,2185.0,EUR,national_office,,,23020,0
DE,Germany,1995,2281.0,,2281.0,EUR,national_office,,,24390,0
DE,Germany,1996,2344.0,,2344.0,EUR,national_office,,,24250,0
DE,Germany,1997,2389.0,,2389.0,EUR,national_office,,,24030,0
DE,Germany,1998,2447.0,,2447.0,EUR,national_office,,,24660,0
DE,Germany,1999,2518.0,2684.0,2518.0,EUR,national_office,,,25510,0
DE,Germany,2000,2551.0,2356.0,2551.0,EUR,national_office,,2125.0,26140,0
DE,Germany,2001,2617.0,2344.0,2617.0,EUR,national_office,,2173.0,26930,0
DE,Germany,2002,2701.0,2554.0,2701.0,EUR,national_office,,2206.0,27250,0
DE,Germany,2003,2783.0,3148.0,2783.0,EUR,national_office,,2242.0,27480,0
DE,Germany,2004,2846.0,3540.0,2846.0,EUR,national_office,,2258.0,28150,0
DE,Germany,2005,2901.0,3609.0,2901.0,EUR,national_office,,2266.0,28590,0
DE,Germany,2006,2950.0,3704.0,2950.0,EUR,national_office,,2289.0,29890,0
DE,Germany,2007,3023.0,4143.0,3023.0,EUR,national_office,,2323.0,31390,0
DE,Germany,2008,3103.0,4564.0,3103.0,EUR,national_office,,2382.0,32060,0
DE,Germany,2009,3141.0,4381.0,3141.0,EUR,national_office,,2385.0,30990,0
DE,Germany,2010,3227.0,4278.0,3227.0,EUR,national_office,,2446.0,32580,0
DE,Germany,2011,3311.0,4609.0,3311.0,EUR,national_office,,2530.0,34220,0
DE,Germany,2012,3391.0,4357.0,3391.0,EUR,national_office,,2604.0,34820,0
DE,Germany,2013,3449.0,4581.0,3449.0,EUR,national_office,,2665.0,35600,0
DE,Germany,2014,3527.0,4686.0,3527.0,EUR,national_office,,2747.0,36960,0
DE,Germany,2015,3612.0,4008.0,3612.0,EUR,national_office,,2829.0,37950,0
DE,Germany,2016,3703.0,4099.0,3703.0,EUR,national_office,,2902.0,39030,0
DE,Germany,2017,3771.0,4260.0,3771.0,EUR,national_office,,2982.0,40630,0
DE,Germany,2018,3880.0,4582.0,3880.0,EUR,national_office,,3082.0,41800,0
DE,Germany,2019,3994.0,4471.0,3994.0,EUR,national_office,,3178.0,43030,0
DE,Germany,2020,3975.0,4540.0,3975.0,EUR,national_office,,3171.0,42020,0
DE,Germany,2021,4100.0,4849.0,4100.0,EUR,national_office,,3276.0,44910,0
DE,Germany,2022,4284,4511.0,4284,EUR,national_office,,3421.0,48340,0
DE,Germany,2023,4468.0,4831.0,4468.0,EUR,national_office,,3644.0,50660,0
DE,Germany,2024,4691.0,5077.0,4691.0,EUR,national_office,,3833.0,51830,0
DE,Germany,2025,4851.0,5482.0,4851.0,EUR,national_office,,4009.0,53520,0
PL,Poland,2002,581.0,549.0,2240.0,PLN,national_office,,596.0,5520,0
PL,Poland,2003,526.0,595.0,2315.0,PLN,national_office,,531.0,5060,0
PL,Poland,2004,532.0,662.0,2410.0,PLN,national_office,,529.0,5420,0
PL,Poland,2005,623.0,775.0,2507.0,PLN,national_office,,608.0,6470,0
PL,Poland,2006,677.0,850.0,2637.0,PLN,national_office,,646.0,7230,0
PL,Poland,2007,757.0,1038.0,2866.0,PLN,national_office,,702.0,8250,0
PL,Poland,2008,899.0,1323.0,3158.0,PLN,national_office,,829.0,9640,0
PL,Poland,2009,766.0,1069.0,3315.0,PLN,national_office,,692.0,8330,0
PL,Poland,2010,860.0,1140.0,3435.0,PLN,national_office,,820.0,9490,0
PL,Poland,2011,880.0,1225.0,3625.0,PLN,national_office,,839.0,9970,0
PL,Poland,2012,895.0,1150.0,3744.0,PLN,national_office,,844.0,10190,0
PL,Poland,2013,924.0,1227.0,3877.0,PLN,national_office,,854.0,10260,0
PL,Poland,2014,957.0,1271.0,4004.0,PLN,national_office,,876.0,10750,0
PL,Poland,2015,992.0,1101.0,4151.0,PLN,national_office,,896.0,11390,0
PL,Poland,2016,983.0,1088.0,4291.0,PLN,national_office,,900.0,11270,0
PL,Poland,2017,1064.0,1202.0,4528.0,PLN,national_office,,978.0,12360,0
PL,Poland,2018,1135.0,1340.0,4835.0,PLN,national_office,,1056.0,13280,0
PL,Poland,2019,1206.0,1350.0,5182.0,PLN,national_office,,1106.0,14190,0
PL,Poland,2020,1243.0,1420.0,5523.0,PLN,national_office,,1124.0,14310,0
PL,Poland,2021,1315.0,1555.0,6001.0,PLN,national_office,,1149.0,15770,0
PL,Poland,2022,1431.0,1507.0,6706.0,PLN,national_office,,1259.0,17520,0
PL,Poland,2023,1672.0,1808.0,7595.0,PLN,national_office,,1481.0,19980,0
PL,Poland,2024,2004.0,2169.0,8630.0,PLN,national_office,,1762.0,22710,0
PL,Poland,2025,2212.0,2500.0,9379.0,PLN,national_office,,1939.0,24680,0
RU,Russia,2000,85.0,79.0,2223.0,RUB,national_office,,,1918.0,0
RU,Russia,2001,124.0,111.0,3240.0,RUB,national_office,,,2345.0,0
RU,Russia,2002,147.0,139.0,4360.0,RUB,national_office,,,2514.0,0
RU,Russia,2003,159.0,179.0,5498.0,RUB,national_office,,,2630.0,0
RU,Russia,2004,188.0,234.0,6740.0,RUB,national_office,,,3298.0,0
RU,Russia,2005,243.0,302.0,8555.0,RUB,national_office,,,4279.0,0
RU,Russia,2006,312.0,391.0,10634.0,RUB,national_office,,,5511.0,0
RU,Russia,2007,388.0,532.0,13593.0,RUB,national_office,,,6641.0,0
RU,Russia,2008,475.0,698.0,17290.0,RUB,national_office,,,7911.0,0
RU,Russia,2009,422.0,589.0,18638.0,RUB,national_office,,,6139.0,0
RU,Russia,2010,520.0,690.0,20952.0,RUB,national_office,,,8052.0,0
RU,Russia,2011,572.0,796.0,23369.0,RUB,national_office,,,10277.0,0
RU,Russia,2012,667.0,857.0,26629.0,RUB,national_office,,,11988.0,0
RU,Russia,2013,704.0,935.0,29792.0,RUB,national_office,,,12003.0,0
RU,Russia,2014,638.0,847.0,32495.0,RUB,national_office,,,10580.0,0
RU,Russia,2015,500.0,555.0,34030.0,RUB,national_office,,,8362.0,0
RU,Russia,2016,495.0,548.0,36709.0,RUB,national_office,,,7826.0,0
RU,Russia,2017,594.0,671.0,39167.0,RUB,national_office,,,9435.0,0
RU,Russia,2018,591.0,697.0,43724.0,RUB,national_office,,,9494.0,0
RU,Russia,2019,661.0,740.0,47867.0,RUB,national_office,,,10226.0,0
RU,Russia,2020,621.0,709.0,51344.0,RUB,national_office,,,8850.0,0
RU,Russia,2021,657.0,777.0,57244.0,RUB,national_office,,,10505.0,0
RU,Russia,2022,884.0,930.0,65338.0,RUB,national_office,,,14838.0,0
RU,Russia,2023,810.0,876.0,74854.0,RUB,national_office,,,12936.0,0
RU,Russia,2024,904.0,978.0,89069.0,RUB,national_office,,,13823.0,0
RU,Russia,2025,1094.0,1237.0,101784.0,RUB,national_office,,,15528.0,0
BY,Belarus,2020,450.0,514.0,1255.0,BYN,national_office,,,5728.0,0
BY,Belarus,2021,483.0,571.0,1444.0,BYN,national_office,,,6333.0,0
BY,Belarus,2022,557.0,587.0,1633.0,BYN,national_office,,,7592.0,0
BY,Belarus,2023,591.0,639.0,1916.0,BYN,national_office,,,7303.0,0
BY,Belarus,2024,648.0,702.0,2289.0,BYN,national_office,,,7951.0,0
BY,Belarus,2025,744.0,841.0,2680.0,BYN,national_office,,,9097.0,0
UA,Ukraine,1999,40.0,43.0,178.0,UAH,national_office,,,593.0,0
UA,Ukraine,2000,48.0,44.0,230.0,UAH,national_office,,,707.0,0
UA,Ukraine,2002,75.0,71.0,376.0,UAH,national_office,,,955.0,0
UA,Ukraine,2003,77.0,87.0,462.0,UAH,national_office,,,952.0,0
UA,Ukraine,2004,89.0,111.0,590.0,UAH,national_office,,,1126.0,0
UA,Ukraine,2005,126.0,157.0,806.0,UAH,national_office,,,1507.0,0
UA,Ukraine,2006,164.0,206.0,1042.0,UAH,national_office,,,1885.0,0
UA,Ukraine,2007,195.0,268.0,1351.0,UAH,national_office,,,2306.0,0
UA,Ukraine,2008,234.0,345.0,1806.0,UAH,national_office,,,2732.0,0
UA,Ukraine,2009,175.0,245.0,1906.0,UAH,national_office,,,1869.0,0
UA,Ukraine,2010,213.0,282.0,2239.0,UAH,national_office,,,2293.0,0
UA,Ukraine,2011,237.0,330.0,2633.0,UAH,national_office,,,2627.0,0
UA,Ukraine,2012,295.0,379.0,3026.0,UAH,national_office,,,3075.0,0
UA,Ukraine,2013,308.0,409.0,3265.0,UAH,national_office,,,3110.0,0
UA,Ukraine,2014,221.0,294.0,3480.0,UAH,national_office,,,2300.0,0
UA,Ukraine,2015,173.0,192.0,4195.0,UAH,national_office,,,1888.0,0
UA,Ukraine,2016,183.0,203.0,5183.0,UAH,national_office,,,1950.0,0
UA,Ukraine,2017,237.0,268.0,7104.0,UAH,national_office,,,2305.0,0
UA,Ukraine,2018,276.0,326.0,8865.0,UAH,national_office,,,2590.0,0
UA,Ukraine,2019,363.0,406.0,10497.0,UAH,national_office,,,3234.0,0
UA,Ukraine,2020,376.0,430.0,11591.0,UAH,national_office,,,3248.0,0
UA,Ukraine,2021,434.0,513.0,14014.0,UAH,national_office,,,4038.0,0
UA,Ukraine,2022,386.0,407.0,14847.0,UAH,national_office,,,3988.0,0
AT,Austria,1990,1713.0,,1713.0,EUR,oecd,1713.0,,19211.0,0
AT,Austria,1991,1823.0,,1823.0,EUR,oecd,1823.0,,19910.0,0
AT,Austria,1992,1922.0,,1922.0,EUR,oecd,1922.0,,22063.0,0
AT,Austria,1993,1997.0,,1997.0,EUR,oecd,1997.0,,21257.0,0
AT,Austria,1994,2063.0,,2063.0,EUR,oecd,2063.0,,22642.0,0
AT,Austria,1995,2126.0,,2126.0,EUR,oecd,2126.0,,23100,0
AT,Austria,1996,2142.0,,2142.0,EUR,oecd,2142.0,,23360,0
AT,Austria,1997,2156.0,,2156.0,EUR,oecd,2156.0,,23460,0
AT,Austria,1998,2231.0,,2231.0,EUR,oecd,2231.0,,24310,0
AT,Austria,1999,2284.0,2434.0,2284.0,EUR,oecd,2284.0,,25410,0
AT,Austria,2000,2337.0,2159.0,2337.0,EUR,oecd,2337.0,2190.0,26510,0
AT,Austria,2001,2384.0,2136.0,2384.0,EUR,oecd,2384.0,2221.0,27280,0
AT,Austria,2002,2445.0,2312.0,2445.0,EUR,oecd,2445.0,2269.0,27850,0
AT,Austria,2003,2489.0,2815.0,2489.0,EUR,oecd,2489.0,2306.0,28400,0
AT,Austria,2004,2579.0,3208.0,2579.0,EUR,oecd,2579.0,2345.0,29440,0
AT,Austria,2005,2655.0,3303.0,2655.0,EUR,oecd,2655.0,2399.0,30680,0
AT,Austria,2006,2749.0,3451.0,2749.0,EUR,oecd,2749.0,2474.0,32160,0
AT,Austria,2007,2830.0,3878.0,2830.0,EUR,oecd,2830.0,2553.0,34020,0
AT,Austria,2008,2938.0,4321.0,2938.0,EUR,oecd,2938.0,2642.0,35070,0
AT,Austria,2009,2996.0,4179.0,2996.0,EUR,oecd,2996.0,2681.0,34320,0
AT,Austria,2010,3034.0,4023.0,3034.0,EUR,oecd,3034.0,2710.0,35170,0
AT,Austria,2011,3095.0,4308.0,3095.0,EUR,oecd,3095.0,2763.0,36740,0
AT,Austria,2012,3184.0,4091.0,3184.0,EUR,oecd,3184.0,2838.0,37570,0
AT,Austria,2013,3252.0,4319.0,3252.0,EUR,oecd,3252.0,2895.0,37890,0
AT,Austria,2014,3324.0,4416.0,3324.0,EUR,oecd,3324.0,2942.0,38640,0
AT,Austria,2015,3395.0,3766.0,3395.0,EUR,oecd,3395.0,3001.0,39640,0
AT,Austria,2016,3478.0,3850.0,3478.0,EUR,oecd,3478.0,3072.0,40690,0
AT,Austria,2017,3537.0,3995.0,3537.0,EUR,oecd,3537.0,3122.0,41760,0
AT,Austria,2018,3616.0,4270.0,3616.0,EUR,oecd,3616.0,3206.0,43360,0
AT,Austria,2019,3711.0,4154.0,3711.0,EUR,oecd,3711.0,3301.0,44570,0
AT,Austria,2020,3763.0,4298.0,3763.0,EUR,oecd,3763.0,3359.0,42650,0
AT,Austria,2021,3909.0,4623.0,3909.0,EUR,oecd,3909.0,3462.0,45380,0
AT,Austria,2022,4104.0,4322.0,4104.0,EUR,oecd,4104.0,3633.0,49640,0
AT,Austria,2023,4400.0,4758.0,4400.0,EUR,oecd,4400.0,3893.0,52330,0
AT,Austria,2024,4729.0,5118.0,4729.0,EUR,oecd,4729.0,4174.0,53830,0
AT,Austria,2025,4896.0,5533.0,4896.0,EUR,oecd,4896.0,4331.0,55870,0
BE,Belgium,1990,1804.0,,1804.0,EUR,oecd,1804.0,,17806.0,0
BE,Belgium,1991,1936.0,,1936.0,EUR,oecd,1936.0,,18198.0,0
BE,Belgium,1992,2035.0,,2035.0,EUR,oecd,2035.0,,20198.0,0
BE,Belgium,1993,2131.0,,2131.0,EUR,oecd,2131.0,,19225.0,0
BE,Belgium,1994,2221.0,,2221.0,EUR,oecd,2221.0,,20907.0,0
BE,Belgium,1995,2248.0,,2248.0,EUR,oecd,2248.0,,21730,0
BE,Belgium,1996,2291.0,,2291.0,EUR,oecd,2291.0,,21660,0
BE,Belgium,1997,2352.0,,2352.0,EUR,oecd,2352.0,,21910,0
BE,Belgium,1998,2382.0,,2382.0,EUR,oecd,2382.0,,22640,0
BE,Belgium,1999,2523.0,2689.0,2523.0,EUR,oecd,2523.0,,23690,0
BE,Belgium,2000,2583.0,2386.0,2583.0,EUR,oecd,2583.0,2324.0,25010,0
BE,Belgium,2001,2653.0,2376.0,2653.0,EUR,oecd,2653.0,2412.0,25700,0
BE,Belgium,2002,2750.0,2600.0,2750.0,EUR,oecd,2750.0,2497.0,26450,0
BE,Belgium,2003,2807.0,3175.0,2807.0,EUR,oecd,2807.0,2542.0,27100,0
BE,Belgium,2004,2863.0,3562.0,2863.0,EUR,oecd,2863.0,2591.0,28480,0
BE,Belgium,2005,2915.0,3627.0,2915.0,EUR,oecd,2915.0,2641.0,29590,0
BE,Belgium,2006,3017.0,3788.0,3017.0,EUR,oecd,3017.0,2732.0,30830,0
BE,Belgium,2007,3092.0,4238.0,3092.0,EUR,oecd,3092.0,2810.0,32340,0
BE,Belgium,2008,3204.0,4712.0,3204.0,EUR,oecd,3204.0,2909.0,32840,0
BE,Belgium,2009,3224.0,4496.0,3224.0,EUR,oecd,3224.0,2927.0,32210,0
BE,Belgium,2010,3269.0,4334.0,3269.0,EUR,oecd,3269.0,2971.0,33340,0
BE,Belgium,2011,3399.0,4732.0,3399.0,EUR,oecd,3399.0,3078.0,34310,0
BE,Belgium,2012,3502.0,4500.0,3502.0,EUR,oecd,3502.0,3176.0,34930,0
BE,Belgium,2013,3576.0,4749.0,3576.0,EUR,oecd,3576.0,3250.0,35360,0
BE,Belgium,2014,3621.0,4811.0,3621.0,EUR,oecd,3621.0,3294.0,36130,0
BE,Belgium,2015,3633.0,4030.0,3633.0,EUR,oecd,3633.0,3301.0,36860,0
BE,Belgium,2016,3705.0,4101.0,3705.0,EUR,oecd,3705.0,3373.0,37810,0
BE,Belgium,2017,3749.0,4235.0,3749.0,EUR,oecd,3749.0,3442.0,38980,0
BE,Belgium,2018,3845.0,4541.0,3845.0,EUR,oecd,3845.0,3522.0,40210,0
BE,Belgium,2019,3936.0,4406.0,3936.0,EUR,oecd,3936.0,3598.0,41730,0
BE,Belgium,2020,3866.0,4416.0,3866.0,EUR,oecd,3866.0,3540.0,40190,0
BE,Belgium,2021,4114.0,4866.0,4114.0,EUR,oecd,4114.0,3739.0,43680,0
BE,Belgium,2022,4441.0,4677.0,4441.0,EUR,oecd,4441.0,4039.0,48090,0
BE,Belgium,2023,4789.0,5178.0,4789.0,EUR,oecd,4789.0,4340.0,51090,0
BE,Belgium,2024,4944.0,5351.0,4944.0,EUR,oecd,4944.0,4469.0,52310,0
BE,Belgium,2025,5146.0,5814.0,5146.0,EUR,oecd,5146.0,4615.0,53930,0
EE,Estonia,1995,162.0,,162.0,EUR,oecd,162.0,,2060,0
EE,Estonia,1996,208.0,,208.0,EUR,oecd,208.0,,2650,0
EE,Estonia,1997,249.0,,249.0,EUR,oecd,249.0,,3240,0
EE,Estonia,1998,284.0,,284.0,EUR,oecd,284.0,,3640,0
EE,Estonia,1999,307.0,327.0,307.0,EUR,oecd,307.0,,3920,0
EE,Estonia,2000,343.0,317.0,343.0,EUR,oecd,343.0,331.0,4400,0
EE,Estonia,2001,377.0,338.0,377.0,EUR,oecd,377.0,365.0,5010,0
EE,Estonia,2002,413.0,391.0,413.0,EUR,oecd,413.0,399.0,5660,0
EE,Estonia,2003,460.0,521.0,460.0,EUR,oecd,460.0,444.0,6360,0
EE,Estonia,2004,515.0,641.0,515.0,EUR,oecd,515.0,498.0,7160,0
EE,Estonia,2005,570.0,709.0,570.0,EUR,oecd,570.0,551.0,8350,0
EE,Estonia,2006,656.0,823.0,656.0,EUR,oecd,656.0,634.0,10050,0
EE,Estonia,2007,822.0,1127.0,822.0,EUR,oecd,822.0,796.0,12210,0
EE,Estonia,2008,899.0,1322.0,899.0,EUR,oecd,899.0,873.0,12420,0
EE,Estonia,2009,868.0,1211.0,868.0,EUR,oecd,868.0,832.0,10580,0
EE,Estonia,2010,895.0,1187.0,895.0,EUR,oecd,895.0,858.0,11060,0
EE,Estonia,2011,918.0,1278.0,918.0,EUR,oecd,918.0,881.0,12590,0
EE,Estonia,2012,969.0,1244.0,969.0,EUR,oecd,969.0,930.0,13650,0
EE,Estonia,2013,1022.0,1358.0,1022.0,EUR,oecd,1022.0,984.0,14520,0
EE,Estonia,2014,1086.0,1442.0,1086.0,EUR,oecd,1086.0,1047.0,15480,0
EE,Estonia,2015,1132.0,1256.0,1132.0,EUR,oecd,1132.0,1083.0,16000,0
EE,Estonia,2016,1205.0,1334.0,1205.0,EUR,oecd,1205.0,1152.0,16860,0
EE,Estonia,2017,1284.0,1451.0,1284.0,EUR,oecd,1284.0,1234.0,18480,0
EE,Estonia,2018,1415.0,1671.0,1415.0,EUR,oecd,1415.0,1350.0,20040,0
EE,Estonia,2019,1527.0,1710.0,1527.0,EUR,oecd,1527.0,1452.0,21490,0
EE,Estonia,2020,1593.0,1820.0,1593.0,EUR,oecd,1593.0,1515.0,20960,0
EE,Estonia,2021,1752.0,2073.0,1752.0,EUR,oecd,1752.0,1661.0,23650,0
EE,Estonia,2022,1888.0,1988.0,1888.0,EUR,oecd,1888.0,1788.0,27260,0
EE,Estonia,2023,2054.0,2221.0,2054.0,EUR,oecd,2054.0,1943.0,28080,0
EE,Estonia,2024,2198.0,2380.0,2198.0,EUR,oecd,2198.0,2079.0,28990,0
EE,Estonia,2025,2296.0,2595.0,2296.0,EUR,oecd,2296.0,2169.0,30380,0
FI,Finland,1990,1614.0,,1614.0,EUR,oecd,1614.0,,22340,0
FI,Finland,1991,1710.0,,1710.0,EUR,oecd,1710.0,,20610,0
FI,Finland,1992,1741.0,,1741.0,EUR,oecd,1741.0,,17220,0
FI,Finland,1993,1740.0,,1740.0,EUR,oecd,1740.0,,15000,0
FI,Finland,1994,1777.0,,1777.0,EUR,oecd,1777.0,,17110,0
FI,Finland,1995,1854.0,,1854.0,EUR,oecd,1854.0,,20080,0
FI,Finland,1996,1915.0,,1915.0,EUR,oecd,1915.0,,20300,0
FI,Finland,1997,1953.0,,1953.0,EUR,oecd,1953.0,,21790,0
FI,Finland,1998,2037.0,,2037.0,EUR,oecd,2037.0,,23230,0
FI,Finland,1999,2115.0,2254.0,2115.0,EUR,oecd,2115.0,,24560,0
FI,Finland,2000,2216.0,2047.0,2216.0,EUR,oecd,2216.0,2087.0,26350,0
FI,Finland,2001,2288.0,2049.0,2288.0,EUR,oecd,2288.0,2154.0,27870,0
FI,Finland,2002,2338.0,2211.0,2338.0,EUR,oecd,2338.0,2200.0,28540,0
FI,Finland,2003,2406.0,2722.0,2406.0,EUR,oecd,2406.0,2261.0,29100,0
FI,Finland,2004,2666.0,3317.0,2666.0,EUR,oecd,2666.0,2342.0,30360,0
FI,Finland,2005,2572.0,3200.0,2572.0,EUR,oecd,2572.0,2419.0,31390,0
FI,Finland,2006,2662.0,3342.0,2662.0,EUR,oecd,2662.0,2500.0,32820,0
FI,Finland,2007,2750.0,3768.0,2750.0,EUR,oecd,2750.0,2582.0,35370,0
FI,Finland,2008,2868.0,4218.0,2868.0,EUR,oecd,2868.0,2695.0,36560,0
FI,Finland,2009,2947.0,4110.0,2947.0,EUR,oecd,2947.0,2759.0,34040,0
FI,Finland,2010,3061.0,4058.0,3061.0,EUR,oecd,3061.0,2867.0,35080,0
FI,Finland,2011,3165.0,4406.0,3165.0,EUR,oecd,3165.0,2960.0,36680,0
FI,Finland,2012,3249.0,4174.0,3249.0,EUR,oecd,3249.0,3032.0,37010,0
FI,Finland,2013,3296.0,4378.0,3296.0,EUR,oecd,3296.0,3076.0,37410,0
FI,Finland,2014,3339.0,4435.0,3339.0,EUR,oecd,3339.0,3109.0,37690,0
FI,Finland,2015,3367.0,3736.0,3367.0,EUR,oecd,3367.0,3136.0,38350,0
FI,Finland,2016,3407.0,3772.0,3407.0,EUR,oecd,3407.0,3162.0,39250,0
FI,Finland,2017,3442.0,3888.0,3442.0,EUR,oecd,3442.0,3196.0,40790,0
FI,Finland,2018,3510.0,4146.0,3510.0,EUR,oecd,3510.0,3258.0,42040,0
FI,Finland,2019,3601.0,4031.0,3601.0,EUR,oecd,3601.0,3329.0,43200,0
FI,Finland,2020,3634.0,4150.0,3634.0,EUR,oecd,3634.0,3380.0,42740,0
FI,Finland,2021,3838.0,4539.0,3838.0,EUR,oecd,3838.0,3482.0,44890,0
FI,Finland,2022,3945.0,4154.0,3945.0,EUR,oecd,3945.0,3567.0,47890,0
FI,Finland,2023,4059.0,4389.0,4059.0,EUR,oecd,4059.0,3684.0,48950,0
FI,Finland,2024,4123.0,4462.0,4123.0,EUR,oecd,4123.0,3779.0,49130,0
FI,Finland,2025,4214.0,4762.0,4214.0,EUR,oecd,4214.0,3892.0,49850,0
FR,France,1990,1641.0,,1641.0,EUR,oecd,1641.0,,17020,0
FR,France,1991,1704.0,,1704.0,EUR,oecd,1704.0,,17420,0
FR,France,1992,1765.0,,1765.0,EUR,oecd,1765.0,,18290,0
FR,France,1993,1816.0,,1816.0,EUR,oecd,1816.0,,19020,0
FR,France,1994,1841.0,,1841.0,EUR,oecd,1841.0,,19740,0
FR,France,1995,1889.0,,1889.0,EUR,oecd,1889.0,,20540,0
FR,France,1996,1924.0,,1924.0,EUR,oecd,1924.0,,21130,0
FR,France,1997,1964.0,,1964.0,EUR,oecd,1964.0,,21390,0
FR,France,1998,1996.0,,1996.0,EUR,oecd,1996.0,,22280,0
FR,France,1999,2030.0,2164.0,2030.0,EUR,oecd,2030.0,,23120,0
FR,France,2000,2088.0,1929.0,2088.0,EUR,oecd,2088.0,1934.0,24260,0
FR,France,2001,2139.0,1916.0,2139.0,EUR,oecd,2139.0,1990.0,25010,0
FR,France,2002,2214.0,2093.0,2214.0,EUR,oecd,2214.0,2062.0,25610,0
FR,France,2003,2271.0,2569.0,2271.0,EUR,oecd,2271.0,2116.0,26140,0
FR,France,2004,2357.0,2931.0,2357.0,EUR,oecd,2357.0,2192.0,27140,0
FR,France,2005,2432.0,3026.0,2432.0,EUR,oecd,2432.0,2263.0,27990,0
FR,France,2006,2511.0,3152.0,2511.0,EUR,oecd,2511.0,2337.0,29120,0
FR,France,2007,2572.0,3524.0,2572.0,EUR,oecd,2572.0,2396.0,30390,0
FR,France,2008,2636.0,3877.0,2636.0,EUR,oecd,2636.0,2457.0,31040,0
FR,France,2009,2681.0,3739.0,2681.0,EUR,oecd,2681.0,2492.0,30040,0
FR,France,2010,2761.0,3660.0,2761.0,EUR,oecd,2761.0,2564.0,30830,0
FR,France,2011,2814.0,3918.0,2814.0,EUR,oecd,2814.0,2616.0,31700,0
FR,France,2012,2870.0,3687.0,2870.0,EUR,oecd,2870.0,2665.0,31950,0
FR,France,2013,2916.0,3872.0,2916.0,EUR,oecd,2916.0,2706.0,32280,0
FR,France,2014,2938.0,3904.0,2938.0,EUR,oecd,2938.0,2727.0,32620,0
FR,France,2015,2968.0,3293.0,2968.0,EUR,oecd,2968.0,2757.0,33200,0
FR,France,2016,3007.0,3328.0,3007.0,EUR,oecd,3007.0,2794.0,33530,0
FR,France,2017,3072.0,3470.0,3072.0,EUR,oecd,3072.0,2853.0,34290,0
FR,France,2018,3116.0,3680.0,3116.0,EUR,oecd,3116.0,2900.0,35080,0
FR,France,2019,3173.0,3552.0,3173.0,EUR,oecd,3173.0,2963.0,36090,0
FR,France,2020,3047.0,3480.0,3047.0,EUR,oecd,3047.0,2855.0,34230,0
FR,France,2021,3222.0,3810.0,3222.0,EUR,oecd,3222.0,3005.0,36910,0
FR,France,2022,3388.0,3568.0,3388.0,EUR,oecd,3388.0,3173.0,38870,0
FR,France,2023,3537.0,3825.0,3537.0,EUR,oecd,3537.0,3320.0,41340,0
FR,France,2024,3630.0,3929.0,3630.0,EUR,oecd,3630.0,3408.0,42680,0
FR,France,2025,3692.0,4172.0,3692.0,EUR,oecd,3692.0,3468.0,43350,0
GR,Greece,1995,734.0,,734.0,EUR,oecd,734.0,,9770,0
GR,Greece,1996,804.0,,804.0,EUR,oecd,804.0,,10580,0
GR,Greece,1997,917.0,,917.0,EUR,oecd,917.0,,11490,0
GR,Greece,1998,972.0,,972.0,EUR,oecd,972.0,,11640,0
GR,Greece,1999,1035.0,1103.0,1035.0,EUR,oecd,1035.0,,12510,0
GR,Greece,2000,1066.0,985.0,1066.0,EUR,oecd,1066.0,1055.0,12750,0
GR,Greece,2001,1126.0,1008.0,1126.0,EUR,oecd,1126.0,1101.0,13570,0
GR,Greece,2002,1307.0,1236.0,1307.0,EUR,oecd,1307.0,1207.0,14580,0
GR,Greece,2003,1418.0,1604.0,1418.0,EUR,oecd,1418.0,1311.0,15930,0
GR,Greece,2004,1448.0,1801.0,1448.0,EUR,oecd,1448.0,1372.0,17240,0
GR,Greece,2005,1530.0,1904.0,1530.0,EUR,oecd,1530.0,1473.0,17730,0
GR,Greece,2006,1617.0,2031.0,1617.0,EUR,oecd,1617.0,1551.0,19450,0
GR,Greece,2007,1681.0,2304.0,1681.0,EUR,oecd,1681.0,1607.0,20750,0
GR,Greece,2008,1720.0,2530.0,1720.0,EUR,oecd,1720.0,1644.0,21550,0
GR,Greece,2009,1808.0,2522.0,1808.0,EUR,oecd,1808.0,1718.0,21100,0
GR,Greece,2010,1767.0,2343.0,1767.0,EUR,oecd,1767.0,1676.0,20100,0
GR,Greece,2011,1705.0,2373.0,1705.0,EUR,oecd,1705.0,1615.0,18320,0
GR,Greece,2012,1622.0,2084.0,1622.0,EUR,oecd,1622.0,1525.0,16830,0
GR,Greece,2013,1490.0,1979.0,1490.0,EUR,oecd,1490.0,1396.0,16240,0
GR,Greece,2014,1450.0,1926.0,1450.0,EUR,oecd,1450.0,1351.0,16160,0
GR,Greece,2015,1442.0,1600.0,1442.0,EUR,oecd,1442.0,1344.0,16210,0
GR,Greece,2016,1398.0,1547.0,1398.0,EUR,oecd,1398.0,1301.0,16190,0
GR,Greece,2017,1403.0,1585.0,1403.0,EUR,oecd,1403.0,1307.0,16490,0
GR,Greece,2018,1347.0,1591.0,1347.0,EUR,oecd,1347.0,1259.0,16830,0
GR,Greece,2019,1351.0,1512.0,1351.0,EUR,oecd,1351.0,1262.0,17270,0
GR,Greece,2020,1338.0,1529.0,1338.0,EUR,oecd,1338.0,1260.0,15660,0
GR,Greece,2021,1354.0,1602.0,1354.0,EUR,oecd,1354.0,1282.0,17350,0
GR,Greece,2022,1390.0,1464.0,1390.0,EUR,oecd,1390.0,1322.0,19570,0
GR,Greece,2023,1438.0,1555.0,1438.0,EUR,oecd,1438.0,1377.0,21300,0
GR,Greece,2024,1519.0,1644.0,1519.0,EUR,oecd,1519.0,1455.0,22480,0
GR,Greece,2025,1567.0,1770.0,1567.0,EUR,oecd,1567.0,1511.0,23570,0
IE,Ireland,1990,1184.0,,1184.0,EUR,oecd,1184.0,,12079.0,0
IE,Ireland,1991,1266.0,,1266.0,EUR,oecd,1266.0,,12171.0,0
IE,Ireland,1992,1358.0,,1358.0,EUR,oecd,1358.0,,13572.0,0
IE,Ireland,1993,1456.0,,1456.0,EUR,oecd,1456.0,,12626.0,0
IE,Ireland,1994,1505.0,,1505.0,EUR,oecd,1505.0,,13682.0,0
IE,Ireland,1995,1574.0,,1574.0,EUR,oecd,1574.0,,14680,0
IE,Ireland,1996,1684.0,,1684.0,EUR,oecd,1684.0,,16460,0
IE,Ireland,1997,1849.0,,1849.0,EUR,oecd,1849.0,,19950,0
IE,Ireland,1998,2022.0,,2022.0,EUR,oecd,2022.0,,21690,0
IE,Ireland,1999,2127.0,2267.0,2127.0,EUR,oecd,2127.0,,24710,0
IE,Ireland,2000,2282.0,2107.0,2282.0,EUR,oecd,2282.0,2047.0,28520,0
IE,Ireland,2001,2458.0,2202.0,2458.0,EUR,oecd,2458.0,2206.0,31600,0
IE,Ireland,2002,2596.0,2455.0,2596.0,EUR,oecd,2596.0,2326.0,34590,0
IE,Ireland,2003,2769.0,3132.0,2769.0,EUR,oecd,2769.0,2474.0,36420,0
IE,Ireland,2004,2912.0,3623.0,2912.0,EUR,oecd,2912.0,2601.0,38390,0
IE,Ireland,2005,3082.0,3835.0,3082.0,EUR,oecd,3082.0,2746.0,40910,0
IE,Ireland,2006,3195.0,4012.0,3195.0,EUR,oecd,3195.0,2851.0,43280,0
IE,Ireland,2007,3390.0,4646.0,3390.0,EUR,oecd,3390.0,3015.0,44760,0
IE,Ireland,2008,3573.0,5256.0,3573.0,EUR,oecd,3573.0,3166.0,41630,0
IE,Ireland,2009,3623.0,5054.0,3623.0,EUR,oecd,3623.0,3155.0,37320,0
IE,Ireland,2010,3595.0,4766.0,3595.0,EUR,oecd,3595.0,3110.0,36660,0
IE,Ireland,2011,3759.0,5232.0,3759.0,EUR,oecd,3759.0,3238.0,37790,0
IE,Ireland,2012,3763.0,4835.0,3763.0,EUR,oecd,3763.0,3262.0,38400,0
IE,Ireland,2013,3723.0,4944.0,3723.0,EUR,oecd,3723.0,3230.0,39540,0
IE,Ireland,2014,3732.0,4958.0,3732.0,EUR,oecd,3732.0,3264.0,43070,0
IE,Ireland,2015,3771.0,4184.0,3771.0,EUR,oecd,3771.0,3307.0,57950,0
IE,Ireland,2016,3846.0,4257.0,3846.0,EUR,oecd,3846.0,3386.0,58030,0
IE,Ireland,2017,3940.0,4451.0,3940.0,EUR,oecd,3940.0,3477.0,63930,0
IE,Ireland,2018,4063.0,4798.0,4063.0,EUR,oecd,4063.0,3598.0,68490,0
IE,Ireland,2019,4218.0,4722.0,4218.0,EUR,oecd,4218.0,3735.0,73190,0
IE,Ireland,2020,4279.0,4887.0,4279.0,EUR,oecd,4279.0,3852.0,75620,0
IE,Ireland,2021,4417.0,5224.0,4417.0,EUR,oecd,4417.0,3983.0,88080,0
IE,Ireland,2022,4544.0,4785.0,4544.0,EUR,oecd,4544.0,4151.0,100630,0
IE,Ireland,2023,4903.0,5302.0,4903.0,EUR,oecd,4903.0,4310.0,98340,0
IE,Ireland,2024,5109.0,5530.0,5109.0,EUR,oecd,5109.0,4571.0,104350,0
IE,Ireland,2025,5282.0,5968.0,5282.0,EUR,oecd,5282.0,4799.0,110150,0
IT,Italy,1990,1204.0,,1204.0,EUR,oecd,1204.0,,18175.0,0
IT,Italy,1991,1297.0,,1297.0,EUR,oecd,1297.0,,19181.0,0
IT,Italy,1992,1363.0,,1363.0,EUR,oecd,1363.0,,20344.0,0
IT,Italy,1993,1414.0,,1414.0,EUR,oecd,1414.0,,16345.0,0
IT,Italy,1994,1467.0,,1467.0,EUR,oecd,1467.0,,16853.0,0
IT,Italy,1995,1522.0,,1522.0,EUR,oecd,1522.0,,15840,0
IT,Italy,1996,1598.0,,1598.0,EUR,oecd,1598.0,,18210,0
IT,Italy,1997,1674.0,,1674.0,EUR,oecd,1674.0,,19320,0
IT,Italy,1998,1712.0,,1712.0,EUR,oecd,1712.0,,19980,0
IT,Italy,1999,1759.0,1875.0,1759.0,EUR,oecd,1759.0,,20690,0
IT,Italy,2000,1814.0,1675.0,1814.0,EUR,oecd,1814.0,1691.0,21860,0
IT,Italy,2001,1873.0,1678.0,1873.0,EUR,oecd,1873.0,1749.0,22970,0
IT,Italy,2002,1910.0,1806.0,1910.0,EUR,oecd,1910.0,1786.0,23740,0
IT,Italy,2003,1958.0,2215.0,1958.0,EUR,oecd,1958.0,1827.0,24380,0
IT,Italy,2004,2048.0,2547.0,2048.0,EUR,oecd,2048.0,1893.0,25200,0
IT,Italy,2005,2114.0,2630.0,2114.0,EUR,oecd,2114.0,1951.0,25770,0
IT,Italy,2006,2185.0,2744.0,2185.0,EUR,oecd,2185.0,2011.0,26710,0
IT,Italy,2007,2232.0,3058.0,2232.0,EUR,oecd,2232.0,2052.0,27600,0
IT,Italy,2008,2302.0,3385.0,2302.0,EUR,oecd,2302.0,2110.0,27760,0
IT,Italy,2009,2304.0,3214.0,2304.0,EUR,oecd,2304.0,2114.0,26600,0
IT,Italy,2010,2361.0,3130.0,2361.0,EUR,oecd,2361.0,2161.0,27050,0
IT,Italy,2011,2392.0,3330.0,2392.0,EUR,oecd,2392.0,2184.0,27610,0
IT,Italy,2012,2379.0,3056.0,2379.0,EUR,oecd,2379.0,2159.0,27130,0
IT,Italy,2013,2412.0,3204.0,2412.0,EUR,oecd,2412.0,2178.0,26880,0
IT,Italy,2014,2430.0,3228.0,2430.0,EUR,oecd,2430.0,2189.0,27120,0
IT,Italy,2015,2456.0,2725.0,2456.0,EUR,oecd,2456.0,2217.0,27620,0
IT,Italy,2016,2479.0,2744.0,2479.0,EUR,oecd,2479.0,2234.0,28360,0
IT,Italy,2017,2490.0,2813.0,2490.0,EUR,oecd,2490.0,2244.0,29070,0
IT,Italy,2018,2508.0,2962.0,2508.0,EUR,oecd,2508.0,2272.0,29690,0
IT,Italy,2019,2537.0,2840.0,2537.0,EUR,oecd,2537.0,2297.0,30200,0
IT,Italy,2020,2421.0,2765.0,2421.0,EUR,oecd,2421.0,2197.0,28100,0
IT,Italy,2021,2581.0,3053.0,2581.0,EUR,oecd,2581.0,2351.0,31160,0
IT,Italy,2022,2676.0,2818.0,2676.0,EUR,oecd,2676.0,2443.0,33860,0
IT,Italy,2023,2746.0,2969.0,2746.0,EUR,oecd,2746.0,2512.0,36330,0
IT,Italy,2024,2820.0,3053.0,2820.0,EUR,oecd,2820.0,2597.0,37350,0
IT,Italy,2025,2894.0,3271.0,2894.0,EUR,oecd,2894.0,2669.0,38310,0
LV,Latvia,1996,180.0,,180.0,EUR,oecd,180.0,,1860,0
LV,Latvia,1997,203.0,,203.0,EUR,oecd,203.0,,2300,0
LV,Latvia,1998,220.0,,220.0,EUR,oecd,220.0,,2590,0
LV,Latvia,1999,236.0,252.0,236.0,EUR,oecd,236.0,,2870,0
LV,Latvia,2000,256.0,236.0,256.0,EUR,oecd,256.0,303.0,3560,0
LV,Latvia,2001,270.0,242.0,270.0,EUR,oecd,270.0,323.0,3930,0
LV,Latvia,2002,277.0,262.0,277.0,EUR,oecd,277.0,324.0,4260,0
LV,Latvia,2003,313.0,354.0,313.0,EUR,oecd,313.0,333.0,4380,0
LV,Latvia,2004,361.0,449.0,361.0,EUR,oecd,361.0,371.0,4960,0
LV,Latvia,2005,461.0,573.0,461.0,EUR,oecd,461.0,455.0,5910,0
LV,Latvia,2006,560.0,704.0,560.0,EUR,oecd,560.0,558.0,7410,0
LV,Latvia,2007,771.0,1057.0,771.0,EUR,oecd,771.0,752.0,9810,0
LV,Latvia,2008,903.0,1328.0,903.0,EUR,oecd,903.0,880.0,10720,0
LV,Latvia,2009,785.0,1095.0,785.0,EUR,oecd,785.0,761.0,8590,0
LV,Latvia,2010,736.0,976.0,736.0,EUR,oecd,736.0,713.0,8380,0
LV,Latvia,2011,755.0,1051.0,755.0,EUR,oecd,755.0,731.0,9240,0
LV,Latvia,2012,811.0,1042.0,811.0,EUR,oecd,811.0,796.0,10460,0
LV,Latvia,2013,855.0,1135.0,855.0,EUR,oecd,855.0,834.0,10930,0
LV,Latvia,2014,922.0,1225.0,922.0,EUR,oecd,922.0,907.0,11430,0
LV,Latvia,2015,998.0,1107.0,998.0,EUR,oecd,998.0,976.0,12010,0
LV,Latvia,2016,1060.0,1173.0,1060.0,EUR,oecd,1060.0,1038.0,12500,0
LV,Latvia,2017,1130.0,1277.0,1130.0,EUR,oecd,1130.0,1115.0,13400,0
LV,Latvia,2018,1211.0,1430.0,1211.0,EUR,oecd,1211.0,1192.0,14620,0
LV,Latvia,2019,1307.0,1463.0,1307.0,EUR,oecd,1307.0,1246.0,15450,0
LV,Latvia,2020,1358.0,1551.0,1358.0,EUR,oecd,1358.0,1281.0,15370,0
LV,Latvia,2021,1490.0,1762.0,1490.0,EUR,oecd,1490.0,1376.0,17130,0
LV,Latvia,2022,1630.0,1716.0,1630.0,EUR,oecd,1630.0,1555.0,19130,0
LV,Latvia,2023,1755.0,1898.0,1755.0,EUR,oecd,1755.0,1638.0,21030,0
LV,Latvia,2024,1921.0,2079.0,1921.0,EUR,oecd,1921.0,1804.0,21800,0
LV,Latvia,2025,2057.0,2324.0,2057.0,EUR,oecd,2057.0,1958.0,23410,0
LT,Lithuania,1995,205.0,,205.0,EUR,oecd,205.0,,1420,0
LT,Lithuania,1996,269.0,,269.0,EUR,oecd,269.0,,1840,0
LT,Lithuania,1997,326.0,,326.0,EUR,oecd,326.0,,2510,0
LT,Lithuania,1998,376.0,,376.0,EUR,oecd,376.0,,2840,0
LT,Lithuania,1999,388.0,413.0,388.0,EUR,oecd,388.0,,2930,0
LT,Lithuania,2000,383.0,353.0,383.0,EUR,oecd,383.0,284.0,3570,0
LT,Lithuania,2001,413.0,370.0,413.0,EUR,oecd,413.0,315.0,3940,0
LT,Lithuania,2002,439.0,415.0,439.0,EUR,oecd,439.0,346.0,4410,0
LT,Lithuania,2003,479.0,542.0,479.0,EUR,oecd,479.0,380.0,4880,0
LT,Lithuania,2004,531.0,660.0,531.0,EUR,oecd,531.0,423.0,5420,0
LT,Lithuania,2005,600.0,746.0,600.0,EUR,oecd,600.0,480.0,6320,0
LT,Lithuania,2006,719.0,902.0,719.0,EUR,oecd,719.0,578.0,7340,0
LT,Lithuania,2007,810.0,1110.0,810.0,EUR,oecd,810.0,653.0,8990,0
LT,Lithuania,2008,913.0,1343.0,913.0,EUR,oecd,913.0,739.0,10220,0
LT,Lithuania,2009,831.0,1159.0,831.0,EUR,oecd,831.0,669.0,8530,0
LT,Lithuania,2010,845.0,1121.0,845.0,EUR,oecd,845.0,677.0,8930,0
LT,Lithuania,2011,902.0,1256.0,902.0,EUR,oecd,902.0,718.0,10260,0
LT,Lithuania,2012,948.0,1219.0,948.0,EUR,oecd,948.0,750.0,11120,0
LT,Lithuania,2013,992.0,1317.0,992.0,EUR,oecd,992.0,788.0,11780,0
LT,Lithuania,2014,1037.0,1378.0,1037.0,EUR,oecd,1037.0,823.0,12400,0
LT,Lithuania,2015,1092.0,1211.0,1092.0,EUR,oecd,1092.0,871.0,12860,0
LT,Lithuania,2016,1157.0,1280.0,1157.0,EUR,oecd,1157.0,925.0,13490,0
LT,Lithuania,2017,1265.0,1429.0,1265.0,EUR,oecd,1265.0,1010.0,14870,0
LT,Lithuania,2018,1357.0,1602.0,1357.0,EUR,oecd,1357.0,1087.0,16300,0
LT,Lithuania,2019,1530.0,1712.0,1530.0,EUR,oecd,1530.0,1486.0,17520,0
LT,Lithuania,2020,1628.0,1860.0,1628.0,EUR,oecd,1628.0,1582.0,17890,0
LT,Lithuania,2021,1809.0,2140.0,1809.0,EUR,oecd,1809.0,1769.0,20190,0
LT,Lithuania,2022,2020.0,2127.0,2020.0,EUR,oecd,2020.0,1973.0,23690,0
LT,Lithuania,2023,2262.0,2446.0,2262.0,EUR,oecd,2262.0,2212.0,25880,0
LT,Lithuania,2024,2428.0,2628.0,2428.0,EUR,oecd,2428.0,2371.0,27350,0
LT,Lithuania,2025,2662.0,3008.0,2662.0,EUR,oecd,2662.0,2608.0,29170,0
LU,Luxembourg,1990,2176.0,,2176.0,EUR,oecd,2176.0,,29263.0,0
LU,Luxembourg,1991,2313.0,,2313.0,EUR,oecd,2313.0,,31281.0,0
LU,Luxembourg,1992,2475.0,,2475.0,EUR,oecd,2475.0,,34568.0,0
LU,Luxembourg,1993,2623.0,,2623.0,EUR,oecd,2623.0,,34941.0,0
LU,Luxembourg,1994,2735.0,,2735.0,EUR,oecd,2735.0,,38325.0,0
LU,Luxembourg,1995,2788.0,,2788.0,EUR,oecd,2788.0,,38940,0
LU,Luxembourg,1996,2867.0,,2867.0,EUR,oecd,2867.0,,39720,0
LU,Luxembourg,1997,2968.0,,2968.0,EUR,oecd,2968.0,,41130,0
LU,Luxembourg,1998,3024.0,,3024.0,EUR,oecd,3024.0,,42350,0
LU,Luxembourg,1999,3172.0,3381.0,3172.0,EUR,oecd,3172.0,,47640,0
LU,Luxembourg,2000,3377.0,3119.0,3377.0,EUR,oecd,3377.0,3141.0,52600,0
LU,Luxembourg,2001,3477.0,3114.0,3477.0,EUR,oecd,3477.0,3227.0,54040,0
LU,Luxembourg,2002,3599.0,3403.0,3599.0,EUR,oecd,3599.0,3360.0,56000,0
LU,Luxembourg,2003,3661.0,4141.0,3661.0,EUR,oecd,3661.0,3394.0,57990,0
LU,Luxembourg,2004,3789.0,4713.0,3789.0,EUR,oecd,3789.0,3520.0,61480,0
LU,Luxembourg,2005,3932.0,4892.0,3932.0,EUR,oecd,3932.0,3639.0,65020,0
LU,Luxembourg,2006,4082.0,5125.0,4082.0,EUR,oecd,4082.0,3809.0,72260,0
LU,Luxembourg,2007,4283.0,5869.0,4283.0,EUR,oecd,4283.0,3985.0,78310,0
LU,Luxembourg,2008,4391.0,6459.0,4391.0,EUR,oecd,4391.0,4087.0,81780,0
LU,Luxembourg,2009,4480.0,6248.0,4480.0,EUR,oecd,4480.0,4111.0,78380,0
LU,Luxembourg,2010,4573.0,6063.0,4573.0,EUR,oecd,4573.0,4201.0,83550,0
LU,Luxembourg,2011,4735.0,6591.0,4735.0,EUR,oecd,4735.0,4359.0,85330,0
LU,Luxembourg,2012,4787.0,6150.0,4787.0,EUR,oecd,4787.0,4420.0,87540,0
LU,Luxembourg,2013,4920.0,6535.0,4920.0,EUR,oecd,4920.0,4550.0,90030,0
LU,Luxembourg,2014,5036.0,6690.0,5036.0,EUR,oecd,5036.0,4650.0,92760,0
LU,Luxembourg,2015,5108.0,5667.0,5108.0,EUR,oecd,5108.0,4723.0,95090,0
LU,Luxembourg,2016,5132.0,5681.0,5132.0,EUR,oecd,5132.0,4760.0,96230,0
LU,Luxembourg,2017,5311.0,6000.0,5311.0,EUR,oecd,5311.0,4910.0,97440,0
LU,Luxembourg,2018,5441.0,6426.0,5441.0,EUR,oecd,5441.0,5085.0,98870,0
LU,Luxembourg,2019,5522.0,6181.0,5522.0,EUR,oecd,5522.0,5197.0,100420,0
LU,Luxembourg,2020,5624.0,6424.0,5624.0,EUR,oecd,5624.0,5260.0,102190,0
LU,Luxembourg,2021,5981.0,7074.0,5981.0,EUR,oecd,5981.0,5554.0,113920,0
LU,Luxembourg,2022,6206.0,6535.0,6206.0,EUR,oecd,6206.0,5812.0,117100,0
LU,Luxembourg,2023,6683.0,7226.0,6683.0,EUR,oecd,6683.0,6243.0,122970,0
LU,Luxembourg,2024,6941.0,7513.0,6941.0,EUR,oecd,6941.0,6470.0,127030,0
LU,Luxembourg,2025,7168.0,8100.0,7168.0,EUR,oecd,7168.0,6701.0,130300,0
NL,Netherlands,1990,2036.0,,2036.0,EUR,oecd,2036.0,,19126.0,0
NL,Netherlands,1991,2125.0,,2125.0,EUR,oecd,2125.0,,19548.0,0
NL,Netherlands,1992,2202.0,,2202.0,EUR,oecd,2202.0,,21439.0,0
NL,Netherlands,1993,2288.0,,2288.0,EUR,oecd,2288.0,,20699.0,0
NL,Netherlands,1994,2364.0,,2364.0,EUR,oecd,2364.0,,22098.0,0
NL,Netherlands,1995,2367.0,,2367.0,EUR,oecd,2367.0,,22410,0
NL,Netherlands,1996,2403.0,,2403.0,EUR,oecd,2403.0,,22900,0
NL,Netherlands,1997,2466.0,,2466.0,EUR,oecd,2466.0,,23600,0
NL,Netherlands,1998,2431.0,,2431.0,EUR,oecd,2431.0,,24960,0
NL,Netherlands,1999,2522.0,2688.0,2522.0,EUR,oecd,2522.0,,26570,0
NL,Netherlands,2000,2662.0,2459.0,2662.0,EUR,oecd,2662.0,2145.0,28390,0
NL,Netherlands,2001,2790.0,2499.0,2790.0,EUR,oecd,2790.0,2242.0,30100,0
NL,Netherlands,2002,2893.0,2736.0,2893.0,EUR,oecd,2893.0,2312.0,31140,0
NL,Netherlands,2003,2981.0,3372.0,2981.0,EUR,oecd,2981.0,2372.0,31740,0
NL,Netherlands,2004,3070.0,3819.0,3070.0,EUR,oecd,3070.0,2434.0,32650,0
NL,Netherlands,2005,3128.0,3891.0,3128.0,EUR,oecd,3128.0,2469.0,33890,0
NL,Netherlands,2006,3207.0,4027.0,3207.0,EUR,oecd,3207.0,2536.0,35940,0
NL,Netherlands,2007,3321.0,4551.0,3321.0,EUR,oecd,3321.0,2615.0,38020,0
NL,Netherlands,2008,3410.0,5015.0,3410.0,EUR,oecd,3410.0,2689.0,39600,0
NL,Netherlands,2009,3488.0,4865.0,3488.0,EUR,oecd,3488.0,2753.0,38120,0
NL,Netherlands,2010,3551.0,4708.0,3551.0,EUR,oecd,3551.0,2788.0,38700,0
NL,Netherlands,2011,3617.0,5034.0,3617.0,EUR,oecd,3617.0,2831.0,39300,0
NL,Netherlands,2012,3677.0,4724.0,3677.0,EUR,oecd,3677.0,2866.0,39290,0
NL,Netherlands,2013,3765.0,5000.0,3765.0,EUR,oecd,3765.0,2921.0,39610,0
NL,Netherlands,2014,3778.0,5019.0,3778.0,EUR,oecd,3778.0,2934.0,40240,0
NL,Netherlands,2015,3831.0,4250.0,3831.0,EUR,oecd,3831.0,2972.0,41270,0
NL,Netherlands,2016,3876.0,4291.0,3876.0,EUR,oecd,3876.0,3026.0,42290,0
NL,Netherlands,2017,3892.0,4397.0,3892.0,EUR,oecd,3892.0,3049.0,43830,0
NL,Netherlands,2018,3938.0,4651.0,3938.0,EUR,oecd,3938.0,3097.0,45690,0
NL,Netherlands,2019,4016.0,4495.0,4016.0,EUR,oecd,4016.0,3175.0,47840,0
NL,Netherlands,2020,4146.0,4735.0,4146.0,EUR,oecd,4146.0,3298.0,46810,0
NL,Netherlands,2021,4253.0,5031.0,4253.0,EUR,oecd,4253.0,3393.0,50850,0
NL,Netherlands,2022,4342.0,4572.0,4342.0,EUR,oecd,4342.0,3486.0,56140,0
NL,Netherlands,2023,4625.0,5000.0,4625.0,EUR,oecd,4625.0,3714.0,58740,0
NL,Netherlands,2024,4910.0,5315.0,4910.0,EUR,oecd,4910.0,3945.0,61980,0
NL,Netherlands,2025,5124.0,5790.0,5124.0,EUR,oecd,5124.0,4137.0,64710,0
PT,Portugal,1995,807.0,,807.0,EUR,oecd,807.0,,9080,0
PT,Portugal,1996,861.0,,861.0,EUR,oecd,861.0,,9600,0
PT,Portugal,1997,910.0,,910.0,EUR,oecd,910.0,,10220,0
PT,Portugal,1998,944.0,,944.0,EUR,oecd,944.0,,10890,0
PT,Portugal,1999,1001.0,1067.0,1001.0,EUR,oecd,1001.0,,11710,0
PT,Portugal,2000,1052.0,972.0,1052.0,EUR,oecd,1052.0,1023.0,12480,0
PT,Portugal,2001,1097.0,983.0,1097.0,EUR,oecd,1097.0,1070.0,13100,0
PT,Portugal,2002,1135.0,1073.0,1135.0,EUR,oecd,1135.0,1105.0,13680,0
PT,Portugal,2003,1173.0,1327.0,1173.0,EUR,oecd,1173.0,1141.0,13970,0
PT,Portugal,2004,1202.0,1495.0,1202.0,EUR,oecd,1202.0,1170.0,14520,0
PT,Portugal,2005,1241.0,1544.0,1241.0,EUR,oecd,1241.0,1208.0,15100,0
PT,Portugal,2006,1257.0,1578.0,1257.0,EUR,oecd,1257.0,1227.0,15800,0
PT,Portugal,2007,1308.0,1793.0,1308.0,EUR,oecd,1308.0,1272.0,16640,0
PT,Portugal,2008,1340.0,1971.0,1340.0,EUR,oecd,1340.0,1302.0,16960,0
PT,Portugal,2009,1366.0,1905.0,1366.0,EUR,oecd,1366.0,1336.0,16600,0
PT,Portugal,2010,1386.0,1837.0,1386.0,EUR,oecd,1386.0,1358.0,17010,0
PT,Portugal,2011,1377.0,1917.0,1377.0,EUR,oecd,1377.0,1331.0,16670,0
PT,Portugal,2012,1341.0,1723.0,1341.0,EUR,oecd,1341.0,1291.0,16000,0
PT,Portugal,2013,1378.0,1830.0,1378.0,EUR,oecd,1378.0,1327.0,16300,0
PT,Portugal,2014,1359.0,1805.0,1359.0,EUR,oecd,1359.0,1310.0,16620,0
PT,Portugal,2015,1368.0,1518.0,1368.0,EUR,oecd,1368.0,1318.0,17280,0
PT,Portugal,2016,1382.0,1530.0,1382.0,EUR,oecd,1382.0,1336.0,18000,0
PT,Portugal,2017,1410.0,1593.0,1410.0,EUR,oecd,1410.0,1365.0,18910,0
PT,Portugal,2018,1460.0,1724.0,1460.0,EUR,oecd,1460.0,1416.0,19840,0
PT,Portugal,2019,1537.0,1720.0,1537.0,EUR,oecd,1537.0,1491.0,20710,0
PT,Portugal,2020,1564.0,1786.0,1564.0,EUR,oecd,1564.0,1521.0,19360,0
PT,Portugal,2021,1647.0,1948.0,1647.0,EUR,oecd,1647.0,1605.0,20800,0
PT,Portugal,2022,1755.0,1849.0,1755.0,EUR,oecd,1755.0,1709.0,23300,0
PT,Portugal,2023,1926.0,2082.0,1926.0,EUR,oecd,1926.0,1870.0,25560,0
PT,Portugal,2024,2062.0,2232.0,2062.0,EUR,oecd,2062.0,2002.0,27100,0
PT,Portugal,2025,2152.0,2432.0,2152.0,EUR,oecd,2152.0,2092.0,28390,0
SK,Slovakia,1994,219.0,,219.0,EUR,oecd,219.0,,2646.0,0
SK,Slovakia,1995,258.0,,258.0,EUR,oecd,258.0,,2890,0
SK,Slovakia,1996,291.0,,291.0,EUR,oecd,291.0,,3200,0
SK,Slovakia,1997,343.0,,343.0,EUR,oecd,343.0,,3610,0
SK,Slovakia,1998,378.0,,378.0,EUR,oecd,378.0,,3790,0
SK,Slovakia,1999,406.0,432.0,406.0,EUR,oecd,406.0,,3620,0
SK,Slovakia,2000,456.0,421.0,456.0,EUR,oecd,456.0,320.0,4140,0
SK,Slovakia,2001,481.0,430.0,481.0,EUR,oecd,481.0,331.0,4440,0
SK,Slovakia,2002,520.0,492.0,520.0,EUR,oecd,520.0,364.0,4890,0
SK,Slovakia,2003,564.0,638.0,564.0,EUR,oecd,564.0,405.0,5560,0
SK,Slovakia,2004,609.0,758.0,609.0,EUR,oecd,609.0,453.0,6430,0
SK,Slovakia,2005,662.0,823.0,662.0,EUR,oecd,662.0,510.0,7280,0
SK,Slovakia,2006,719.0,903.0,719.0,EUR,oecd,719.0,575.0,8460,0
SK,Slovakia,2007,786.0,1077.0,786.0,EUR,oecd,786.0,692.0,10440,0
SK,Slovakia,2008,830.0,1220.0,830.0,EUR,oecd,830.0,789.0,12220,0
SK,Slovakia,2009,858.0,1196.0,858.0,EUR,oecd,858.0,844.0,11820,0
SK,Slovakia,2010,905.0,1200.0,905.0,EUR,oecd,905.0,886.0,12660,0
SK,Slovakia,2011,932.0,1298.0,932.0,EUR,oecd,932.0,910.0,13270,0
SK,Slovakia,2012,953.0,1225.0,953.0,EUR,oecd,953.0,932.0,13640,0
SK,Slovakia,2013,974.0,1294.0,974.0,EUR,oecd,974.0,949.0,13790,0
SK,Slovakia,2014,992.0,1318.0,992.0,EUR,oecd,992.0,962.0,14130,0
SK,Slovakia,2015,1029.0,1141.0,1029.0,EUR,oecd,1029.0,993.0,14820,0
SK,Slovakia,2016,1059.0,1172.0,1059.0,EUR,oecd,1059.0,1021.0,15030,0
SK,Slovakia,2017,1107.0,1251.0,1107.0,EUR,oecd,1107.0,1069.0,15620,0
SK,Slovakia,2018,1165.0,1375.0,1165.0,EUR,oecd,1165.0,1132.0,16580,0
SK,Slovakia,2019,1234.0,1382.0,1234.0,EUR,oecd,1234.0,1201.0,17340,0
SK,Slovakia,2020,1279.0,1461.0,1279.0,EUR,oecd,1279.0,1247.0,17270,0
SK,Slovakia,2021,1350.0,1597.0,1350.0,EUR,oecd,1350.0,1330.0,18730,0
SK,Slovakia,2022,1434.0,1510.0,1434.0,EUR,oecd,1434.0,1413.0,20150,0
SK,Slovakia,2023,1579.0,1708.0,1579.0,EUR,oecd,1579.0,1554.0,22640,0
SK,Slovakia,2024,1686.0,1825.0,1686.0,EUR,oecd,1686.0,1652.0,23850,0
SK,Slovakia,2025,1784.0,2015.0,1784.0,EUR,oecd,1784.0,1747.0,25060,0
SI,Slovenia,1995,539.0,,539.0,EUR,oecd,539.0,,8220,0
SI,Slovenia,1996,628.0,,628.0,EUR,oecd,628.0,,8500,0
SI,Slovenia,1997,718.0,,718.0,EUR,oecd,718.0,,9210,0
SI,Slovenia,1998,779.0,,779.0,EUR,oecd,779.0,,9940,0
SI,Slovenia,1999,844.0,899.0,844.0,EUR,oecd,844.0,,10650,0
SI,Slovenia,2000,928.0,857.0,928.0,EUR,oecd,928.0,1055.0,10920,0
SI,Slovenia,2001,1038.0,930.0,1038.0,EUR,oecd,1038.0,1118.0,11560,0
SI,Slovenia,2002,1118.0,1057.0,1118.0,EUR,oecd,1118.0,1160.0,12370,0
SI,Slovenia,2003,1204.0,1362.0,1204.0,EUR,oecd,1204.0,1206.0,13030,0
SI,Slovenia,2004,1303.0,1621.0,1303.0,EUR,oecd,1303.0,1265.0,13760,0
SI,Slovenia,2005,1382.0,1719.0,1382.0,EUR,oecd,1382.0,1339.0,14450,0
SI,Slovenia,2006,1459.0,1832.0,1459.0,EUR,oecd,1459.0,1410.0,15590,0
SI,Slovenia,2007,1550.0,2125.0,1550.0,EUR,oecd,1550.0,1498.0,17310,0
SI,Slovenia,2008,1665.0,2449.0,1665.0,EUR,oecd,1665.0,1608.0,18670,0
SI,Slovenia,2009,1696.0,2366.0,1696.0,EUR,oecd,1696.0,1636.0,17550,0
SI,Slovenia,2010,1774.0,2352.0,1774.0,EUR,oecd,1774.0,1702.0,17600,0
SI,Slovenia,2011,1797.0,2501.0,1797.0,EUR,oecd,1797.0,1726.0,17920,0
SI,Slovenia,2012,1766.0,2269.0,1766.0,EUR,oecd,1766.0,1703.0,17470,0
SI,Slovenia,2013,1777.0,2360.0,1777.0,EUR,oecd,1777.0,1713.0,17500,0
SI,Slovenia,2014,1806.0,2399.0,1806.0,EUR,oecd,1806.0,1738.0,18080,0
SI,Slovenia,2015,1835.0,2036.0,1835.0,EUR,oecd,1835.0,1761.0,18660,0
SI,Slovenia,2016,1898.0,2101.0,1898.0,EUR,oecd,1898.0,1824.0,19380,0
SI,Slovenia,2017,1961.0,2216.0,1961.0,EUR,oecd,1961.0,1880.0,20630,0
SI,Slovenia,2018,2036.0,2404.0,2036.0,EUR,oecd,2036.0,1954.0,21940,0
SI,Slovenia,2019,2134.0,2389.0,2134.0,EUR,oecd,2134.0,2057.0,23050,0
SI,Slovenia,2020,2203.0,2517.0,2203.0,EUR,oecd,2203.0,2131.0,22230,0
SI,Slovenia,2021,2374.0,2807.0,2374.0,EUR,oecd,2374.0,2301.0,24690,0
SI,Slovenia,2022,2499.0,2632.0,2499.0,EUR,oecd,2499.0,2420.0,26970,0
SI,Slovenia,2023,2747.0,2970.0,2747.0,EUR,oecd,2747.0,2656.0,30200,0
SI,Slovenia,2024,2917.0,3157.0,2917.0,EUR,oecd,2917.0,2812.0,31700,0
SI,Slovenia,2025,3131.0,3538.0,3131.0,EUR,oecd,3131.0,3033.0,33060,0
ES,Spain,1990,959.0,,959.0,EUR,oecd,959.0,,12100.0,0
ES,Spain,1991,1053.0,,1053.0,EUR,oecd,1053.0,,12987.0,0
ES,Spain,1992,1164.0,,1164.0,EUR,oecd,1164.0,,14150.0,0
ES,Spain,1993,1245.0,,1245.0,EUR,oecd,1245.0,,11850.0,0
ES,Spain,1994,1319.0,,1319.0,EUR,oecd,1319.0,,11858.0,0
ES,Spain,1995,1355.0,,1355.0,EUR,oecd,1355.0,,11830,0
ES,Spain,1996,1415.0,,1415.0,EUR,oecd,1415.0,,12690,0
ES,Spain,1997,1453.0,,1453.0,EUR,oecd,1453.0,,13000,0
ES,Spain,1998,1486.0,,1486.0,EUR,oecd,1486.0,,13750,0
ES,Spain,1999,1515.0,1615.0,1515.0,EUR,oecd,1515.0,,14740,0
ES,Spain,2000,1542.0,1424.0,1542.0,EUR,oecd,1542.0,1475.0,15970,0
ES,Spain,2001,1588.0,1422.0,1588.0,EUR,oecd,1588.0,1519.0,17190,0
ES,Spain,2002,1638.0,1549.0,1638.0,EUR,oecd,1638.0,1566.0,18100,0
ES,Spain,2003,1683.0,1903.0,1683.0,EUR,oecd,1683.0,1607.0,19020,0
ES,Spain,2004,1720.0,2139.0,1720.0,EUR,oecd,1720.0,1637.0,20070,0
ES,Spain,2005,1785.0,2220.0,1785.0,EUR,oecd,1785.0,1678.0,21260,0
ES,Spain,2006,1839.0,2310.0,1839.0,EUR,oecd,1839.0,1729.0,22650,0
ES,Spain,2007,1922.0,2634.0,1922.0,EUR,oecd,1922.0,1808.0,23820,0
ES,Spain,2008,2063.0,3034.0,2063.0,EUR,oecd,2063.0,1937.0,24190,0
ES,Spain,2009,2174.0,3032.0,2174.0,EUR,oecd,2174.0,2030.0,23140,0
ES,Spain,2010,2200.0,2917.0,2200.0,EUR,oecd,2200.0,2046.0,23130,0
ES,Spain,2011,2212.0,3079.0,2212.0,EUR,oecd,2212.0,2050.0,22870,0
ES,Spain,2012,2202.0,2828.0,2202.0,EUR,oecd,2202.0,2026.0,22160,0
ES,Spain,2013,2218.0,2945.0,2218.0,EUR,oecd,2218.0,2021.0,22020,0
ES,Spain,2014,2215.0,2943.0,2215.0,EUR,oecd,2215.0,2020.0,22380,0
ES,Spain,2015,2253.0,2499.0,2253.0,EUR,oecd,2253.0,2061.0,23440,0
ES,Spain,2016,2244.0,2484.0,2244.0,EUR,oecd,2244.0,2057.0,24190,0
ES,Spain,2017,2249.0,2541.0,2249.0,EUR,oecd,2249.0,2069.0,25160,0
ES,Spain,2018,2276.0,2688.0,2276.0,EUR,oecd,2276.0,2101.0,25950,0
ES,Spain,2019,2335.0,2613.0,2335.0,EUR,oecd,2335.0,2158.0,26620,0
ES,Spain,2020,2310.0,2639.0,2310.0,EUR,oecd,2310.0,2149.0,23850,0
ES,Spain,2021,2457.0,2906.0,2457.0,EUR,oecd,2457.0,2267.0,26090,0
ES,Spain,2022,2577.0,2713.0,2577.0,EUR,oecd,2577.0,2391.0,28790,0
ES,Spain,2023,2690.0,2908.0,2690.0,EUR,oecd,2690.0,2500.0,30980,0
ES,Spain,2024,2814.0,3046.0,2814.0,EUR,oecd,2814.0,2615.0,32630,0
ES,Spain,2025,2927.0,3307.0,2927.0,EUR,oecd,2927.0,2725.0,34210,0
CZ,Czechia,1995,,,9066.0,CZK,oecd,,,4490,0
CZ,Czechia,1996,,,10649.0,CZK,oecd,,,5180,0
CZ,Czechia,1997,,,11743.0,CZK,oecd,,,5350,0
CZ,Czechia,1998,,,12711.0,CZK,oecd,,,5840,0
CZ,Czechia,1999,366.0,390.0,13484.0,CZK,oecd,366.0,,5980,0
CZ,Czechia,2000,407.0,376.0,14488.0,CZK,oecd,407.0,401.0,6560,0
CZ,Czechia,2001,463.0,415.0,15767.0,CZK,oecd,463.0,456.0,7440,0
CZ,Czechia,2002,550.0,520.0,16939.0,CZK,oecd,550.0,542.0,8610,0
CZ,Czechia,2003,573.0,648.0,18253.0,CZK,oecd,573.0,564.0,8720,0
CZ,Czechia,2004,619.0,770.0,19730.0,CZK,oecd,619.0,610.0,9490,0
CZ,Czechia,2005,690.0,858.0,20538.0,CZK,oecd,690.0,679.0,10790,0
CZ,Czechia,2006,767.0,963.0,21738.0,CZK,oecd,767.0,755.0,12130,0
CZ,Czechia,2007,830.0,1138.0,23046.0,CZK,oecd,830.0,816.0,13460,0
CZ,Czechia,2008,972.0,1429.0,24237.0,CZK,oecd,972.0,955.0,15520,0
CZ,Czechia,2009,921.0,1285.0,24353.0,CZK,oecd,921.0,904.0,14230,0
CZ,Czechia,2010,997.0,1322.0,25219.0,CZK,oecd,997.0,977.0,15170,0
CZ,Czechia,2011,1052.0,1464.0,25857.0,CZK,oecd,1052.0,1032.0,15870,0
CZ,Czechia,2012,1049.0,1348.0,26380.0,CZK,oecd,1049.0,1028.0,15590,0
CZ,Czechia,2013,1015.0,1348.0,26372.0,CZK,oecd,1015.0,992.0,15280,0
CZ,Czechia,2014,986.0,1310.0,27161.0,CZK,oecd,986.0,964.0,15140,0
CZ,Czechia,2015,1026.0,1138.0,27985.0,CZK,oecd,1026.0,1003.0,16230,0
CZ,Czechia,2016,1086.0,1202.0,29359.0,CZK,oecd,1086.0,1060.0,17040,0
CZ,Czechia,2017,1202.0,1358.0,31637.0,CZK,oecd,1202.0,1170.0,18700,0
CZ,Czechia,2018,1334.0,1575.0,34203.0,CZK,oecd,1334.0,1298.0,20270,0
CZ,Czechia,2019,1434.0,1605.0,36808.0,CZK,oecd,1434.0,1398.0,21740,0
CZ,Czechia,2020,1424.0,1626.0,37671.0,CZK,oecd,1424.0,1393.0,20980,0
CZ,Czechia,2021,1563.0,1848.0,40069.0,CZK,oecd,1563.0,1526.0,23430,0
CZ,Czechia,2022,1772.0,1866.0,43522.0,CZK,oecd,1772.0,1723.0,26670,0
CZ,Czechia,2023,1946.0,2104.0,46717.0,CZK,oecd,1946.0,1894.0,29330,0
CZ,Czechia,2024,1981.0,2144.0,49769.0,CZK,oecd,1981.0,1909.0,29510,0
CZ,Czechia,2025,2158.0,2438.0,53265.0,CZK,oecd,2158.0,2055.0,31880,0
DK,Denmark,1990,,,16730.0,DKK,oecd,,,23819.0,0
DK,Denmark,1991,,,17291.0,DKK,oecd,,,23933.0,0
DK,Denmark,1992,,,18086.0,DKK,oecd,,,26224.0,0
DK,Denmark,1993,,,18481.0,DKK,oecd,,,24447.0,0
DK,Denmark,1994,,,18304.0,DKK,oecd,,,26569.0,0
DK,Denmark,1995,,,19040.0,DKK,oecd,,,27020,0
DK,Denmark,1996,,,19711.0,DKK,oecd,,,28070,0
DK,Denmark,1997,,,20400.0,DKK,oecd,,,28930,0
DK,Denmark,1998,,,21069.0,DKK,oecd,,,29800,0
DK,Denmark,1999,2921.0,3113.0,21720.0,DKK,oecd,2921.0,,31370,0
DK,Denmark,2000,2993.0,2764.0,22306.0,DKK,oecd,2993.0,2711.0,33320,0
DK,Denmark,2001,3082.0,2760.0,22965.0,DKK,oecd,3082.0,2809.0,34370,0
DK,Denmark,2002,3220.0,3044.0,23923.0,DKK,oecd,3220.0,2912.0,35340,0
DK,Denmark,2003,3338.0,3776.0,24807.0,DKK,oecd,3338.0,3006.0,35930,0
DK,Denmark,2004,3449.0,4290.0,25660.0,DKK,oecd,3449.0,3087.0,37560,0
DK,Denmark,2005,3558.0,4426.0,26512.0,DKK,oecd,3558.0,3180.0,39380,0
DK,Denmark,2006,3693.0,4637.0,27546.0,DKK,oecd,3693.0,3283.0,41560,0
DK,Denmark,2007,3805.0,5215.0,28350.0,DKK,oecd,3805.0,3414.0,42850,0
DK,Denmark,2008,3967.0,5834.0,29576.0,DKK,oecd,3967.0,3532.0,44190,0
DK,Denmark,2009,4091.0,5706.0,30460.0,DKK,oecd,4091.0,3639.0,42060,0
DK,Denmark,2010,4232.0,5610.0,31514.0,DKK,oecd,4232.0,3757.0,43880,0
DK,Denmark,2011,4309.0,5998.0,32103.0,DKK,oecd,4309.0,3819.0,44540,0
DK,Denmark,2012,4411.0,5667.0,32833.0,DKK,oecd,4411.0,3902.0,45490,0
DK,Denmark,2013,4467.0,5932.0,33312.0,DKK,oecd,4467.0,3952.0,46240,0
DK,Denmark,2014,4588.0,6095.0,34200.0,DKK,oecd,4588.0,4037.0,47070,0
DK,Denmark,2015,4669.0,5180.0,34822.0,DKK,oecd,4669.0,4092.0,47900,0
DK,Denmark,2016,4734.0,5240.0,35248.0,DKK,oecd,4734.0,4141.0,49270,0
DK,Denmark,2017,4816.0,5441.0,35825.0,DKK,oecd,4816.0,4220.0,51060,0
DK,Denmark,2018,4881.0,5765.0,36381.0,DKK,oecd,4881.0,4291.0,51950,0
DK,Denmark,2019,4943.0,5534.0,36905.0,DKK,oecd,4943.0,4349.0,53040,0
DK,Denmark,2020,5041.0,5758.0,37579.0,DKK,oecd,5041.0,4449.0,53540,0
DK,Denmark,2021,5181.0,6128.0,38533.0,DKK,oecd,5181.0,4599.0,58640,0
DK,Denmark,2022,5352.0,5636.0,39820.0,DKK,oecd,5352.0,4727.0,64430,0
DK,Denmark,2023,5580.0,6033.0,41575.0,DKK,oecd,5580.0,4912.0,62760,0
DK,Denmark,2024,5879.0,6364.0,43854.0,DKK,oecd,5879.0,5130.0,66970,0
DK,Denmark,2025,6035.0,6820.0,45043.0,DKK,oecd,6035.0,5287.0,69550,0
HU,Hungary,1995,,,46649.0,HUF,oecd,,,3450,0
HU,Hungary,1996,,,57395.0,HUF,oecd,,,3580,0
HU,Hungary,1997,,,69373.0,HUF,oecd,,,4070,0
HU,Hungary,1998,,,80622.0,HUF,oecd,,,4230,0
HU,Hungary,1999,350.0,373.0,88499.0,HUF,oecd,350.0,,4510,0
HU,Hungary,2000,396.0,366.0,102913.0,HUF,oecd,396.0,390.0,5020,0
HU,Hungary,2001,473.0,424.0,121417.0,HUF,oecd,473.0,467.0,5900,0
HU,Hungary,2002,557.0,527.0,135288.0,HUF,oecd,557.0,549.0,7070,0
HU,Hungary,2003,601.0,680.0,152517.0,HUF,oecd,601.0,591.0,7440,0
HU,Hungary,2004,683.0,850.0,171884.0,HUF,oecd,683.0,672.0,8290,0
HU,Hungary,2005,750.0,933.0,185933.0,HUF,oecd,750.0,737.0,9020,0
HU,Hungary,2006,740.0,929.0,195480.0,HUF,oecd,740.0,729.0,9140,0
HU,Hungary,2007,822.0,1127.0,206682.0,HUF,oecd,822.0,810.0,10180,0
HU,Hungary,2008,884.0,1299.0,222217.0,HUF,oecd,884.0,869.0,10790,0
HU,Hungary,2009,779.0,1086.0,218237.0,HUF,oecd,779.0,764.0,9420,0
HU,Hungary,2010,837.0,1109.0,230531.0,HUF,oecd,837.0,820.0,9960,0
HU,Hungary,2011,864.0,1203.0,241498.0,HUF,oecd,864.0,842.0,10230,0
HU,Hungary,2012,852.0,1095.0,246549.0,HUF,oecd,852.0,831.0,10090,0
HU,Hungary,2013,833.0,1107.0,247360.0,HUF,oecd,833.0,813.0,10350,0
HU,Hungary,2014,798.0,1060.0,246405.0,HUF,oecd,798.0,780.0,10810,0
HU,Hungary,2015,807.0,895.0,250017.0,HUF,oecd,807.0,789.0,11520,0
HU,Hungary,2016,824.0,912.0,256580.0,HUF,oecd,824.0,808.0,11950,0
HU,Hungary,2017,918.0,1037.0,283954.0,HUF,oecd,918.0,902.0,13080,0
HU,Hungary,2018,966.0,1141.0,308068.0,HUF,oecd,966.0,949.0,14070,0
HU,Hungary,2019,1048.0,1173.0,340853.0,HUF,oecd,1048.0,1028.0,15200,0
HU,Hungary,2020,1030.0,1177.0,361928.0,HUF,oecd,1030.0,1010.0,14370,0
HU,Hungary,2021,1099.0,1300.0,394182.0,HUF,oecd,1099.0,1078.0,16090,0
HU,Hungary,2022,1201.0,1264.0,469800.0,HUF,oecd,1201.0,1178.0,17550,0
HU,Hungary,2023,1420.0,1535.0,542155.0,HUF,oecd,1420.0,1393.0,20540,0
HU,Hungary,2024,1544.0,1672.0,610530.0,HUF,oecd,1544.0,1514.0,21560,0
HU,Hungary,2025,1677.0,1895.0,667226.0,HUF,oecd,1677.0,1642.0,23000,0
IS,Iceland,1990,,,160691.0,ISK,oecd,,,23393.0,0
IS,Iceland,1991,,,184923.0,ISK,oecd,,,24814.0,0
IS,Iceland,1992,,,184866.0,ISK,oecd,,,25020.0,0
IS,Iceland,1993,,,181496.0,ISK,oecd,,,21717.0,0
IS,Iceland,1994,,,188166.0,ISK,oecd,,,22073.0,0
IS,Iceland,1995,,,196923.0,ISK,oecd,,,21060,0
IS,Iceland,1996,,,209013.0,ISK,oecd,,,22450,0
IS,Iceland,1997,,,220398.0,ISK,oecd,,,25110,0
IS,Iceland,1998,,,245708.0,ISK,oecd,,,28070,0
IS,Iceland,1999,3440.0,3666.0,265513.0,ISK,oecd,3440.0,,30770,0
IS,Iceland,2000,3986.0,3682.0,289333.0,ISK,oecd,3986.0,2707.0,35210,0
IS,Iceland,2001,3547.0,3177.0,310100.0,ISK,oecd,3547.0,2449.0,32550,0
IS,Iceland,2002,3903.0,3690.0,336344.0,ISK,oecd,3903.0,2675.0,34840,0
IS,Iceland,2003,3824.0,4325.0,331329.0,ISK,oecd,3824.0,2765.0,35360,0
IS,Iceland,2004,4170.0,5187.0,363339.0,ISK,oecd,4170.0,2970.0,38510,0
IS,Iceland,2005,5071.0,6308.0,396657.0,ISK,oecd,5071.0,3349.0,46530,0
IS,Iceland,2006,5104.0,6408.0,447893.0,ISK,oecd,5104.0,3343.0,46520,0
IS,Iceland,2007,5514.0,7557.0,483239.0,ISK,oecd,5514.0,3664.0,51520,0
IS,Iceland,2008,3408.0,5013.0,490201.0,ISK,oecd,3408.0,2297.0,35150,0
IS,Iceland,2009,2788.0,3889.0,480040.0,ISK,oecd,2788.0,1903.0,29700,0
IS,Iceland,2010,3177.0,4211.0,513422.0,ISK,oecd,3177.0,2114.0,33410,0
IS,Iceland,2011,3472.0,4833.0,559680.0,ISK,oecd,3472.0,2298.0,35390,0
IS,Iceland,2012,3646.0,4684.0,586028.0,ISK,oecd,3646.0,2425.0,36980,0
IS,Iceland,2013,3807.0,5057.0,617052.0,ISK,oecd,3807.0,2537.0,38460,0
IS,Iceland,2014,4146.0,5508.0,639011.0,ISK,oecd,4146.0,2767.0,42350,0
IS,Iceland,2015,4722.0,5239.0,685968.0,ISK,oecd,4722.0,3154.0,49180,0
IS,Iceland,2016,5601.0,6200.0,746697.0,ISK,oecd,5601.0,3679.0,57900,0
IS,Iceland,2017,6688.0,7555.0,811348.0,ISK,oecd,6688.0,4282.0,65850,0
IS,Iceland,2018,6958.0,8217.0,889820.0,ISK,oecd,6958.0,4297.0,65330,0
IS,Iceland,2019,6555.0,7338.0,899836.0,ISK,oecd,6555.0,4131.0,63430,0
IS,Iceland,2020,5684.0,6492.0,878697.0,ISK,oecd,5684.0,3752.0,54190,0
IS,Iceland,2021,6377.0,7542.0,957553.0,ISK,oecd,6377.0,4188.0,61360,0
IS,Iceland,2022,7767.0,8179.0,1104752.0,ISK,oecd,7767.0,4783.0,74980,0
IS,Iceland,2023,8238.0,8908.0,1228589.0,ISK,oecd,8238.0,4925.0,77270,0
IS,Iceland,2024,8761.0,9483.0,1308101.0,ISK,oecd,8761.0,5151.0,79320,0
IS,Iceland,2025,9655.0,10911.0,1396730.0,ISK,oecd,9655.0,5643.0,87410,0
NO,Norway,1990,,,15259.0,NOK,oecd,,,22160,0
NO,Norway,1991,,,15991.0,NOK,oecd,,,22990,0
NO,Norway,1992,,,16560.0,NOK,oecd,,,23440,0
NO,Norway,1993,,,17130.0,NOK,oecd,,,23730,0
NO,Norway,1994,,,17649.0,NOK,oecd,,,24550,0
NO,Norway,1995,,,18229.0,NOK,oecd,,,26500,0
NO,Norway,1996,,,19011.0,NOK,oecd,,,29170,0
NO,Norway,1997,,,19897.0,NOK,oecd,,,32040,0
NO,Norway,1998,,,21144.0,NOK,oecd,,,30760,0
NO,Norway,1999,2679.0,2855.0,22261.0,NOK,oecd,2679.0,,33930,0
NO,Norway,2000,2848.0,2631.0,23107.0,NOK,oecd,2848.0,2522.0,41220,0
NO,Norway,2001,3014.0,2700.0,24261.0,NOK,oecd,3014.0,2669.0,42960,0
NO,Norway,2002,3392.0,3208.0,25472.0,NOK,oecd,3392.0,2999.0,45770,0
NO,Norway,2003,3310.0,3744.0,26494.0,NOK,oecd,3310.0,2923.0,44420,0
NO,Norway,2004,3302.0,4107.0,27633.0,NOK,oecd,3302.0,2910.0,46590,0
NO,Norway,2005,3582.0,4456.0,28688.0,NOK,oecd,3582.0,3162.0,54190,0
NO,Norway,2006,3763.0,4724.0,30279.0,NOK,oecd,3763.0,3305.0,59810,0
NO,Norway,2007,3981.0,5456.0,31913.0,NOK,oecd,3981.0,3506.0,63320,0
NO,Norway,2008,4090.0,6015.0,33631.0,NOK,oecd,4090.0,3608.0,67900,0
NO,Norway,2009,3993.0,5569.0,34846.0,NOK,oecd,3993.0,3522.0,59030,0
NO,Norway,2010,4503.0,5970.0,36046.0,NOK,oecd,4503.0,3977.0,67980,0
NO,Norway,2011,4836.0,6731.0,37685.0,NOK,oecd,4836.0,4271.0,74470,0
NO,Norway,2012,5229.0,6718.0,39087.0,NOK,oecd,5229.0,4630.0,81420,0
NO,Norway,2013,5209.0,6918.0,40664.0,NOK,oecd,5209.0,4618.0,80020,0
NO,Norway,2014,4999.0,6641.0,41763.0,NOK,oecd,4999.0,4436.0,75740,0
NO,Norway,2015,4798.0,5323.0,42937.0,NOK,oecd,4798.0,4249.0,69560,0
NO,Norway,2016,4668.0,5167.0,43372.0,NOK,oecd,4668.0,4142.0,66180,0
NO,Norway,2017,4732.0,5346.0,44138.0,NOK,oecd,4732.0,4212.0,69860,0
NO,Norway,2018,4726.0,5581.0,45355.0,NOK,oecd,4726.0,4213.0,72510,0
NO,Norway,2019,4793.0,5365.0,47214.0,NOK,oecd,4793.0,4249.0,70860,0
NO,Norway,2020,4486.0,5124.0,48099.0,NOK,oecd,4486.0,3985.0,62400,0
NO,Norway,2021,4995.0,5908.0,50768.0,NOK,oecd,4995.0,4400.0,81520,0
NO,Norway,2022,5234.0,5512.0,52880.0,NOK,oecd,5234.0,4597.0,107660,0
NO,Norway,2023,4877.0,5273.0,55714.0,NOK,oecd,4877.0,4272.0,84120,0
NO,Norway,2024,5017.0,5431.0,58348.0,NOK,oecd,5017.0,4421.0,83070,0
NO,Norway,2025,5225.0,5904.0,61226.0,NOK,oecd,5225.0,4596.0,83860,0
SE,Sweden,1990,,,13242.0,SEK,oecd,,,26712.0,0
SE,Sweden,1991,,,13935.0,SEK,oecd,,,27818.0,0
SE,Sweden,1992,,,14707.0,SEK,oecd,,,28756.0,0
SE,Sweden,1993,,,15297.0,SEK,oecd,,,20820,0
SE,Sweden,1994,,,16088.0,SEK,oecd,,,21920,0
SE,Sweden,1995,,,16609.0,SEK,oecd,,,23120,0
SE,Sweden,1996,,,17742.0,SEK,oecd,,,26000,0
SE,Sweden,1997,,,18704.0,SEK,oecd,,,26760,0
SE,Sweden,1998,,,19414.0,SEK,oecd,,,27290,0
SE,Sweden,1999,2283.0,2434.0,20112.0,SEK,oecd,2283.0,,29050,0
SE,Sweden,2000,2490.0,2300.0,21032.0,SEK,oecd,2490.0,2311.0,32150,0
SE,Sweden,2001,2347.0,2102.0,21725.0,SEK,oecd,2347.0,2178.0,30420,0
SE,Sweden,2002,2442.0,2309.0,22372.0,SEK,oecd,2442.0,2265.0,31830,0
SE,Sweden,2003,2520.0,2850.0,22993.0,SEK,oecd,2520.0,2333.0,33050,0
SE,Sweden,2004,2615.0,3253.0,23861.0,SEK,oecd,2615.0,2413.0,34440,0
SE,Sweden,2005,2657.0,3305.0,24659.0,SEK,oecd,2657.0,2458.0,34930,0
SE,Sweden,2006,2762.0,3467.0,25556.0,SEK,oecd,2762.0,2559.0,37090,0
SE,Sweden,2007,2893.0,3965.0,26764.0,SEK,oecd,2893.0,2676.0,39150,0
SE,Sweden,2008,2925.0,4302.0,28122.0,SEK,oecd,2925.0,2700.0,38270,0
SE,Sweden,2009,2712.0,3782.0,28794.0,SEK,oecd,2712.0,2501.0,33670,0
SE,Sweden,2010,3095.0,4102.0,29513.0,SEK,oecd,3095.0,2859.0,39710,0
SE,Sweden,2011,3364.0,4682.0,30373.0,SEK,oecd,3364.0,3109.0,43420,0
SE,Sweden,2012,3584.0,4605.0,31196.0,SEK,oecd,3584.0,3317.0,44960,0
SE,Sweden,2013,3668.0,4871.0,31731.0,SEK,oecd,3668.0,3393.0,45820,0
SE,Sweden,2014,3561.0,4730.0,32397.0,SEK,oecd,3561.0,3297.0,44930,0
SE,Sweden,2015,3549.0,3938.0,33195.0,SEK,oecd,3549.0,3286.0,46160,0
SE,Sweden,2016,3587.0,3971.0,33967.0,SEK,oecd,3587.0,3324.0,46790,0
SE,Sweden,2017,3607.0,4075.0,34756.0,SEK,oecd,3607.0,3341.0,47210,0
SE,Sweden,2018,3488.0,4119.0,35783.0,SEK,oecd,3488.0,3233.0,45770,0
SE,Sweden,2019,3487.0,3904.0,36926.0,SEK,oecd,3487.0,3230.0,46110,0
SE,Sweden,2020,3599.0,4111.0,37736.0,SEK,oecd,3599.0,3333.0,46180,0
SE,Sweden,2021,3888.0,4598.0,39449.0,SEK,oecd,3888.0,3607.0,51260,0
SE,Sweden,2022,3831.0,4035.0,40727.0,SEK,oecd,3831.0,3541.0,51980,0
SE,Sweden,2023,3683.0,3982.0,42276.0,SEK,oecd,3683.0,3403.0,50490,0
SE,Sweden,2024,3843.0,4160.0,43939.0,SEK,oecd,3843.0,3530.0,53010,0
SE,Sweden,2025,4113.0,4647.0,45514.0,SEK,oecd,4113.0,3768.0,56330,0
CH,Switzerland,1990,,,4690.0,CHF,oecd,,,35785.0,0
CH,Switzerland,1991,,,5030.0,CHF,oecd,,,35764.0,0
CH,Switzerland,1992,,,5267.0,CHF,oecd,,,36721.0,0
CH,Switzerland,1993,,,5441.0,CHF,oecd,,,35397.0,0
CH,Switzerland,1994,,,5510.0,CHF,oecd,,,38847.0,0
CH,Switzerland,1995,,,5639.0,CHF,oecd,,,38590,0
CH,Switzerland,1996,,,5576.0,CHF,oecd,,,38170,0
CH,Switzerland,1997,,,5725.0,CHF,oecd,,,36880,0
CH,Switzerland,1998,,,5767.0,CHF,oecd,,,38220,0
CH,Switzerland,1999,3664.0,3905.0,5863.0,CHF,oecd,3664.0,,39280,0
CH,Switzerland,2000,3862.0,3567.0,6017.0,CHF,oecd,3862.0,3318.0,42200,0
CH,Switzerland,2001,4216.0,3776.0,6369.0,CHF,oecd,4216.0,3548.0,44480,0
CH,Switzerland,2002,4408.0,4168.0,6467.0,CHF,oecd,4408.0,3707.0,45440,0
CH,Switzerland,2003,4286.0,4848.0,6520.0,CHF,oecd,4286.0,3589.0,43890,0
CH,Switzerland,2004,4195.0,5218.0,6476.0,CHF,oecd,4195.0,3531.0,44260,0
CH,Switzerland,2005,4292.0,5340.0,6646.0,CHF,oecd,4292.0,3591.0,45600,0
CH,Switzerland,2006,4308.0,5409.0,6775.0,CHF,oecd,4308.0,3604.0,47440,0
CH,Switzerland,2007,4235.0,5804.0,6957.0,CHF,oecd,4235.0,3553.0,47970,0
CH,Switzerland,2008,4508.0,6631.0,7156.0,CHF,oecd,4508.0,3770.0,50980,0
CH,Switzerland,2009,4791.0,6682.0,7234.0,CHF,oecd,4791.0,4022.0,52210,0
CH,Switzerland,2010,5206.0,6902.0,7186.0,CHF,oecd,5206.0,4430.0,58790,0
CH,Switzerland,2011,5856.0,8152.0,7219.0,CHF,oecd,5856.0,5007.0,66240,0
CH,Switzerland,2012,6028.0,7745.0,7266.0,CHF,oecd,6028.0,5148.0,67900,0
CH,Switzerland,2013,5961.0,7917.0,7339.0,CHF,oecd,5961.0,5094.0,66900,0
CH,Switzerland,2014,6024.0,8002.0,7316.0,CHF,oecd,6024.0,5140.0,68270,0
CH,Switzerland,2015,6799.0,7544.0,7261.0,CHF,oecd,6799.0,5819.0,76770,0
CH,Switzerland,2016,6638.0,7347.0,7236.0,CHF,oecd,6638.0,5680.0,75360,0
CH,Switzerland,2017,6520.0,7365.0,7248.0,CHF,oecd,6520.0,5582.0,74010,0
CH,Switzerland,2018,6337.0,7484.0,7319.0,CHF,oecd,6337.0,5431.0,73630,0
CH,Switzerland,2019,6681.0,7479.0,7432.0,CHF,oecd,6681.0,5719.0,76680,0
CH,Switzerland,2020,6754.0,7714.0,7230.0,CHF,oecd,6754.0,5799.0,76710,0
CH,Switzerland,2021,6975.0,8250.0,7541.0,CHF,oecd,6975.0,6010.0,81610,0
CH,Switzerland,2022,7786.0,8199.0,7823.0,CHF,oecd,7786.0,6750.0,92900,0
CH,Switzerland,2023,8174.0,8838.0,7944.0,CHF,oecd,8174.0,7093.0,96280,0
CH,Switzerland,2024,8549.0,9253.0,8144.0,CHF,oecd,8549.0,7412.0,99430,0
CH,Switzerland,2025,8745.0,9882.0,8194.0,CHF,oecd,8745.0,7588.0,101810,0
GB,United Kingdom,1990,,,1147.0,GBP,oecd,,,18568.0,0
GB,United Kingdom,1991,,,1253.0,GBP,oecd,,,19297.0,0
GB,United Kingdom,1992,,,1322.0,GBP,oecd,,,19882.0,0
GB,United Kingdom,1993,,,1373.0,GBP,oecd,,,17771.0,0
GB,United Kingdom,1994,,,1420.0,GBP,oecd,,,19055.0,0
GB,United Kingdom,1995,,,1465.0,GBP,oecd,,,20580.0,0
GB,United Kingdom,1996,,,1516.0,GBP,oecd,,,21708.0,0
GB,United Kingdom,1997,,,1605.0,GBP,oecd,,,23821.0,0
GB,United Kingdom,1998,,,1652.0,GBP,oecd,,,25137.0,0
GB,United Kingdom,1999,2651.0,2826.0,1747.0,GBP,oecd,2651.0,,27077.0,0
GB,United Kingdom,2000,3009.0,2779.0,1834.0,GBP,oecd,3009.0,,30731.0,0
GB,United Kingdom,2001,3100.0,2776.0,1928.0,GBP,oecd,3100.0,,31278.0,0
GB,United Kingdom,2002,3122.0,2952.0,1963.0,GBP,oecd,3122.0,,31895.0,0
GB,United Kingdom,2003,2967.0,3356.0,2053.0,GBP,oecd,2967.0,,30550.0,0
GB,United Kingdom,2004,3174.0,3949.0,2154.0,GBP,oecd,3174.0,,32562.0,0
GB,United Kingdom,2005,3246.0,4039.0,2220.0,GBP,oecd,3246.0,,33953.0,0
GB,United Kingdom,2006,3415.0,4288.0,2328.0,GBP,oecd,3415.0,,35597.0,0
GB,United Kingdom,2007,3604.0,4939.0,2466.0,GBP,oecd,3604.0,,36943.0,0
GB,United Kingdom,2008,3136.0,4612.0,2497.0,GBP,oecd,3136.0,,32400.0,0
GB,United Kingdom,2009,2821.0,3935.0,2513.0,GBP,oecd,2821.0,,27968.0,0
GB,United Kingdom,2010,2970.0,3937.0,2548.0,GBP,oecd,2970.0,,30005.0,0
GB,United Kingdom,2011,2989.0,4160.0,2594.0,GBP,oecd,2989.0,,30386.0,0
GB,United Kingdom,2012,3225.0,4143.0,2615.0,GBP,oecd,3225.0,,33226.0,0
GB,United Kingdom,2013,3170.0,4210.0,2692.0,GBP,oecd,3170.0,,32834.0,0
GB,United Kingdom,2014,3392.0,4507.0,2735.0,GBP,oecd,3392.0,,35940.0,0
GB,United Kingdom,2015,3804.0,4221.0,2761.0,GBP,oecd,3804.0,,40789.0,0
GB,United Kingdom,2016,3455.0,3824.0,2831.0,GBP,oecd,3455.0,,37274.0,0
GB,United Kingdom,2017,3308.0,3737.0,2900.0,GBP,oecd,3308.0,,36221.0,0
GB,United Kingdom,2018,3351.0,3957.0,2965.0,GBP,oecd,3351.0,,37008.0,0
GB,United Kingdom,2019,3473.0,3888.0,3049.0,GBP,oecd,3473.0,,38554.0,0
GB,United Kingdom,2020,3391.0,3874.0,3017.0,GBP,oecd,3391.0,,35734.0,0
GB,United Kingdom,2021,3657.0,4326.0,3144.0,GBP,oecd,3657.0,,40326.0,0
GB,United Kingdom,2022,3919.0,4127.0,3342.0,GBP,oecd,3919.0,,44665.0,0
GB,United Kingdom,2023,4075.0,4406.0,3544.0,GBP,oecd,4075.0,,46168.0,0
GB,United Kingdom,2024,4395.0,4757.0,3721.0,GBP,oecd,4395.0,,49281.0,0
GB,United Kingdom,2025,4524.0,5112.0,3876.0,GBP,oecd,4524.0,,50976.0,0
BG,Bulgaria,1995,,,9.0,BGN,oecd,,,1730,0
BG,Bulgaria,1996,,,15.0,BGN,oecd,,,1180,0
BG,Bulgaria,1997,,,141.0,BGN,oecd,,,1210,0
BG,Bulgaria,1998,,,224.0,BGN,oecd,,,1630,0
BG,Bulgaria,1999,,,240.0,BGN,oecd,,,1560,0
BG,Bulgaria,2000,138.0,128.0,269.0,BGN,oecd,138.0,138.0,1770,0
BG,Bulgaria,2001,159.0,142.0,309.0,BGN,oecd,159.0,159.0,2010,0
BG,Bulgaria,2002,169.0,160.0,330.0,BGN,oecd,169.0,169.0,2220,0
BG,Bulgaria,2003,179.0,202.0,348.0,BGN,oecd,179.0,179.0,2400,0
BG,Bulgaria,2004,196.0,244.0,383.0,BGN,oecd,196.0,196.0,2710,0
BG,Bulgaria,2005,222.0,276.0,434.0,BGN,oecd,222.0,222.0,3110,0
BG,Bulgaria,2006,232.0,291.0,454.0,BGN,oecd,232.0,232.0,3560,0
BG,Bulgaria,2007,269.0,369.0,526.0,BGN,oecd,269.0,269.0,4240,0
BG,Bulgaria,2008,305.0,449.0,597.0,BGN,oecd,305.0,305.0,4890,0
BG,Bulgaria,2009,337.0,470.0,659.0,BGN,oecd,337.0,337.0,4930,0
BG,Bulgaria,2010,377.0,500.0,737.0,BGN,oecd,377.0,378.0,5080,0
BG,Bulgaria,2011,402.0,560.0,787.0,BGN,oecd,402.0,402.0,5640,0
BG,Bulgaria,2012,435.0,558.0,850.0,BGN,oecd,435.0,435.0,5820,0
BG,Bulgaria,2013,471.0,625.0,920.0,BGN,oecd,471.0,471.0,5870,0
BG,Bulgaria,2014,497.0,660.0,972.0,BGN,oecd,497.0,497.0,6080,0
BG,Bulgaria,2015,526.0,584.0,1029.0,BGN,oecd,526.0,526.0,6560,0
BG,Bulgaria,2016,559.0,619.0,1093.0,BGN,oecd,559.0,558.0,7070,0
BG,Bulgaria,2017,613.0,693.0,1199.0,BGN,oecd,613.0,614.0,7720,0
BG,Bulgaria,2018,672.0,794.0,1314.0,BGN,oecd,672.0,672.0,8340,0
BG,Bulgaria,2019,719.0,805.0,1406.0,BGN,oecd,719.0,718.0,9250,0
BG,Bulgaria,2020,769.0,878.0,1504.0,BGN,oecd,769.0,769.0,9440,0
BG,Bulgaria,2021,858.0,1015.0,1678.0,BGN,oecd,858.0,858.0,10960,0
BG,Bulgaria,2022,982.0,1034.0,1920.0,BGN,oecd,982.0,983.0,13310,0
BG,Bulgaria,2023,1105.0,1195.0,2162.0,BGN,oecd,1105.0,1117.0,14660,0
BG,Bulgaria,2024,1199.0,1298.0,2345.0,BGN,oecd,1199.0,1276.0,16260,0
RO,Romania,1995,,,28.0,RON,oecd,,,1260,0
RO,Romania,1996,,,43.0,RON,oecd,,,1280,0
RO,Romania,1997,,,80.0,RON,oecd,,,1390,0
RO,Romania,1998,,,152.0,RON,oecd,,,1650,0
RO,Romania,1999,124.0,132.0,203.0,RON,oecd,124.0,,1500,0
RO,Romania,2000,178.0,165.0,355.0,RON,oecd,178.0,178.0,1810,0
RO,Romania,2001,221.0,198.0,575.0,RON,oecd,221.0,221.0,2010,0
RO,Romania,2002,216.0,204.0,675.0,RON,oecd,216.0,216.0,2250,0
RO,Romania,2003,228.0,258.0,857.0,RON,oecd,228.0,228.0,2370,0
RO,Romania,2004,249.0,310.0,1011.0,RON,oecd,249.0,250.0,2820,0
RO,Romania,2005,351.0,437.0,1272.0,RON,oecd,351.0,351.0,3720,0
RO,Romania,2006,406.0,510.0,1431.0,RON,oecd,406.0,406.0,4590,0
RO,Romania,2007,450.0,616.0,1500.0,RON,oecd,450.0,449.0,6110,0
RO,Romania,2008,571.0,839.0,2101.0,RON,oecd,571.0,571.0,7140,0
RO,Romania,2009,473.0,660.0,2005.0,RON,oecd,473.0,473.0,6150,0
RO,Romania,2010,505.0,670.0,2129.0,RON,oecd,505.0,505.0,6340,0
RO,Romania,2011,516.0,719.0,2189.0,RON,oecd,516.0,516.0,6880,0
RO,Romania,2012,507.0,651.0,2259.0,RON,oecd,507.0,507.0,6940,0
RO,Romania,2013,532.0,707.0,2352.0,RON,oecd,532.0,532.0,7150,0
RO,Romania,2014,568.0,754.0,2523.0,RON,oecd,568.0,568.0,7560,0
RO,Romania,2015,586.0,650.0,2606.0,RON,oecd,586.0,586.0,8090,0
RO,Romania,2016,666.0,738.0,2992.0,RON,oecd,666.0,666.0,8500,0
RO,Romania,2017,747.0,844.0,3413.0,RON,oecd,747.0,747.0,9510,0
RO,Romania,2018,942.0,1113.0,4386.0,RON,oecd,942.0,942.0,10510,0
RO,Romania,2019,1034.0,1158.0,4907.0,RON,oecd,1034.0,1034.0,11520,0
RO,Romania,2020,1054.0,1204.0,5100.0,RON,oecd,1054.0,1054.0,11390,0
RO,Romania,2021,1101.0,1302.0,5418.0,RON,oecd,1101.0,1101.0,12590,0
RO,Romania,2022,1248.0,1314.0,6152.0,RON,oecd,1248.0,1252.0,14740,0
RO,Romania,2023,1471.0,1590.0,7275.0,RON,oecd,1471.0,1504.0,16870,0
RO,Romania,2024,1645.0,1781.0,8183.0,RON,oecd,1645.0,1755.0,18550,0
HR,Croatia,1995,404.0,,404.0,EUR,oecd,404.0,,3790,0
HR,Croatia,1996,462.0,,462.0,EUR,oecd,462.0,,4210,0
HR,Croatia,1997,536.0,,536.0,EUR,oecd,536.0,,4690,0
HR,Croatia,1998,628.0,,628.0,EUR,oecd,628.0,,5060,0
HR,Croatia,1999,677.0,722.0,677.0,EUR,oecd,677.0,,4920,0
HR,Croatia,2000,738.0,682.0,738.0,EUR,oecd,738.0,728.0,5290,0
HR,Croatia,2001,753.0,675.0,753.0,EUR,oecd,753.0,758.0,6030,0
HR,Croatia,2002,845.0,799.0,845.0,EUR,oecd,845.0,859.0,6680,0
HR,Croatia,2003,914.0,1034.0,914.0,EUR,oecd,914.0,910.0,7200,0
HR,Croatia,2004,956.0,1189.0,956.0,EUR,oecd,956.0,961.0,7850,0
HR,Croatia,2005,1009.0,1255.0,1009.0,EUR,oecd,1009.0,1027.0,8540,0
HR,Croatia,2006,1038.0,1303.0,1038.0,EUR,oecd,1038.0,1068.0,9420,0
HR,Croatia,2007,1093.0,1498.0,1093.0,EUR,oecd,1093.0,1122.0,10300,0
HR,Croatia,2008,1140.0,1677.0,1140.0,EUR,oecd,1140.0,1189.0,11260,0
HR,Croatia,2009,1142.0,1593.0,1142.0,EUR,oecd,1142.0,1172.0,10650,0
HR,Croatia,2010,1166.0,1545.0,1166.0,EUR,oecd,1166.0,1206.0,10700,0
HR,Croatia,2011,1209.0,1683.0,1209.0,EUR,oecd,1209.0,1225.0,10680,0
HR,Croatia,2012,1217.0,1563.0,1217.0,EUR,oecd,1217.0,1210.0,10540,0
HR,Croatia,2013,1207.0,1603.0,1207.0,EUR,oecd,1207.0,1202.0,10590,0
HR,Croatia,2014,1134.0,1506.0,1134.0,EUR,oecd,1134.0,1123.0,10560,0
HR,Croatia,2015,1140.0,1265.0,1140.0,EUR,oecd,1140.0,1136.0,10960,0
HR,Croatia,2016,1154.0,1277.0,1154.0,EUR,oecd,1154.0,1173.0,11610,0
HR,Croatia,2017,1158.0,1308.0,1158.0,EUR,oecd,1158.0,1208.0,12430,0
HR,Croatia,2018,1207.0,1426.0,1207.0,EUR,oecd,1207.0,1289.0,13310,0
HR,Croatia,2019,1215.0,1360.0,1215.0,EUR,oecd,1215.0,1312.0,14130,0
HR,Croatia,2020,1240.0,1416.0,1240.0,EUR,oecd,1240.0,1315.0,12980,0
HR,Croatia,2021,1313.0,1552.0,1313.0,EUR,oecd,1313.0,1393.0,15070,0
HR,Croatia,2022,1463.0,1540.0,1463.0,EUR,oecd,1463.0,1565.0,17540,0
HR,Croatia,2023,1642.0,1776.0,1642.0,EUR,oecd,1642.0,1778.0,20530,0
HR,Croatia,2024,1907.0,2064.0,1907.0,EUR,oecd,1907.0,1929.0,22200,0
CY,Cyprus,2005,1387.0,1726.0,1387.0,EUR,eurostat_earn,,1551.0,20360,0
CY,Cyprus,2006,1482.0,1861.0,1482.0,EUR,eurostat_earn,,1621.0,21660,0
CY,Cyprus,2007,1563.0,2142.0,1563.0,EUR,eurostat_earn,,1634.0,22930,0
CY,Cyprus,2014,1726.0,2293.0,1726.0,EUR,eurostat_earn,,1666.0,20320,0
CY,Cyprus,2017,1766.0,1995.0,1766.0,EUR,eurostat_earn,,1684.0,23230,0
CY,Cyprus,2018,1822.0,2152.0,1822.0,EUR,eurostat_earn,,1720.0,24660,0
CY,Cyprus,2019,1861.0,2083.0,1861.0,EUR,eurostat_earn,,1798.0,26110,0
CY,Cyprus,2020,1870.0,2136.0,1870.0,EUR,eurostat_earn,,1794.0,24630,0
CY,Cyprus,2021,1937.0,2291.0,1937.0,EUR,eurostat_earn,,1778.0,27850,0
CY,Cyprus,2022,2118.0,2230.0,2118.0,EUR,eurostat_earn,,1939.0,31560,0
CY,Cyprus,2023,2290.0,2476.0,2290.0,EUR,eurostat_earn,,2153.0,33870,0
CY,Cyprus,2024,2229.0,2413.0,2229.0,EUR,eurostat_earn,,2223.0,35670,0
CY,Cyprus,2025,2308.0,2608.0,2308.0,EUR,eurostat_earn,,2318.0,36850,0
MT,Malta,2005,1220.0,1518.0,1220.0,EUR,eurostat_earn,,1190.0,12710,0
MT,Malta,2006,1265.0,1588.0,1265.0,EUR,eurostat_earn,,1253.0,13270,0
MT,Malta,2007,1295.0,1775.0,1295.0,EUR,eurostat_earn,,1294.0,14200,0
MT,Malta,2008,1398.0,2056.0,1398.0,EUR,eurostat_earn,,1352.0,15230,0
MT,Malta,2009,1427.0,1990.0,1427.0,EUR,eurostat_earn,,1377.0,15240,0
MT,Malta,2010,1496.0,1983.0,1496.0,EUR,eurostat_earn,,1445.0,16550,0
MT,Malta,2011,1642.0,2286.0,1642.0,EUR,eurostat_earn,,1503.0,16890,0
MT,Malta,2012,1704.0,2189.0,1704.0,EUR,eurostat_earn,,1557.0,17820,0
MT,Malta,2013,1754.0,2330.0,1754.0,EUR,eurostat_earn,,1598.0,19120,0
MT,Malta,2014,1708.0,2269.0,1708.0,EUR,eurostat_earn,,1646.0,20620,0
MT,Malta,2015,1745.0,1936.0,1745.0,EUR,eurostat_earn,,1740.0,23000,0
MT,Malta,2016,1821.0,2016.0,1821.0,EUR,eurostat_earn,,1807.0,23900,0
MT,Malta,2017,1869.0,2111.0,1869.0,EUR,eurostat_earn,,1883.0,26820,0
MT,Malta,2018,1944.0,2296.0,1944.0,EUR,eurostat_earn,,2029.0,28240,0
MT,Malta,2019,2089.0,2339.0,2089.0,EUR,eurostat_earn,,2113.0,28920,0
MT,Malta,2020,2158.0,2465.0,2158.0,EUR,eurostat_earn,,2144.0,27870,0
MT,Malta,2021,1996.0,2361.0,1996.0,EUR,eurostat_earn,,2256.0,32190,0
MT,Malta,2022,2184.0,2300.0,2184.0,EUR,eurostat_earn,,2407.0,33810,0
MT,Malta,2023,2279.0,2464.0,2279.0,EUR,eurostat_earn,,2469.0,37810,0
MT,Malta,2024,2661.0,2880.0,2661.0,EUR,eurostat_earn,,2662.0,40650,0
MT,Malta,2025,2769.0,3129.0,2769.0,EUR,eurostat_earn,,2778.0,42160,0
AL,Albania,2025,884.0,,,EUR,wikipedia (2026 (Q1)),,,9942.0,0
AD,Andorra,2025,2515.0,,,EUR,wikipedia (2024-09),,,48046.0,0
AM,Armenia,2025,679.0,,,EUR,wikipedia (2026-06),,,8384.0,0
AZ,Azerbaijan,2025,588.0,,,EUR,wikipedia (2026-06),,,6558.0,0
BA,Bosnia & Herz.,2025,1359.0,,,EUR,wikipedia (2026-05),,908.0,8467.0,0
GE,Georgia,2025,734.0,,,EUR,wikipedia (2026 (Q1)),,,8577.0,0
KZ,KZ,2025,754.0,,,EUR,wikipedia (2026 (Q1)),,,13146.0,0
XK,Kosovo,2025,713.0,,,EUR,wikipedia (2025),,,6991.0,0
MD,Moldova,2025,783.0,,,EUR,wikipedia (2026 (Q1)),,825.0,7590,0
ME,Montenegro,2025,1234.0,,,EUR,wikipedia (2026-05),,1056.0,13110,0
MK,N. Macedonia,2025,1160.0,,,EUR,wikipedia (2026-05),,,9310,0
SM,San Marino,2025,2629.0,,,EUR,wikipedia (2024-10),,,58003.0,0
RS,Serbia,2025,1425.0,,,EUR,wikipedia (2026-03),,1119.0,13540,0
TR,Turkey,2025,1474.0,,,EUR,wikipedia (2023),,,16470.0,0
DE,Germany,2026,5203.0,,,EUR,projected,,,57791.0,1
DE,Germany,2027,5390.0,,,EUR,projected,,,59836.0,1
DE,Germany,2028,5568.0,,,EUR,projected,,,61775.0,1
DE,Germany,2029,5754.0,,,EUR,projected,,,63795.0,1
DE,Germany,2030,5932.0,,,EUR,projected,,,65721.0,1
DE,Germany,2031,6108.0,,,EUR,projected,,,67635.0,1
PL,Poland,2026,2525.0,,,EUR,projected,,,27731.0,1
PL,Poland,2027,2697.0,,,EUR,projected,,,29021.0,1
PL,Poland,2028,2906.0,,,EUR,projected,,,30643.0,1
PL,Poland,2029,3136.0,,,EUR,projected,,,32412.0,1
PL,Poland,2030,3375.0,,,EUR,projected,,,34207.0,1
PL,Poland,2031,3629.0,,,EUR,projected,,,36087.0,1
RU,Russia,2026,1158.0,,,EUR,projected,,,16394.0,1
RU,Russia,2027,1141.0,,,EUR,projected,,,15674.0,1
RU,Russia,2028,1186.0,,,EUR,projected,,,15827.0,1
RU,Russia,2029,1232.0,,,EUR,projected,,,15977.0,1
RU,Russia,2030,1281.0,,,EUR,projected,,,16163.0,1
RU,Russia,2031,1332.0,,,EUR,projected,,,16358.0,1
BY,Belarus,2026,844.0,,,EUR,projected,,,9988.0,1
BY,Belarus,2027,913.0,,,EUR,projected,,,10567.0,1
BY,Belarus,2028,990.0,,,EUR,projected,,,11202.0,1
BY,Belarus,2029,1081.0,,,EUR,projected,,,11976.0,1
BY,Belarus,2030,1170.0,,,EUR,projected,,,12693.0,1
BY,Belarus,2031,1261.0,,,EUR,projected,,,13397.0,1
UA,Ukraine,2023,478.0,,,EUR,projected,,,4753.0,1
UA,Ukraine,2024,488.0,,,EUR,projected,,,4981.0,1
UA,Ukraine,2025,496.0,,,EUR,projected,,,5191.0,1
UA,Ukraine,2026,576.0,,,EUR,projected,,,6177.0,1
UA,Ukraine,2027,586.0,,,EUR,projected,,,6459.0,1
UA,Ukraine,2028,589.0,,,EUR,projected,,,6667.0,1
UA,Ukraine,2029,591.0,,,EUR,projected,,,6880.0,1
UA,Ukraine,2030,605.0,,,EUR,projected,,,7254.0,1
UA,Ukraine,2031,628.0,,,EUR,projected,,,7749.0,1
AT,Austria,2026,5285.0,,,EUR,projected,,,59967.0,1
AT,Austria,2027,5499.0,,,EUR,projected,,,61829.0,1
AT,Austria,2028,5704.0,,,EUR,projected,,,63546.0,1
AT,Austria,2029,5926.0,,,EUR,projected,,,65425.0,1
AT,Austria,2030,6141.0,,,EUR,projected,,,67198.0,1
AT,Austria,2031,6358.0,,,EUR,projected,,,68955.0,1
BE,Belgium,2026,5499.0,,,EUR,projected,,,57622.0,1
BE,Belgium,2027,5651.0,,,EUR,projected,,,58930.0,1
BE,Belgium,2028,5803.0,,,EUR,projected,,,60222.0,1
BE,Belgium,2029,5984.0,,,EUR,projected,,,61806.0,1
BE,Belgium,2030,6161.0,,,EUR,projected,,,63330.0,1
BE,Belgium,2031,6346.0,,,EUR,projected,,,64918.0,1
EE,Estonia,2026,2552.0,,,EUR,projected,,,33379.0,1
EE,Estonia,2027,2715.0,,,EUR,projected,,,35084.0,1
EE,Estonia,2028,2898.0,,,EUR,projected,,,36991.0,1
EE,Estonia,2029,3079.0,,,EUR,projected,,,38829.0,1
EE,Estonia,2030,3259.0,,,EUR,projected,,,40602.0,1
EE,Estonia,2031,3441.0,,,EUR,projected,,,42369.0,1
FI,Finland,2026,4456.0,,,EUR,projected,,,53213.0,1
FI,Finland,2027,4620.0,,,EUR,projected,,,55204.0,1
FI,Finland,2028,4771.0,,,EUR,projected,,,57035.0,1
FI,Finland,2029,4946.0,,,EUR,projected,,,59147.0,1
FI,Finland,2030,5130.0,,,EUR,projected,,,61381.0,1
FI,Finland,2031,5315.0,,,EUR,projected,,,63624.0,1
FR,France,2026,3878.0,,,EUR,projected,,,46092.0,1
FR,France,2027,3919.0,,,EUR,projected,,,46934.0,1
FR,France,2028,3988.0,,,EUR,projected,,,48124.0,1
FR,France,2029,4064.0,,,EUR,projected,,,49425.0,1
FR,France,2030,4141.0,,,EUR,projected,,,50750.0,1
FR,France,2031,4212.0,,,EUR,projected,,,52034.0,1
GR,Greece,2026,1633.0,,,EUR,projected,,,26280.0,1
GR,Greece,2027,1630.0,,,EUR,projected,,,27404.0,1
GR,Greece,2028,1619.0,,,EUR,projected,,,28478.0,1
GR,Greece,2029,1602.0,,,EUR,projected,,,29570.0,1
GR,Greece,2030,1582.0,,,EUR,projected,,,30712.0,1
GR,Greece,2031,1561.0,,,EUR,projected,,,31949.0,1
IE,Ireland,2026,5985.0,,,EUR,projected,,,124060.0,1
IE,Ireland,2027,6144.0,,,EUR,projected,,,127528.0,1
IE,Ireland,2028,6306.0,,,EUR,projected,,,131050.0,1
IE,Ireland,2029,6444.0,,,EUR,projected,,,134063.0,1
IE,Ireland,2030,6596.0,,,EUR,projected,,,137394.0,1
IE,Ireland,2031,6756.0,,,EUR,projected,,,140899.0,1
IT,Italy,2026,2974.0,,,EUR,projected,,,41156.0,1
IT,Italy,2027,2975.0,,,EUR,projected,,,42226.0,1
IT,Italy,2028,2987.0,,,EUR,projected,,,43519.0,1
IT,Italy,2029,2992.0,,,EUR,projected,,,44773.0,1
IT,Italy,2030,2996.0,,,EUR,projected,,,46079.0,1
IT,Italy,2031,2998.0,,,EUR,projected,,,47425.0,1
LV,Latvia,2026,2245.0,,,EUR,projected,,,25587.0,1
LV,Latvia,2027,2390.0,,,EUR,projected,,,27097.0,1
LV,Latvia,2028,2537.0,,,EUR,projected,,,28615.0,1
LV,Latvia,2029,2683.0,,,EUR,projected,,,30104.0,1
LV,Latvia,2030,2836.0,,,EUR,projected,,,31647.0,1
LV,Latvia,2031,2998.0,,,EUR,projected,,,33280.0,1
LT,Lithuania,2026,2927.0,,,EUR,projected,,,32341.0,1
LT,Lithuania,2027,3074.0,,,EUR,projected,,,33707.0,1
LT,Lithuania,2028,3273.0,,,EUR,projected,,,35625.0,1
LT,Lithuania,2029,3465.0,,,EUR,projected,,,37433.0,1
LT,Lithuania,2030,3687.0,,,EUR,projected,,,39549.0,1
LT,Lithuania,2031,3903.0,,,EUR,projected,,,41554.0,1
LU,Luxembourg,2026,7852.0,,,EUR,projected,,,140474.0,1
LU,Luxembourg,2027,8076.0,,,EUR,projected,,,142781.0,1
LU,Luxembourg,2028,8339.0,,,EUR,projected,,,145701.0,1
LU,Luxembourg,2029,8615.0,,,EUR,projected,,,148799.0,1
LU,Luxembourg,2030,8899.0,,,EUR,projected,,,151948.0,1
LU,Luxembourg,2031,9188.0,,,EUR,projected,,,155118.0,1
NL,Netherlands,2026,5482.0,,,EUR,projected,,,70725.0,1
NL,Netherlands,2027,5596.0,,,EUR,projected,,,72858.0,1
NL,Netherlands,2028,5708.0,,,EUR,projected,,,75001.0,1
NL,Netherlands,2029,5822.0,,,EUR,projected,,,77207.0,1
NL,Netherlands,2030,5929.0,,,EUR,projected,,,79367.0,1
NL,Netherlands,2031,6036.0,,,EUR,projected,,,81573.0,1
PT,Portugal,2026,2338.0,,,EUR,projected,,,31358.0,1
PT,Portugal,2027,2421.0,,,EUR,projected,,,32735.0,1
PT,Portugal,2028,2505.0,,,EUR,projected,,,34154.0,1
PT,Portugal,2029,2589.0,,,EUR,projected,,,35584.0,1
PT,Portugal,2030,2668.0,,,EUR,projected,,,36983.0,1
PT,Portugal,2031,2749.0,,,EUR,projected,,,38415.0,1
SK,Slovakia,2026,1944.0,,,EUR,projected,,,27648.0,1
SK,Slovakia,2027,2035.0,,,EUR,projected,,,29047.0,1
SK,Slovakia,2028,2142.0,,,EUR,projected,,,30666.0,1
SK,Slovakia,2029,2244.0,,,EUR,projected,,,32234.0,1
SK,Slovakia,2030,2339.0,,,EUR,projected,,,33701.0,1
SK,Slovakia,2031,2427.0,,,EUR,projected,,,35088.0,1
SI,Slovenia,2026,3317.0,,,EUR,projected,,,35956.0,1
SI,Slovenia,2027,3431.0,,,EUR,projected,,,37339.0,1
SI,Slovenia,2028,3563.0,,,EUR,projected,,,38929.0,1
SI,Slovenia,2029,3704.0,,,EUR,projected,,,40621.0,1
SI,Slovenia,2030,3849.0,,,EUR,projected,,,42374.0,1
SI,Slovenia,2031,3997.0,,,EUR,projected,,,44176.0,1
ES,Spain,2026,3028.0,,,EUR,projected,,,36782.0,1
ES,Spain,2027,3055.0,,,EUR,projected,,,38061.0,1
ES,Spain,2028,3083.0,,,EUR,projected,,,39419.0,1
ES,Spain,2029,3098.0,,,EUR,projected,,,40681.0,1
ES,Spain,2030,3118.0,,,EUR,projected,,,42070.0,1
ES,Spain,2031,3138.0,,,EUR,projected,,,43545.0,1
CZ,Czechia,2026,2383.0,,,EUR,projected,,,35218.0,1
CZ,Czechia,2027,2502.0,,,EUR,projected,,,36837.0,1
CZ,Czechia,2028,2623.0,,,EUR,projected,,,38470.0,1
CZ,Czechia,2029,2745.0,,,EUR,projected,,,40094.0,1
CZ,Czechia,2030,2870.0,,,EUR,projected,,,41767.0,1
CZ,Czechia,2031,3001.0,,,EUR,projected,,,43504.0,1
DK,Denmark,2026,6458.0,,,EUR,projected,,,73847.0,1
DK,Denmark,2027,6692.0,,,EUR,projected,,,76395.0,1
DK,Denmark,2028,6911.0,,,EUR,projected,,,78756.0,1
DK,Denmark,2029,7149.0,,,EUR,projected,,,81321.0,1
DK,Denmark,2030,7386.0,,,EUR,projected,,,83868.0,1
DK,Denmark,2031,7631.0,,,EUR,projected,,,86497.0,1
HU,Hungary,2026,1857.0,,,EUR,projected,,,25160.0,1
HU,Hungary,2027,1986.0,,,EUR,projected,,,26463.0,1
HU,Hungary,2028,2122.0,,,EUR,projected,,,27816.0,1
HU,Hungary,2029,2272.0,,,EUR,projected,,,29305.0,1
HU,Hungary,2030,2433.0,,,EUR,projected,,,30890.0,1
HU,Hungary,2031,2603.0,,,EUR,projected,,,32538.0,1
IS,Iceland,2026,11003.0,,,EUR,projected,,,97389.0,1
IS,Iceland,2027,11510.0,,,EUR,projected,,,100107.0,1
IS,Iceland,2028,11996.0,,,EUR,projected,,,102562.0,1
IS,Iceland,2029,12520.0,,,EUR,projected,,,105246.0,1
IS,Iceland,2030,13067.0,,,EUR,projected,,,108032.0,1
IS,Iceland,2031,13631.0,,,EUR,projected,,,110872.0,1
NO,Norway,2026,5834.0,,,EUR,projected,,,93698.0,1
NO,Norway,2027,5965.0,,,EUR,projected,,,93721.0,1
NO,Norway,2028,6062.0,,,EUR,projected,,,93206.0,1
NO,Norway,2029,6165.0,,,EUR,projected,,,92819.0,1
NO,Norway,2030,6290.0,,,EUR,projected,,,92760.0,1
NO,Norway,2031,6431.0,,,EUR,projected,,,92944.0,1
SE,Sweden,2026,4475.0,,,EUR,projected,,,62546.0,1
SE,Sweden,2027,4597.0,,,EUR,projected,,,64875.0,1
SE,Sweden,2028,4747.0,,,EUR,projected,,,67654.0,1
SE,Sweden,2029,4876.0,,,EUR,projected,,,70175.0,1
SE,Sweden,2030,5013.0,,,EUR,projected,,,72878.0,1
SE,Sweden,2031,5146.0,,,EUR,projected,,,75567.0,1
CH,Switzerland,2026,9616.0,,,EUR,projected,,,111663.0,1
CH,Switzerland,2027,9945.0,,,EUR,projected,,,115077.0,1
CH,Switzerland,2028,10336.0,,,EUR,projected,,,119187.0,1
CH,Switzerland,2029,10693.0,,,EUR,projected,,,122874.0,1
CH,Switzerland,2030,11130.0,,,EUR,projected,,,127452.0,1
CH,Switzerland,2031,11515.0,,,EUR,projected,,,131403.0,1
GB,United Kingdom,2026,4765.0,,,EUR,projected,,,54033.0,1
GB,United Kingdom,2027,4958.0,,,EUR,projected,,,56376.0,1
GB,United Kingdom,2028,5155.0,,,EUR,projected,,,58779.0,1
GB,United Kingdom,2029,5363.0,,,EUR,projected,,,61318.0,1
GB,United Kingdom,2030,5596.0,,,EUR,projected,,,64161.0,1
GB,United Kingdom,2031,5831.0,,,EUR,projected,,,67046.0,1
BG,Bulgaria,2025,1283.0,,,EUR,projected,,,18060,1
BG,Bulgaria,2026,1460.0,,,EUR,projected,,,21105.0,1
BG,Bulgaria,2027,1533.0,,,EUR,projected,,,22757.0,1
BG,Bulgaria,2028,1616.0,,,EUR,projected,,,24660.0,1
BG,Bulgaria,2029,1670.0,,,EUR,projected,,,26228.0,1
BG,Bulgaria,2030,1732.0,,,EUR,projected,,,28000.0,1
BG,Bulgaria,2031,1786.0,,,EUR,projected,,,29757.0,1
RO,Romania,2025,1711.0,,,EUR,projected,,,19960,1
RO,Romania,2026,1931.0,,,EUR,projected,,,22737.0,1
RO,Romania,2027,2047.0,,,EUR,projected,,,24335.0,1
RO,Romania,2028,2184.0,,,EUR,projected,,,26213.0,1
RO,Romania,2029,2306.0,,,EUR,projected,,,27948.0,1
RO,Romania,2030,2437.0,,,EUR,projected,,,29815.0,1
RO,Romania,2031,2566.0,,,EUR,projected,,,31707.0,1
HR,Croatia,2025,1879.0,,,EUR,projected,,,23950,1
HR,Croatia,2026,2015.0,,,EUR,projected,,,26576.0,1
HR,Croatia,2027,2042.0,,,EUR,projected,,,27895.0,1
HR,Croatia,2028,2053.0,,,EUR,projected,,,29106.0,1
HR,Croatia,2029,2065.0,,,EUR,projected,,,30405.0,1
HR,Croatia,2030,2075.0,,,EUR,projected,,,31791.0,1
HR,Croatia,2031,2081.0,,,EUR,projected,,,33238.0,1
CY,Cyprus,2026,2425.0,,,EUR,projected,,,40185.0,1
CY,Cyprus,2027,2438.0,,,EUR,projected,,,41674.0,1
CY,Cyprus,2028,2476.0,,,EUR,projected,,,43713.0,1
CY,Cyprus,2029,2517.0,,,EUR,projected,,,45926.0,1
CY,Cyprus,2030,2553.0,,,EUR,projected,,,48209.0,1
CY,Cyprus,2031,2586.0,,,EUR,projected,,,50603.0,1
MT,Malta,2026,3131.0,,,EUR,projected,,,47399.0,1
MT,Malta,2027,3290.0,,,EUR,projected,,,49188.0,1
MT,Malta,2028,3462.0,,,EUR,projected,,,51133.0,1
MT,Malta,2029,3653.0,,,EUR,projected,,,53313.0,1
MT,Malta,2030,3860.0,,,EUR,projected,,,55666.0,1
MT,Malta,2031,4083.0,,,EUR,projected,,,58183.0,1
